version 1.00
2371
[0.137817, -0.497136, 1.3114][-0.20342, -0.15627, -0.96654][0.08291, 0.66554, 0][-0.02513, -0.72151, 1.26412][-0.00064, -0.43665, -0.89963][0.06114, 0.69991, 0][0.139669, -0.718655, 1.2471][-0.19590, -0.42758, -0.88250][0.08720, 0.70013, 0][0.137817, -0.497136, 1.3114][-0.20342, -0.15627, -0.96654][0.08291, 0.66554, 0][-0.02682, -0.501042, 1.32868][0.00175, -0.15929, -0.98723][0.05691, 0.66435, 0][-0.02513, -0.72151, 1.26412][-0.00064, -0.43665, -0.89963][0.06114, 0.69991, 0][0.295577, -0.490136, 1.26232][-0.38358, -0.14625, -0.91185][0.10832, 0.66911, 0][0.139669, -0.718655, 1.2471][-0.19590, -0.42758, -0.88250][0.08720, 0.70013, 0][0.297308, -0.710787, 1.19834][-0.37141, -0.40671, -0.83465][0.11312, 0.70277, 0][0.295577, -0.490136, 1.26232][-0.38358, -0.14625, -0.91185][0.10832, 0.66911, 0][0.137817, -0.497136, 1.3114][-0.20342, -0.15627, -0.96654][0.08291, 0.66554, 0][0.139669, -0.718655, 1.2471][-0.19590, -0.42758, -0.88250][0.08720, 0.70013, 0][0.439867, -0.480062, 1.18757][-0.53411, -0.13363, -0.83479][0.13319, 0.67438, 0][0.297308, -0.710787, 1.19834][-0.37141, -0.40671, -0.83465][0.11312, 0.70277, 0][0.44107, -0.697871, 1.12418][-0.52102, -0.37885, -0.76486][0.13852, 0.70712, 0][0.439867, -0.480062, 1.18757][-0.53411, -0.13363, -0.83479][0.13319, 0.67438, 0][0.295577, -0.490136, 1.26232][-0.38358, -0.14625, -0.91185][0.10832, 0.66911, 0][0.297308, -0.710787, 1.19834][-0.37141, -0.40671, -0.83465][0.11312, 0.70277, 0][0.564652, -0.466571, 1.09516][-0.66352, -0.11567, -0.73916][0.15714, 0.68060, 0][0.44107, -0.697871, 1.12418][-0.52102, -0.37885, -0.76486][0.13852, 0.70712, 0][0.565089, -0.680534, 1.03287][-0.65199, -0.34400, -0.67570][0.16279, 0.71250, 0][0.564652, -0.466571, 1.09516][-0.66352, -0.11567, -0.73916][0.15714, 0.68060, 0][0.439867, -0.480062, 1.18757][-0.53411, -0.13363, -0.83479][0.13319, 0.67438, 0][0.44107, -0.697871, 1.12418][-0.52102, -0.37885, -0.76486][0.13852, 0.70712, 0][0.664927, -0.450183, 0.992075][-0.78231, -0.09075, -0.61625][0.17967, 0.68729, 0][0.565089, -0.680534, 1.03287][-0.65199, -0.34400, -0.67570][0.16279, 0.71250, 0][0.664512, -0.659529, 0.931379][-0.77347, -0.29876, -0.55900][0.18533, 0.71841, 0][0.664927, -0.450183, 0.992075][-0.78231, -0.09075, -0.61625][0.17967, 0.68729, 0][0.564652, -0.466571, 1.09516][-0.66352, -0.11567, -0.73916][0.15714, 0.68060, 0][0.565089, -0.680534, 1.03287][-0.65199, -0.34400, -0.67570][0.16279, 0.71250, 0][0.737064, -0.431076, 0.8843][-0.89066, -0.05659, -0.45114][0.20044, 0.69405, 0][0.664512, -0.659529, 0.931379][-0.77347, -0.29876, -0.55900][0.18533, 0.71841, 0][0.735735, -0.635913, 0.825478][-0.88538, -0.23612, -0.40043][0.20577, 0.72455, 0][0.737064, -0.431076, 0.8843][-0.89066, -0.05659, -0.45114][0.20044, 0.69405, 0][0.664927, -0.450183, 0.992075][-0.78231, -0.09075, -0.61625][0.17967, 0.68729, 0][0.664512, -0.659529, 0.931379][-0.77347, -0.29876, -0.55900][0.18533, 0.71841, 0][0.778767, -0.410161, 0.776424][-0.97310, -0.01221, -0.23006][0.21939, 0.70066, 0][0.735735, -0.635913, 0.825478][-0.88538, -0.23612, -0.40043][0.20577, 0.72455, 0][0.776639, -0.610755, 0.719902][-0.97089, -0.14959, -0.18708][0.22407, 0.73065, 0][0.778767, -0.410161, 0.776424][-0.97310, -0.01221, -0.23006][0.21939, 0.70066, 0][0.737064, -0.431076, 0.8843][-0.89066, -0.05659, -0.45114][0.20044, 0.69405, 0][0.735735, -0.635913, 0.825478][-0.88538, -0.23612, -0.40043][0.20577, 0.72455, 0][0.789007, -0.389402, 0.676638][-0.99776, 0.04087, 0.05291][0.23610, 0.70669, 0][0.776639, -0.610755, 0.719902][-0.97089, -0.14959, -0.18708][0.22407, 0.73065, 0][0.786229, -0.585943, 0.622411][-0.99596, -0.03642, 0.08214][0.23999, 0.73627, 0][0.789007, -0.389402, 0.676638][-0.99776, 0.04087, 0.05291][0.23610, 0.70669, 0][0.778767, -0.410161, 0.776424][-0.97310, -0.01221, -0.23006][0.21939, 0.70066, 0][0.776639, -0.610755, 0.719902][-0.97089, -0.14959, -0.18708][0.22407, 0.73065, 0][0.768198, -0.369723, 0.58452][-0.93031, 0.09277, 0.35485][0.25185, 0.71230, 0][0.786229, -0.585943, 0.622411][-0.99596, -0.03642, 0.08214][0.23999, 0.73627, 0][0.764967, -0.562354, 0.532801][-0.92830, 0.08791, 0.36129][0.25491, 0.74150, 0][0.768198, -0.369723, 0.58452][-0.93031, 0.09277, 0.35485][0.25185, 0.71230, 0][0.789007, -0.389402, 0.676638][-0.99776, 0.04087, 0.05291][0.23610, 0.70669, 0][0.786229, -0.585943, 0.622411][-0.99596, -0.03642, 0.08214][0.23999, 0.73627, 0][0.717676, -0.351263, 0.500833][-0.78641, 0.13200, 0.60344][0.26792, 0.71740, 0][0.764967, -0.562354, 0.532801][-0.92830, 0.08791, 0.36129][0.25491, 0.74150, 0][0.714406, -0.540349, 0.451135][-0.78700, 0.19753, 0.58448][0.27036, 0.74629, 0][0.717676, -0.351263, 0.500833][-0.78641, 0.13200, 0.60344][0.26792, 0.71740, 0][0.768198, -0.369723, 0.58452][-0.93031, 0.09277, 0.35485][0.25185, 0.71230, 0][0.764967, -0.562354, 0.532801][-0.92830, 0.08791, 0.36129][0.25491, 0.74150, 0][0.639813, -0.334681, 0.42765][-0.61923, 0.21134, 0.75623][0.28517, 0.72187, 0][0.714406, -0.540349, 0.451135][-0.78700, 0.19753, 0.58448][0.27036, 0.74629, 0][0.63688, -0.520969, 0.378948][-0.64771, 0.30473, 0.69829][0.28730, 0.75056, 0][0.639813, -0.334681, 0.42765][-0.61923, 0.21134, 0.75623][0.28517, 0.72187, 0][0.717676, -0.351263, 0.500833][-0.78641, 0.13200, 0.60344][0.26792, 0.71740, 0][0.714406, -0.540349, 0.451135][-0.78700, 0.19753, 0.58448][0.27036, 0.74629, 0][-0.026381, -0.302382, 1.33531][0.00933, 0.05051, -0.99868][0.06114, 0.63706, 0][0.137817, -0.497136, 1.3114][-0.20342, -0.15627, -0.96654][0.08291, 0.66554, 0][0.134212, -0.298533, 1.31967][-0.21298, 0.05768, -0.97535][0.08608, 0.63904, 0][-0.026381, -0.302382, 1.33531][0.00933, 0.05051, -0.99868][0.06114, 0.63706, 0][-0.02682, -0.501042, 1.32868][0.00175, -0.15929, -0.98723][0.05691, 0.66435, 0][0.137817, -0.497136, 1.3114][-0.20342, -0.15627, -0.96654][0.08291, 0.66554, 0][0.288434, -0.956036, 1.02538][-0.32742, -0.67732, -0.65881][0.13084, 0.74967, 0][0.139669, -0.718655, 1.2471][-0.19590, -0.42758, -0.88250][0.08720, 0.70013, 0][0.137314, -0.969747, 1.0683][-0.16921, -0.70300, -0.69077][0.10612, 0.74909, 0][0.288434, -0.956036, 1.02538][-0.32742, -0.67732, -0.65881][0.13084, 0.74967, 0][0.297308, -0.710787, 1.19834][-0.37141, -0.40671, -0.83465][0.11312, 0.70277, 0][0.139669, -0.718655, 1.2471][-0.19590, -0.42758, -0.88250][0.08720, 0.70013, 0][0.686603, -0.046314, 0.482652][-0.81708, -0.00760, 0.57648][0.27490, 0.67933, 0][0.633356, -0.221908, 0.440661][-0.62448, 0.02157, 0.78074][0.28580, 0.70592, 0][0.613299, -0.042781, 0.407477][-0.65434, -0.09114, 0.75068][0.29285, 0.68520, 0][0.686603, -0.046314, 0.482652][-0.81708, -0.00760, 0.57648][0.27490, 0.67933, 0][0.70977, -0.230396, 0.514905][-0.79876, 0.05369, 0.59925][0.26813, 0.70047, 0][0.633356, -0.221908, 0.440661][-0.62448, 0.02157, 0.78074][0.28580, 0.70592, 0][0.652446, -0.279635, 1.00847][-0.77199, 0.09604, -0.62834][0.17829, 0.66495, 0][0.737064, -0.431076, 0.8843][-0.89066, -0.05659, -0.45114][0.20044, 0.69405, 0][0.724579, -0.270292, 0.901363][-0.87977, 0.10452, -0.46377][0.19878, 0.67278, 0][0.652446, -0.279635, 1.00847][-0.77199, 0.09604, -0.62834][0.17829, 0.66495, 0][0.664927, -0.450183, 0.992075][-0.78231, -0.09075, -0.61625][0.17967, 0.68729, 0][0.737064, -0.431076, 0.8843][-0.89066, -0.05659, -0.45114][0.20044, 0.69405, 0][0.70977, -0.230396, 0.514905][-0.79876, 0.05369, 0.59925][0.26813, 0.70047, 0][0.639813, -0.334681, 0.42765][-0.61923, 0.21134, 0.75623][0.28517, 0.72187, 0][0.633356, -0.221908, 0.440661][-0.62448, 0.02157, 0.78074][0.28580, 0.70592, 0][0.70977, -0.230396, 0.514905][-0.79876, 0.05369, 0.59925][0.26813, 0.70047, 0][0.717676, -0.351263, 0.500833][-0.78641, 0.13200, 0.60344][0.26792, 0.71740, 0][0.639813, -0.334681, 0.42765][-0.61923, 0.21134, 0.75623][0.28517, 0.72187, 0][0.430078, -0.292619, 1.1999][-0.53758, 0.08234, -0.83918][0.13365, 0.64999, 0][0.564652, -0.466571, 1.09516][-0.66352, -0.11567, -0.73916][0.15714, 0.68060, 0][0.553019, -0.287128, 1.10993][-0.65642, 0.08880, -0.74915][0.15647, 0.65723, 0][0.430078, -0.292619, 1.1999][-0.53758, 0.08234, -0.83918][0.13365, 0.64999, 0][0.439867, -0.480062, 1.18757][-0.53411, -0.13363, -0.83479][0.13319, 0.67438, 0][0.564652, -0.466571, 1.09516][-0.66352, -0.11567, -0.73916][0.15714, 0.68060, 0][0.778189, -0.249403, 0.692679][-0.99386, 0.10508, 0.03454][0.23509, 0.68766, 0][0.768198, -0.369723, 0.58452][-0.93031, 0.09277, 0.35485][0.25185, 0.71230, 0][0.758722, -0.239495, 0.599774][-0.93667, 0.08499, 0.33974][0.25145, 0.69430, 0][0.778189, -0.249403, 0.692679][-0.99386, 0.10508, 0.03454][0.23509, 0.68766, 0][0.789007, -0.389402, 0.676638][-0.99776, 0.04087, 0.05291][0.23610, 0.70669, 0][0.768198, -0.369723, 0.58452][-0.93031, 0.09277, 0.35485][0.25185, 0.71230, 0][0.134212, -0.298533, 1.31967][-0.21298, 0.05768, -0.97535][0.08608, 0.63904, 0][0.295577, -0.490136, 1.26232][-0.38358, -0.14625, -0.91185][0.10832, 0.66911, 0][0.288535, -0.29623, 1.27176][-0.39775, 0.07179, -0.91468][0.11016, 0.64374, 0][0.134212, -0.298533, 1.31967][-0.21298, 0.05768, -0.97535][0.08608, 0.63904, 0][0.137817, -0.497136, 1.3114][-0.20342, -0.15627, -0.96654][0.08291, 0.66554, 0][0.295577, -0.490136, 1.26232][-0.38358, -0.14625, -0.91185][0.10832, 0.66911, 0][0.724579, -0.270292, 0.901363][-0.87977, 0.10452, -0.46377][0.19878, 0.67278, 0][0.778767, -0.410161, 0.776424][-0.97310, -0.01221, -0.23006][0.21939, 0.70066, 0][0.766906, -0.259897, 0.793355][-0.96316, 0.10982, -0.24550][0.21788, 0.68051, 0][0.724579, -0.270292, 0.901363][-0.87977, 0.10452, -0.46377][0.19878, 0.67278, 0][0.737064, -0.431076, 0.8843][-0.89066, -0.05659, -0.45114][0.20044, 0.69405, 0][0.778767, -0.410161, 0.776424][-0.97310, -0.01221, -0.23006][0.21939, 0.70066, 0][0.633356, -0.221908, 0.440661][-0.62448, 0.02157, 0.78074][0.28580, 0.70592, 0][0.541066, -0.320662, 0.368864][-0.53276, 0.27401, 0.80068][0.30348, 0.72539, 0][0.553317, -0.215323, 0.391783][-0.53156, 0.00673, 0.84699][0.30095, 0.70947, 0][0.633356, -0.221908, 0.440661][-0.62448, 0.02157, 0.78074][0.28580, 0.70592, 0][0.639813, -0.334681, 0.42765][-0.61923, 0.21134, 0.75623][0.28517, 0.72187, 0][0.541066, -0.320662, 0.368864][-0.53276, 0.27401, 0.80068][0.30348, 0.72539, 0][0.553019, -0.287128, 1.10993][-0.65642, 0.08880, -0.74915][0.15647, 0.65723, 0][0.664927, -0.450183, 0.992075][-0.78231, -0.09075, -0.61625][0.17967, 0.68729, 0][0.652446, -0.279635, 1.00847][-0.77199, 0.09604, -0.62834][0.17829, 0.66495, 0][0.553019, -0.287128, 1.10993][-0.65642, 0.08880, -0.74915][0.15647, 0.65723, 0][0.564652, -0.466571, 1.09516][-0.66352, -0.11567, -0.73916][0.15714, 0.68060, 0][0.664927, -0.450183, 0.992075][-0.78231, -0.09075, -0.61625][0.17967, 0.68729, 0][0.758722, -0.239495, 0.599774][-0.93667, 0.08499, 0.33974][0.25145, 0.69430, 0][0.717676, -0.351263, 0.500833][-0.78641, 0.13200, 0.60344][0.26792, 0.71740, 0][0.70977, -0.230396, 0.514905][-0.79876, 0.05369, 0.59925][0.26813, 0.70047, 0][0.758722, -0.239495, 0.599774][-0.93667, 0.08499, 0.33974][0.25145, 0.69430, 0][0.768198, -0.369723, 0.58452][-0.93031, 0.09277, 0.35485][0.25185, 0.71230, 0][0.717676, -0.351263, 0.500833][-0.78641, 0.13200, 0.60344][0.26792, 0.71740, 0][0.288535, -0.29623, 1.27176][-0.39775, 0.07179, -0.91468][0.11016, 0.64374, 0][0.439867, -0.480062, 1.18757][-0.53411, -0.13363, -0.83479][0.13319, 0.67438, 0][0.430078, -0.292619, 1.1999][-0.53758, 0.08234, -0.83918][0.13365, 0.64999, 0][0.288535, -0.29623, 1.27176][-0.39775, 0.07179, -0.91468][0.11016, 0.64374, 0][0.295577, -0.490136, 1.26232][-0.38358, -0.14625, -0.91185][0.10832, 0.66911, 0][0.439867, -0.480062, 1.18757][-0.53411, -0.13363, -0.83479][0.13319, 0.67438, 0][0.766906, -0.259897, 0.793355][-0.96316, 0.10982, -0.24550][0.21788, 0.68051, 0][0.789007, -0.389402, 0.676638][-0.99776, 0.04087, 0.05291][0.23610, 0.70669, 0][0.778189, -0.249403, 0.692679][-0.99386, 0.10508, 0.03454][0.23509, 0.68766, 0][0.766906, -0.259897, 0.793355][-0.96316, 0.10982, -0.24550][0.21788, 0.68051, 0][0.778767, -0.410161, 0.776424][-0.97310, -0.01221, -0.23006][0.21939, 0.70066, 0][0.789007, -0.389402, 0.676638][-0.99776, 0.04087, 0.05291][0.23610, 0.70669, 0][0.412248, -0.051342, 1.15627][-0.54378, 0.21817, -0.81037][0.14154, 0.62342, 0][0.553019, -0.287128, 1.10993][-0.65642, 0.08880, -0.74915][0.15647, 0.65723, 0][0.530202, -0.053991, 1.06826][-0.65395, 0.22385, -0.72267][0.16318, 0.63175, 0][0.412248, -0.051342, 1.15627][-0.54378, 0.21817, -0.81037][0.14154, 0.62342, 0][0.430078, -0.292619, 1.1999][-0.53758, 0.08234, -0.83918][0.13365, 0.64999, 0][0.553019, -0.287128, 1.10993][-0.65642, 0.08880, -0.74915][0.15647, 0.65723, 0][0.613299, -0.042781, 0.407477][-0.65434, -0.09114, 0.75068][0.29285, 0.68520, 0][0.553317, -0.215323, 0.391783][-0.53156, 0.00673, 0.84699][0.30095, 0.70947, 0][0.537603, -0.039224, 0.358622][-0.56886, -0.13045, 0.81202][0.30764, 0.68899, 0][0.613299, -0.042781, 0.407477][-0.65434, -0.09114, 0.75068][0.29285, 0.68520, 0][0.633356, -0.221908, 0.440661][-0.62448, 0.02157, 0.78074][0.28580, 0.70592, 0][0.553317, -0.215323, 0.391783][-0.53156, 0.00673, 0.84699][0.30095, 0.70947, 0][0.530202, -0.053991, 1.06826][-0.65395, 0.22385, -0.72267][0.16318, 0.63175, 0][0.652446, -0.279635, 1.00847][-0.77199, 0.09604, -0.62834][0.17829, 0.66495, 0][0.626155, -0.055585, 0.971345][-0.76035, 0.22237, -0.61025][0.18391, 0.64031, 0][0.530202, -0.053991, 1.06826][-0.65395, 0.22385, -0.72267][0.16318, 0.63175, 0][0.553019, -0.287128, 1.10993][-0.65642, 0.08880, -0.74915][0.15647, 0.65723, 0][0.652446, -0.279635, 1.00847][-0.77199, 0.09604, -0.62834][0.17829, 0.66495, 0][0.626155, -0.055585, 0.971345][-0.76035, 0.22237, -0.61025][0.18391, 0.64031, 0][0.724579, -0.270292, 0.901363][-0.87977, 0.10452, -0.46377][0.19878, 0.67278, 0][0.696388, -0.055531, 0.86738][-0.86673, 0.21403, -0.45053][0.20392, 0.64899, 0][0.626155, -0.055585, 0.971345][-0.76035, 0.22237, -0.61025][0.18391, 0.64031, 0][0.652446, -0.279635, 1.00847][-0.77199, 0.09604, -0.62834][0.17829, 0.66495, 0][0.724579, -0.270292, 0.901363][-0.87977, 0.10452, -0.46377][0.19878, 0.67278, 0][0.696388, -0.055531, 0.86738][-0.86673, 0.21403, -0.45053][0.20392, 0.64899, 0][0.766906, -0.259897, 0.793355][-0.96316, 0.10982, -0.24550][0.21788, 0.68051, 0][0.73831, -0.053784, 0.761399][-0.95133, 0.19300, -0.24025][0.22306, 0.65746, 0][0.696388, -0.055531, 0.86738][-0.86673, 0.21403, -0.45053][0.20392, 0.64899, 0][0.724579, -0.270292, 0.901363][-0.87977, 0.10452, -0.46377][0.19878, 0.67278, 0][0.766906, -0.259897, 0.793355][-0.96316, 0.10982, -0.24550][0.21788, 0.68051, 0][0.73831, -0.053784, 0.761399][-0.95133, 0.19300, -0.24025][0.22306, 0.65746, 0][0.778189, -0.249403, 0.692679][-0.99386, 0.10508, 0.03454][0.23509, 0.68766, 0][0.750525, -0.051166, 0.660626][-0.98851, 0.14860, 0.02775][0.24085, 0.66535, 0][0.73831, -0.053784, 0.761399][-0.95133, 0.19300, -0.24025][0.22306, 0.65746, 0][0.766906, -0.259897, 0.793355][-0.96316, 0.10982, -0.24550][0.21788, 0.68051, 0][0.778189, -0.249403, 0.692679][-0.99386, 0.10508, 0.03454][0.23509, 0.68766, 0][-0.023066, -0.048603, 1.30141][0.01063, 0.16799, -0.98573][0.07364, 0.60647, 0][0.134212, -0.298533, 1.31967][-0.21298, 0.05768, -0.97535][0.08608, 0.63904, 0][0.129859, -0.046702, 1.28448][-0.22869, 0.18237, -0.95626][0.09673, 0.60955, 0][-0.023066, -0.048603, 1.30141][0.01063, 0.16799, -0.98573][0.07364, 0.60647, 0][-0.026381, -0.302382, 1.33531][0.00933, 0.05051, -0.99868][0.06114, 0.63706, 0][0.134212, -0.298533, 1.31967][-0.21298, 0.05768, -0.97535][0.08608, 0.63904, 0][0.750525, -0.051166, 0.660626][-0.98851, 0.14860, 0.02775][0.24085, 0.66535, 0][0.758722, -0.239495, 0.599774][-0.93667, 0.08499, 0.33974][0.25145, 0.69430, 0][0.732993, -0.04887, 0.567867][-0.94350, 0.07732, 0.32223][0.25776, 0.67263, 0][0.750525, -0.051166, 0.660626][-0.98851, 0.14860, 0.02775][0.24085, 0.66535, 0][0.778189, -0.249403, 0.692679][-0.99386, 0.10508, 0.03454][0.23509, 0.68766, 0][0.758722, -0.239495, 0.599774][-0.93667, 0.08499, 0.33974][0.25145, 0.69430, 0][0.129859, -0.046702, 1.28448][-0.22869, 0.18237, -0.95626][0.09673, 0.60955, 0][0.288535, -0.29623, 1.27176][-0.39775, 0.07179, -0.91468][0.11016, 0.64374, 0][0.276988, -0.04857, 1.23217][-0.40773, 0.20224, -0.89042][0.11918, 0.61567, 0][0.129859, -0.046702, 1.28448][-0.22869, 0.18237, -0.95626][0.09673, 0.60955, 0][0.134212, -0.298533, 1.31967][-0.21298, 0.05768, -0.97535][0.08608, 0.63904, 0][0.288535, -0.29623, 1.27176][-0.39775, 0.07179, -0.91468][0.11016, 0.64374, 0][0.732993, -0.04887, 0.567867][-0.94350, 0.07732, 0.32223][0.25776, 0.67263, 0][0.70977, -0.230396, 0.514905][-0.79876, 0.05369, 0.59925][0.26813, 0.70047, 0][0.686603, -0.046314, 0.482652][-0.81708, -0.00760, 0.57648][0.27490, 0.67933, 0][0.732993, -0.04887, 0.567867][-0.94350, 0.07732, 0.32223][0.25776, 0.67263, 0][0.758722, -0.239495, 0.599774][-0.93667, 0.08499, 0.33974][0.25145, 0.69430, 0][0.70977, -0.230396, 0.514905][-0.79876, 0.05369, 0.59925][0.26813, 0.70047, 0][0.276988, -0.04857, 1.23217][-0.40773, 0.20224, -0.89042][0.11918, 0.61567, 0][0.430078, -0.292619, 1.1999][-0.53758, 0.08234, -0.83918][0.13365, 0.64999, 0][0.412248, -0.051342, 1.15627][-0.54378, 0.21817, -0.81037][0.14154, 0.62342, 0][0.276988, -0.04857, 1.23217][-0.40773, 0.20224, -0.89042][0.11918, 0.61567, 0][0.288535, -0.29623, 1.27176][-0.39775, 0.07179, -0.91468][0.11016, 0.64374, 0][0.430078, -0.292619, 1.1999][-0.53758, 0.08234, -0.83918][0.13365, 0.64999, 0][-0.012381, 0.547674, 1.1319][-0.00773, 0.46499, -0.88528][0.12429, 0.54476, 0][0.125021, 0.221235, 1.22887][-0.24603, 0.27078, -0.93067][0.11329, 0.58029, 0][0.123907, 0.543948, 1.11367][-0.27019, 0.45056, -0.85088][0.14143, 0.55049, 0][-0.012381, 0.547674, 1.1319][-0.00773, 0.46499, -0.88528][0.12429, 0.54476, 0][-0.017924, 0.222885, 1.24917][0.00500, 0.26972, -0.96293][0.09294, 0.57582, 0][0.125021, 0.221235, 1.22887][-0.24603, 0.27078, -0.93067][0.11329, 0.58029, 0][0.590848, 0.186645, 0.917215][-0.77339, 0.28502, -0.56624][0.19202, 0.61477, 0][0.696388, -0.055531, 0.86738][-0.86673, 0.21403, -0.45053][0.20392, 0.64899, 0][0.657946, 0.178263, 0.818152][-0.86914, 0.27250, -0.41273][0.21076, 0.62404, 0][0.590848, 0.186645, 0.917215][-0.77339, 0.28502, -0.56624][0.19202, 0.61477, 0][0.626155, -0.055585, 0.971345][-0.76035, 0.22237, -0.61025][0.18391, 0.64031, 0][0.696388, -0.055531, 0.86738][-0.86673, 0.21403, -0.45053][0.20392, 0.64899, 0][0.657946, 0.178263, 0.818152][-0.86914, 0.27250, -0.41273][0.21076, 0.62404, 0][0.73831, -0.053784, 0.761399][-0.95133, 0.19300, -0.24025][0.22306, 0.65746, 0][0.698776, 0.17181, 0.716038][-0.94601, 0.24154, -0.21615][0.22920, 0.63305, 0][0.657946, 0.178263, 0.818152][-0.86914, 0.27250, -0.41273][0.21076, 0.62404, 0][0.696388, -0.055531, 0.86738][-0.86673, 0.21403, -0.45053][0.20392, 0.64899, 0][0.73831, -0.053784, 0.761399][-0.95133, 0.19300, -0.24025][0.22306, 0.65746, 0][0.698776, 0.17181, 0.716038][-0.94601, 0.24154, -0.21615][0.22920, 0.63305, 0][0.750525, -0.051166, 0.660626][-0.98851, 0.14860, 0.02775][0.24085, 0.66535, 0][0.711937, 0.166606, 0.615696][-0.98311, 0.18116, 0.02592][0.24721, 0.64162, 0][0.698776, 0.17181, 0.716038][-0.94601, 0.24154, -0.21615][0.22920, 0.63305, 0][0.73831, -0.053784, 0.761399][-0.95133, 0.19300, -0.24025][0.22306, 0.65746, 0][0.750525, -0.051166, 0.660626][-0.98851, 0.14860, 0.02775][0.24085, 0.66535, 0][-0.017924, 0.222885, 1.24917][0.00500, 0.26972, -0.96293][0.09294, 0.57582, 0][0.129859, -0.046702, 1.28448][-0.22869, 0.18237, -0.95626][0.09673, 0.60955, 0][0.125021, 0.221235, 1.22887][-0.24603, 0.27078, -0.93067][0.11329, 0.58029, 0][-0.017924, 0.222885, 1.24917][0.00500, 0.26972, -0.96293][0.09294, 0.57582, 0][-0.023066, -0.048603, 1.30141][0.01063, 0.16799, -0.98573][0.07364, 0.60647, 0][0.129859, -0.046702, 1.28448][-0.22869, 0.18237, -0.95626][0.09673, 0.60955, 0][0.711937, 0.166606, 0.615696][-0.98311, 0.18116, 0.02592][0.24721, 0.64162, 0][0.732993, -0.04887, 0.567867][-0.94350, 0.07732, 0.32223][0.25776, 0.67263, 0][0.696679, 0.16266, 0.52369][-0.95319, 0.08699, 0.28960][0.26439, 0.64932, 0][0.711937, 0.166606, 0.615696][-0.98311, 0.18116, 0.02592][0.24721, 0.64162, 0][0.750525, -0.051166, 0.660626][-0.98851, 0.14860, 0.02775][0.24085, 0.66535, 0][0.732993, -0.04887, 0.567867][-0.94350, 0.07732, 0.32223][0.25776, 0.67263, 0][0.125021, 0.221235, 1.22887][-0.24603, 0.27078, -0.93067][0.11329, 0.58029, 0][0.276988, -0.04857, 1.23217][-0.40773, 0.20224, -0.89042][0.11918, 0.61567, 0][0.262459, 0.215115, 1.17485][-0.43228, 0.27256, -0.85956][0.13302, 0.58741, 0][0.125021, 0.221235, 1.22887][-0.24603, 0.27078, -0.93067][0.11329, 0.58029, 0][0.129859, -0.046702, 1.28448][-0.22869, 0.18237, -0.95626][0.09673, 0.60955, 0][0.276988, -0.04857, 1.23217][-0.40773, 0.20224, -0.89042][0.11918, 0.61567, 0][0.696679, 0.16266, 0.52369][-0.95319, 0.08699, 0.28960][0.26439, 0.64932, 0][0.686603, -0.046314, 0.482652][-0.81708, -0.00760, 0.57648][0.27490, 0.67933, 0][0.65377, 0.160303, 0.437362][-0.84915, -0.02805, 0.52741][0.28206, 0.65639, 0][0.696679, 0.16266, 0.52369][-0.95319, 0.08699, 0.28960][0.26439, 0.64932, 0][0.732993, -0.04887, 0.567867][-0.94350, 0.07732, 0.32223][0.25776, 0.67263, 0][0.686603, -0.046314, 0.482652][-0.81708, -0.00760, 0.57648][0.27490, 0.67933, 0][0.262459, 0.215115, 1.17485][-0.43228, 0.27256, -0.85956][0.13302, 0.58741, 0][0.412248, -0.051342, 1.15627][-0.54378, 0.21817, -0.81037][0.14154, 0.62342, 0][0.389094, 0.206192, 1.09822][-0.56195, 0.27986, -0.77839][0.15308, 0.59616, 0][0.262459, 0.215115, 1.17485][-0.43228, 0.27256, -0.85956][0.13302, 0.58741, 0][0.276988, -0.04857, 1.23217][-0.40773, 0.20224, -0.89042][0.11918, 0.61567, 0][0.412248, -0.051342, 1.15627][-0.54378, 0.21817, -0.81037][0.14154, 0.62342, 0][0.65377, 0.160303, 0.437362][-0.84915, -0.02805, 0.52741][0.28206, 0.65639, 0][0.613299, -0.042781, 0.407477][-0.65434, -0.09114, 0.75068][0.29285, 0.68520, 0][0.584955, 0.159884, 0.359452][-0.70368, -0.14196, 0.69619][0.30048, 0.66262, 0][0.65377, 0.160303, 0.437362][-0.84915, -0.02805, 0.52741][0.28206, 0.65639, 0][0.686603, -0.046314, 0.482652][-0.81708, -0.00760, 0.57648][0.27490, 0.67933, 0][0.613299, -0.042781, 0.407477][-0.65434, -0.09114, 0.75068][0.29285, 0.68520, 0][0.389094, 0.206192, 1.09822][-0.56195, 0.27986, -0.77839][0.15308, 0.59616, 0][0.530202, -0.053991, 1.06826][-0.65395, 0.22385, -0.72267][0.16318, 0.63175, 0][0.500023, 0.196356, 1.01][-0.66830, 0.28653, -0.68650][0.17297, 0.60549, 0][0.389094, 0.206192, 1.09822][-0.56195, 0.27986, -0.77839][0.15308, 0.59616, 0][0.412248, -0.051342, 1.15627][-0.54378, 0.21817, -0.81037][0.14154, 0.62342, 0][0.530202, -0.053991, 1.06826][-0.65395, 0.22385, -0.72267][0.16318, 0.63175, 0][0.584955, 0.159884, 0.359452][-0.70368, -0.14196, 0.69619][0.30048, 0.66262, 0][0.50567, 0.050684, 0.319689][-0.56510, -0.16173, 0.80902][0.31599, 0.68034, 0][0.492761, 0.161087, 0.288602][-0.57394, -0.21506, 0.79015][0.32038, 0.66825, 0][0.584955, 0.159884, 0.359452][-0.70368, -0.14196, 0.69619][0.30048, 0.66262, 0][0.537603, -0.039224, 0.358622][-0.56886, -0.13045, 0.81202][0.30764, 0.68899, 0][0.50567, 0.050684, 0.319689][-0.56510, -0.16173, 0.80902][0.31599, 0.68034, 0][0.584955, 0.159884, 0.359452][-0.70368, -0.14196, 0.69619][0.30048, 0.66262, 0][0.613299, -0.042781, 0.407477][-0.65434, -0.09114, 0.75068][0.29285, 0.68520, 0][0.537603, -0.039224, 0.358622][-0.56886, -0.13045, 0.81202][0.30764, 0.68899, 0][0.500023, 0.196356, 1.01][-0.66830, 0.28653, -0.68650][0.17297, 0.60549, 0][0.626155, -0.055585, 0.971345][-0.76035, 0.22237, -0.61025][0.18391, 0.64031, 0][0.590848, 0.186645, 0.917215][-0.77339, 0.28502, -0.56624][0.19202, 0.61477, 0][0.500023, 0.196356, 1.01][-0.66830, 0.28653, -0.68650][0.17297, 0.60549, 0][0.530202, -0.053991, 1.06826][-0.65395, 0.22385, -0.72267][0.16318, 0.63175, 0][0.626155, -0.055585, 0.971345][-0.76035, 0.22237, -0.61025][0.18391, 0.64031, 0][0.411243, 0.747728, 0.738455][-0.70268, 0.53422, -0.46994][0.21658, 0.55951, 0][0.542782, 0.475262, 0.820736][-0.78742, 0.40571, -0.46408][0.20709, 0.58723, 0][0.478939, 0.722728, 0.652292][-0.77953, 0.50877, -0.36535][0.23290, 0.56971, 0][0.411243, 0.747728, 0.738455][-0.70268, 0.53422, -0.46994][0.21658, 0.55951, 0][0.460539, 0.494616, 0.911525][-0.69666, 0.41491, -0.58525][0.18996, 0.57710, 0][0.542782, 0.475262, 0.820736][-0.78742, 0.40571, -0.46408][0.20709, 0.58723, 0][0.654168, 0.437107, 0.516708][-0.96687, 0.25214, 0.03981][0.26139, 0.61585, 0][0.696679, 0.16266, 0.52369][-0.95319, 0.08699, 0.28960][0.26439, 0.64932, 0][0.640938, 0.429536, 0.420187][-0.95409, 0.13097, 0.26935][0.27935, 0.62402, 0][0.654168, 0.437107, 0.516708][-0.96687, 0.25214, 0.03981][0.26139, 0.61585, 0][0.711937, 0.166606, 0.615696][-0.98311, 0.18116, 0.02592][0.24721, 0.64162, 0][0.696679, 0.16266, 0.52369][-0.95319, 0.08699, 0.28960][0.26439, 0.64932, 0][0.123907, 0.543948, 1.11367][-0.27019, 0.45056, -0.85088][0.14143, 0.55049, 0][0.262459, 0.215115, 1.17485][-0.43228, 0.27256, -0.85956][0.13302, 0.58741, 0][0.247137, 0.53223, 1.06526][-0.47254, 0.42903, -0.76983][0.15689, 0.55796, 0][0.123907, 0.543948, 1.11367][-0.27019, 0.45056, -0.85088][0.14143, 0.55049, 0][0.125021, 0.221235, 1.22887][-0.24603, 0.27078, -0.93067][0.11329, 0.58029, 0][0.262459, 0.215115, 1.17485][-0.43228, 0.27256, -0.85956][0.13302, 0.58741, 0][0.640938, 0.429536, 0.420187][-0.95409, 0.13097, 0.26935][0.27935, 0.62402, 0][0.65377, 0.160303, 0.437362][-0.84915, -0.02805, 0.52741][0.28206, 0.65639, 0][0.602437, 0.424537, 0.32816][-0.87241, -0.01277, 0.48861][0.29779, 0.63145, 0][0.640938, 0.429536, 0.420187][-0.95409, 0.13097, 0.26935][0.27935, 0.62402, 0][0.696679, 0.16266, 0.52369][-0.95319, 0.08699, 0.28960][0.26439, 0.64932, 0][0.65377, 0.160303, 0.437362][-0.84915, -0.02805, 0.52741][0.28206, 0.65639, 0][0.247137, 0.53223, 1.06526][-0.47254, 0.42903, -0.76983][0.15689, 0.55796, 0][0.389094, 0.206192, 1.09822][-0.56195, 0.27986, -0.77839][0.15308, 0.59616, 0][0.360828, 0.514712, 0.994161][-0.59801, 0.41831, -0.68367][0.17320, 0.56716, 0][0.247137, 0.53223, 1.06526][-0.47254, 0.42903, -0.76983][0.15689, 0.55796, 0][0.262459, 0.215115, 1.17485][-0.43228, 0.27256, -0.85956][0.13302, 0.58741, 0][0.389094, 0.206192, 1.09822][-0.56195, 0.27986, -0.77839][0.15308, 0.59616, 0][0.602437, 0.424537, 0.32816][-0.87241, -0.01277, 0.48861][0.29779, 0.63145, 0][0.584955, 0.159884, 0.359452][-0.70368, -0.14196, 0.69619][0.30048, 0.66262, 0][0.540156, 0.421598, 0.245316][-0.73458, -0.14808, 0.66217][0.31643, 0.63793, 0][0.602437, 0.424537, 0.32816][-0.87241, -0.01277, 0.48861][0.29779, 0.63145, 0][0.65377, 0.160303, 0.437362][-0.84915, -0.02805, 0.52741][0.28206, 0.65639, 0][0.584955, 0.159884, 0.359452][-0.70368, -0.14196, 0.69619][0.30048, 0.66262, 0][0.360828, 0.514712, 0.994161][-0.59801, 0.41831, -0.68367][0.17320, 0.56716, 0][0.500023, 0.196356, 1.01][-0.66830, 0.28653, -0.68650][0.17297, 0.60549, 0][0.460539, 0.494616, 0.911525][-0.69666, 0.41491, -0.58525][0.18996, 0.57710, 0][0.360828, 0.514712, 0.994161][-0.59801, 0.41831, -0.68367][0.17320, 0.56716, 0][0.389094, 0.206192, 1.09822][-0.56195, 0.27986, -0.77839][0.15308, 0.59616, 0][0.500023, 0.196356, 1.01][-0.66830, 0.28653, -0.68650][0.17297, 0.60549, 0][0.540156, 0.421598, 0.245316][-0.73458, -0.14808, 0.66217][0.31643, 0.63793, 0][0.492761, 0.161087, 0.288602][-0.57394, -0.21506, 0.79015][0.32038, 0.66825, 0][0.45648, 0.420255, 0.170875][-0.55947, -0.25737, 0.78788][0.33581, 0.64365, 0][0.540156, 0.421598, 0.245316][-0.73458, -0.14808, 0.66217][0.31643, 0.63793, 0][0.584955, 0.159884, 0.359452][-0.70368, -0.14196, 0.69619][0.30048, 0.66262, 0][0.492761, 0.161087, 0.288602][-0.57394, -0.21506, 0.79015][0.32038, 0.66825, 0][0.460539, 0.494616, 0.911525][-0.69666, 0.41491, -0.58525][0.18996, 0.57710, 0][0.590848, 0.186645, 0.917215][-0.77339, 0.28502, -0.56624][0.19202, 0.61477, 0][0.542782, 0.475262, 0.820736][-0.78742, 0.40571, -0.46408][0.20709, 0.58723, 0][0.460539, 0.494616, 0.911525][-0.69666, 0.41491, -0.58525][0.18996, 0.57710, 0][0.500023, 0.196356, 1.01][-0.66830, 0.28653, -0.68650][0.17297, 0.60549, 0][0.590848, 0.186645, 0.917215][-0.77339, 0.28502, -0.56624][0.19202, 0.61477, 0][0.354696, 0.420038, 0.104168][-0.44596, -0.27404, 0.85207][0.59778, 0.63255, 0][0.45648, 0.420255, 0.170875][-0.55947, -0.25737, 0.78788][0.55913, 0.63297, 0][0.378251, 0.189137, 0.205817][-0.48269, -0.30568, 0.82071][0.57435, 0.55621, 0][0.542782, 0.475262, 0.820736][-0.78742, 0.40571, -0.46408][0.20709, 0.58723, 0][0.657946, 0.178263, 0.818152][-0.86914, 0.27250, -0.41273][0.21076, 0.62404, 0][0.604104, 0.459127, 0.722489][-0.86255, 0.38324, -0.33035][0.22480, 0.59721, 0][0.542782, 0.475262, 0.820736][-0.78742, 0.40571, -0.46408][0.20709, 0.58723, 0][0.590848, 0.186645, 0.917215][-0.77339, 0.28502, -0.56624][0.19202, 0.61477, 0][0.657946, 0.178263, 0.818152][-0.86914, 0.27250, -0.41273][0.21076, 0.62404, 0][0.604104, 0.459127, 0.722489][-0.86255, 0.38324, -0.33035][0.22480, 0.59721, 0][0.698776, 0.17181, 0.716038][-0.94601, 0.24154, -0.21615][0.22920, 0.63305, 0][0.641775, 0.446877, 0.619976][-0.92733, 0.33575, -0.16533][0.24294, 0.60676, 0][0.604104, 0.459127, 0.722489][-0.86255, 0.38324, -0.33035][0.22480, 0.59721, 0][0.657946, 0.178263, 0.818152][-0.86914, 0.27250, -0.41273][0.21076, 0.62404, 0][0.698776, 0.17181, 0.716038][-0.94601, 0.24154, -0.21615][0.22920, 0.63305, 0][0.641775, 0.446877, 0.619976][-0.92733, 0.33575, -0.16533][0.24294, 0.60676, 0][0.711937, 0.166606, 0.615696][-0.98311, 0.18116, 0.02592][0.24721, 0.64162, 0][0.654168, 0.437107, 0.516708][-0.96687, 0.25214, 0.03981][0.26139, 0.61585, 0][0.641775, 0.446877, 0.619976][-0.92733, 0.33575, -0.16533][0.24294, 0.60676, 0][0.698776, 0.17181, 0.716038][-0.94601, 0.24154, -0.21615][0.22920, 0.63305, 0][0.711937, 0.166606, 0.615696][-0.98311, 0.18116, 0.02592][0.24721, 0.64162, 0][0.47892, 0.869738, 0.264506][-0.91260, 0.39190, 0.11652][0.30146, 0.58093, 0][0.560168, 0.658345, 0.289182][-0.92888, 0.22822, 0.29173][0.30003, 0.60555, 0][0.471225, 0.846159, 0.193544][-0.89611, 0.30959, 0.31802][0.31576, 0.58911, 0][0.47892, 0.869738, 0.264506][-0.91260, 0.39190, 0.11652][0.30146, 0.58093, 0][0.57101, 0.67043, 0.374464][-0.93640, 0.34120, 0.08207][0.28383, 0.59777, 0][0.560168, 0.658345, 0.289182][-0.92888, 0.22822, 0.29173][0.30003, 0.60555, 0][0.405963, 0.634703, 0.074196][-0.58167, -0.13882, 0.80149][0.34893, 0.62383, 0][0.354696, 0.420038, 0.104168][-0.44596, -0.27404, 0.85207][0.35623, 0.64875, 0][0.320289, 0.63005, 0.025051][-0.42223, -0.19618, 0.88501][0.36527, 0.62791, 0][0.405963, 0.634703, 0.074196][-0.58167, -0.13882, 0.80149][0.34893, 0.62383, 0][0.45648, 0.420255, 0.170875][-0.55947, -0.25737, 0.78788][0.33581, 0.64365, 0][0.354696, 0.420038, 0.104168][-0.44596, -0.27404, 0.85207][0.35623, 0.64875, 0][0.478939, 0.722728, 0.652292][-0.77953, 0.50877, -0.36535][0.23290, 0.56971, 0][0.604104, 0.459127, 0.722489][-0.86255, 0.38324, -0.33035][0.22480, 0.59721, 0][0.529436, 0.700988, 0.560681][-0.84421, 0.47533, -0.24774][0.24980, 0.57970, 0][0.478939, 0.722728, 0.652292][-0.77953, 0.50877, -0.36535][0.23290, 0.56971, 0][0.542782, 0.475262, 0.820736][-0.78742, 0.40571, -0.46408][0.20709, 0.58723, 0][0.604104, 0.459127, 0.722489][-0.86255, 0.38324, -0.33035][0.22480, 0.59721, 0][0.320289, 0.63005, 0.025051][-0.42223, -0.19618, 0.88501][0.36527, 0.62791, 0][0.238768, 0.420117, 0.048451][-0.31378, -0.27587, 0.90854][0.37718, 0.65310, 0][0.222464, 0.626996, -0.011952][-0.27265, -0.21374, 0.93807][0.38202, 0.63099, 0][0.320289, 0.63005, 0.025051][-0.42223, -0.19618, 0.88501][0.36527, 0.62791, 0][0.354696, 0.420038, 0.104168][-0.44596, -0.27404, 0.85207][0.35623, 0.64875, 0][0.238768, 0.420117, 0.048451][-0.31378, -0.27587, 0.90854][0.37718, 0.65310, 0][0.529436, 0.700988, 0.560681][-0.84421, 0.47533, -0.24774][0.24980, 0.57970, 0][0.641775, 0.446877, 0.619976][-0.92733, 0.33575, -0.16533][0.24294, 0.60676, 0][0.5606, 0.683944, 0.467429][-0.90024, 0.42325, -0.10216][0.26679, 0.58906, 0][0.529436, 0.700988, 0.560681][-0.84421, 0.47533, -0.24774][0.24980, 0.57970, 0][0.604104, 0.459127, 0.722489][-0.86255, 0.38324, -0.33035][0.22480, 0.59721, 0][0.641775, 0.446877, 0.619976][-0.92733, 0.33575, -0.16533][0.24294, 0.60676, 0][0.222464, 0.626996, -0.011952][-0.27265, -0.21374, 0.93807][0.38202, 0.63099, 0][0.113283, 0.420636, 0.009775][-0.16874, -0.26256, 0.95005][0.39798, 0.65626, 0][0.116402, 0.625242, -0.035132][-0.13376, -0.20978, 0.96856][0.39914, 0.63297, 0][0.222464, 0.626996, -0.011952][-0.27265, -0.21374, 0.93807][0.38202, 0.63099, 0][0.238768, 0.420117, 0.048451][-0.31378, -0.27587, 0.90854][0.37718, 0.65310, 0][0.113283, 0.420636, 0.009775][-0.16874, -0.26256, 0.95005][0.39798, 0.65626, 0][0.5606, 0.683944, 0.467429][-0.90024, 0.42325, -0.10216][0.26679, 0.58906, 0][0.654168, 0.437107, 0.516708][-0.96687, 0.25214, 0.03981][0.26139, 0.61585, 0][0.57101, 0.67043, 0.374464][-0.93640, 0.34120, 0.08207][0.28383, 0.59777, 0][0.5606, 0.683944, 0.467429][-0.90024, 0.42325, -0.10216][0.26679, 0.58906, 0][0.641775, 0.446877, 0.619976][-0.92733, 0.33575, -0.16533][0.24294, 0.60676, 0][0.654168, 0.437107, 0.516708][-0.96687, 0.25214, 0.03981][0.26139, 0.61585, 0][0.00472, 0.82157, 0.938185][-0.02399, 0.64720, -0.76194][0.16345, 0.52629, 0][0.123907, 0.543948, 1.11367][-0.27019, 0.45056, -0.85088][0.14143, 0.55049, 0][0.134484, 0.813455, 0.918884][-0.26932, 0.62738, -0.73066][0.17635, 0.53341, 0][0.00472, 0.82157, 0.938185][-0.02399, 0.64720, -0.76194][0.16345, 0.52629, 0][-0.012381, 0.547674, 1.1319][-0.00773, 0.46499, -0.88528][0.12429, 0.54476, 0][0.123907, 0.543948, 1.11367][-0.27019, 0.45056, -0.85088][0.14143, 0.55049, 0][0.116402, 0.625242, -0.035132][-0.13376, -0.20978, 0.96856][0.39914, 0.63297, 0][-0.025299, 0.420971, -0.003441][0.00333, -0.25700, 0.96640][0.41982, 0.65770, 0][-0.019116, 0.624552, -0.040866][0.00842, -0.20365, 0.97901][0.42054, 0.63354, 0][0.116402, 0.625242, -0.035132][-0.13376, -0.20978, 0.96856][0.39914, 0.63297, 0][0.113283, 0.420636, 0.009775][-0.16874, -0.26256, 0.95005][0.39798, 0.65626, 0][-0.025299, 0.420971, -0.003441][0.00333, -0.25700, 0.96640][0.41982, 0.65770, 0][0.57101, 0.67043, 0.374464][-0.93640, 0.34120, 0.08207][0.28383, 0.59777, 0][0.640938, 0.429536, 0.420187][-0.95409, 0.13097, 0.26935][0.27935, 0.62402, 0][0.560168, 0.658345, 0.289182][-0.92888, 0.22822, 0.29173][0.30003, 0.60555, 0][0.57101, 0.67043, 0.374464][-0.93640, 0.34120, 0.08207][0.28383, 0.59777, 0][0.654168, 0.437107, 0.516708][-0.96687, 0.25214, 0.03981][0.26139, 0.61585, 0][0.640938, 0.429536, 0.420187][-0.95409, 0.13097, 0.26935][0.27935, 0.62402, 0][0.134484, 0.813455, 0.918884][-0.26932, 0.62738, -0.73066][0.17635, 0.53341, 0][0.247137, 0.53223, 1.06526][-0.47254, 0.42903, -0.76983][0.15689, 0.55796, 0][0.235685, 0.796448, 0.876508][-0.46503, 0.59207, -0.65818][0.18797, 0.54086, 0][0.134484, 0.813455, 0.918884][-0.26932, 0.62738, -0.73066][0.17635, 0.53341, 0][0.123907, 0.543948, 1.11367][-0.27019, 0.45056, -0.85088][0.14143, 0.55049, 0][0.247137, 0.53223, 1.06526][-0.47254, 0.42903, -0.76983][0.15689, 0.55796, 0][0.560168, 0.658345, 0.289182][-0.92888, 0.22822, 0.29173][0.30003, 0.60555, 0][0.602437, 0.424537, 0.32816][-0.87241, -0.01277, 0.48861][0.29779, 0.63145, 0][0.528209, 0.648544, 0.208486][-0.86219, 0.09614, 0.49738][0.31637, 0.61259, 0][0.560168, 0.658345, 0.289182][-0.92888, 0.22822, 0.29173][0.30003, 0.60555, 0][0.640938, 0.429536, 0.420187][-0.95409, 0.13097, 0.26935][0.27935, 0.62402, 0][0.602437, 0.424537, 0.32816][-0.87241, -0.01277, 0.48861][0.29779, 0.63145, 0][0.235685, 0.796448, 0.876508][-0.46503, 0.59207, -0.65818][0.18797, 0.54086, 0][0.360828, 0.514712, 0.994161][-0.59801, 0.41831, -0.68367][0.17320, 0.56716, 0][0.329062, 0.773367, 0.814994][-0.60267, 0.56016, -0.56835][0.20141, 0.54969, 0][0.235685, 0.796448, 0.876508][-0.46503, 0.59207, -0.65818][0.18797, 0.54086, 0][0.247137, 0.53223, 1.06526][-0.47254, 0.42903, -0.76983][0.15689, 0.55796, 0][0.360828, 0.514712, 0.994161][-0.59801, 0.41831, -0.68367][0.17320, 0.56716, 0][0.528209, 0.648544, 0.208486][-0.86219, 0.09614, 0.49738][0.31637, 0.61259, 0][0.540156, 0.421598, 0.245316][-0.73458, -0.14808, 0.66217][0.31643, 0.63793, 0][0.476122, 0.640811, 0.135495][-0.73881, -0.03549, 0.67297][0.33275, 0.61874, 0][0.528209, 0.648544, 0.208486][-0.86219, 0.09614, 0.49738][0.31637, 0.61259, 0][0.602437, 0.424537, 0.32816][-0.87241, -0.01277, 0.48861][0.29779, 0.63145, 0][0.540156, 0.421598, 0.245316][-0.73458, -0.14808, 0.66217][0.31643, 0.63793, 0][0.329062, 0.773367, 0.814994][-0.60267, 0.56016, -0.56835][0.20141, 0.54969, 0][0.460539, 0.494616, 0.911525][-0.69666, 0.41491, -0.58525][0.18996, 0.57710, 0][0.411243, 0.747728, 0.738455][-0.70268, 0.53422, -0.46994][0.21658, 0.55951, 0][0.329062, 0.773367, 0.814994][-0.60267, 0.56016, -0.56835][0.20141, 0.54969, 0][0.360828, 0.514712, 0.994161][-0.59801, 0.41831, -0.68367][0.17320, 0.56716, 0][0.460539, 0.494616, 0.911525][-0.69666, 0.41491, -0.58525][0.18996, 0.57710, 0][0.476122, 0.640811, 0.135495][-0.73881, -0.03549, 0.67297][0.33275, 0.61874, 0][0.45648, 0.420255, 0.170875][-0.55947, -0.25737, 0.78788][0.33581, 0.64365, 0][0.405963, 0.634703, 0.074196][-0.58167, -0.13882, 0.80149][0.34893, 0.62383, 0][0.476122, 0.640811, 0.135495][-0.73881, -0.03549, 0.67297][0.33275, 0.61874, 0][0.540156, 0.421598, 0.245316][-0.73458, -0.14808, 0.66217][0.31643, 0.63793, 0][0.45648, 0.420255, 0.170875][-0.55947, -0.25737, 0.78788][0.33581, 0.64365, 0][0.292243, 0.932765, -0.007592][-0.57745, 0.13870, 0.80456][0.36183, 0.59217, 0][0.270917, 0.777453, -0.024688][-0.43149, -0.08522, 0.89808][0.37278, 0.61293, 0][0.228589, 0.921301, -0.046165][-0.43555, 0.05265, 0.89862][0.37521, 0.59612, 0][0.292243, 0.932765, -0.007592][-0.57745, 0.13870, 0.80456][0.36183, 0.59217, 0][0.343629, 0.790088, 0.015818][-0.58794, -0.00025, 0.80890][0.35853, 0.60863, 0][0.270917, 0.777453, -0.024688][-0.43149, -0.08522, 0.89808][0.37278, 0.61293, 0][0.110258, 1.03739, 0.700238][-0.24487, 0.67423, -0.69675][0.21257, 0.52180, 0][0.235685, 0.796448, 0.876508][-0.46503, 0.59207, -0.65818][0.18797, 0.54086, 0][0.194365, 1.02257, 0.668579][-0.43586, 0.63704, -0.63577][0.22091, 0.52829, 0][0.110258, 1.03739, 0.700238][-0.24487, 0.67423, -0.69675][0.21257, 0.52180, 0][0.134484, 0.813455, 0.918884][-0.26932, 0.62738, -0.73066][0.17635, 0.53341, 0][0.235685, 0.796448, 0.876508][-0.46503, 0.59207, -0.65818][0.18797, 0.54086, 0][0.471225, 0.846159, 0.193544][-0.89611, 0.30959, 0.31802][0.31576, 0.58911, 0][0.528209, 0.648544, 0.208486][-0.86219, 0.09614, 0.49738][0.31637, 0.61259, 0][0.445563, 0.82477, 0.127067][-0.83025, 0.20816, 0.51707][0.33003, 0.59657, 0][0.471225, 0.846159, 0.193544][-0.89611, 0.30959, 0.31802][0.31576, 0.58911, 0][0.560168, 0.658345, 0.289182][-0.92888, 0.22822, 0.29173][0.30003, 0.60555, 0][0.528209, 0.648544, 0.208486][-0.86219, 0.09614, 0.49738][0.31637, 0.61259, 0][0.194365, 1.02257, 0.668579][-0.43586, 0.63704, -0.63577][0.22091, 0.52829, 0][0.329062, 0.773367, 0.814994][-0.60267, 0.56016, -0.56835][0.20141, 0.54969, 0][0.272225, 1.00079, 0.620724][-0.58171, 0.59571, -0.55384][0.23137, 0.53593, 0][0.194365, 1.02257, 0.668579][-0.43586, 0.63704, -0.63577][0.22091, 0.52829, 0][0.235685, 0.796448, 0.876508][-0.46503, 0.59207, -0.65818][0.18797, 0.54086, 0][0.329062, 0.773367, 0.814994][-0.60267, 0.56016, -0.56835][0.20141, 0.54969, 0][0.445563, 0.82477, 0.127067][-0.83025, 0.20816, 0.51707][0.33003, 0.59657, 0][0.476122, 0.640811, 0.135495][-0.73881, -0.03549, 0.67297][0.33275, 0.61874, 0][0.402566, 0.805972, 0.067174][-0.72419, 0.10155, 0.68208][0.34427, 0.60312, 0][0.445563, 0.82477, 0.127067][-0.83025, 0.20816, 0.51707][0.33003, 0.59657, 0][0.528209, 0.648544, 0.208486][-0.86219, 0.09614, 0.49738][0.31637, 0.61259, 0][0.476122, 0.640811, 0.135495][-0.73881, -0.03549, 0.67297][0.33275, 0.61874, 0][0.272225, 1.00079, 0.620724][-0.58171, 0.59571, -0.55384][0.23137, 0.53593, 0][0.411243, 0.747728, 0.738455][-0.70268, 0.53422, -0.46994][0.21658, 0.55951, 0][0.341001, 0.974698, 0.560879][-0.69177, 0.55754, -0.45891][0.24366, 0.54448, 0][0.272225, 1.00079, 0.620724][-0.58171, 0.59571, -0.55384][0.23137, 0.53593, 0][0.329062, 0.773367, 0.814994][-0.60267, 0.56016, -0.56835][0.20141, 0.54969, 0][0.411243, 0.747728, 0.738455][-0.70268, 0.53422, -0.46994][0.21658, 0.55951, 0][0.402566, 0.805972, 0.067174][-0.72419, 0.10155, 0.68208][0.34427, 0.60312, 0][0.405963, 0.634703, 0.074196][-0.58167, -0.13882, 0.80149][0.34893, 0.62383, 0][0.343629, 0.790088, 0.015818][-0.58794, -0.00025, 0.80890][0.35853, 0.60863, 0][0.402566, 0.805972, 0.067174][-0.72419, 0.10155, 0.68208][0.34427, 0.60312, 0][0.476122, 0.640811, 0.135495][-0.73881, -0.03549, 0.67297][0.33275, 0.61874, 0][0.405963, 0.634703, 0.074196][-0.58167, -0.13882, 0.80149][0.34893, 0.62383, 0][0.341001, 0.974698, 0.560879][-0.69177, 0.55754, -0.45891][0.24366, 0.54448, 0][0.478939, 0.722728, 0.652292][-0.77953, 0.50877, -0.36535][0.23290, 0.56971, 0][0.39813, 0.94687, 0.492084][-0.77650, 0.52346, -0.35077][0.25733, 0.55363, 0][0.341001, 0.974698, 0.560879][-0.69177, 0.55754, -0.45891][0.24366, 0.54448, 0][0.411243, 0.747728, 0.738455][-0.70268, 0.53422, -0.46994][0.21658, 0.55951, 0][0.478939, 0.722728, 0.652292][-0.77953, 0.50877, -0.36535][0.23290, 0.56971, 0][0.343629, 0.790088, 0.015818][-0.58794, -0.00025, 0.80890][0.35853, 0.60863, 0][0.320289, 0.63005, 0.025051][-0.42223, -0.19618, 0.88501][0.36527, 0.62791, 0][0.270917, 0.777453, -0.024688][-0.43149, -0.08522, 0.89808][0.37278, 0.61293, 0][0.343629, 0.790088, 0.015818][-0.58794, -0.00025, 0.80890][0.35853, 0.60863, 0][0.405963, 0.634703, 0.074196][-0.58167, -0.13882, 0.80149][0.34893, 0.62383, 0][0.320289, 0.63005, 0.025051][-0.42223, -0.19618, 0.88501][0.36527, 0.62791, 0][0.39813, 0.94687, 0.492084][-0.77650, 0.52346, -0.35077][0.25733, 0.55363, 0][0.529436, 0.700988, 0.560681][-0.84421, 0.47533, -0.24774][0.24980, 0.57970, 0][0.441354, 0.919717, 0.418275][-0.84299, 0.49059, -0.22066][0.27169, 0.56289, 0][0.39813, 0.94687, 0.492084][-0.77650, 0.52346, -0.35077][0.25733, 0.55363, 0][0.478939, 0.722728, 0.652292][-0.77953, 0.50877, -0.36535][0.23290, 0.56971, 0][0.529436, 0.700988, 0.560681][-0.84421, 0.47533, -0.24774][0.24980, 0.57970, 0][0.270917, 0.777453, -0.024688][-0.43149, -0.08522, 0.89808][0.37278, 0.61293, 0][0.222464, 0.626996, -0.011952][-0.27265, -0.21374, 0.93807][0.38202, 0.63099, 0][0.187398, 0.768178, -0.053476][-0.27346, -0.14112, 0.95148][0.38718, 0.61597, 0][0.270917, 0.777453, -0.024688][-0.43149, -0.08522, 0.89808][0.37278, 0.61293, 0][0.320289, 0.63005, 0.025051][-0.42223, -0.19618, 0.88501][0.36527, 0.62791, 0][0.222464, 0.626996, -0.011952][-0.27265, -0.21374, 0.93807][0.38202, 0.63099, 0][0.441354, 0.919717, 0.418275][-0.84299, 0.49059, -0.22066][0.27169, 0.56289, 0][0.5606, 0.683944, 0.467429][-0.90024, 0.42325, -0.10216][0.26679, 0.58906, 0][0.468753, 0.894178, 0.341924][-0.89055, 0.45030, -0.06445][0.28642, 0.57201, 0][0.441354, 0.919717, 0.418275][-0.84299, 0.49059, -0.22066][0.27169, 0.56289, 0][0.529436, 0.700988, 0.560681][-0.84421, 0.47533, -0.24774][0.24980, 0.57970, 0][0.5606, 0.683944, 0.467429][-0.90024, 0.42325, -0.10216][0.26679, 0.58906, 0][0.187398, 0.768178, -0.053476][-0.27346, -0.14112, 0.95148][0.38718, 0.61597, 0][0.116402, 0.625242, -0.035132][-0.13376, -0.20978, 0.96856][0.39914, 0.63297, 0][0.096392, 0.76255, -0.069914][-0.11413, -0.17273, 0.97833][0.40183, 0.61766, 0][0.187398, 0.768178, -0.053476][-0.27346, -0.14112, 0.95148][0.38718, 0.61597, 0][0.222464, 0.626996, -0.011952][-0.27265, -0.21374, 0.93807][0.38202, 0.63099, 0][0.116402, 0.625242, -0.035132][-0.13376, -0.20978, 0.96856][0.39914, 0.63297, 0][0.468753, 0.894178, 0.341924][-0.89055, 0.45030, -0.06445][0.28642, 0.57201, 0][0.57101, 0.67043, 0.374464][-0.93640, 0.34120, 0.08207][0.28383, 0.59777, 0][0.47892, 0.869738, 0.264506][-0.91260, 0.39190, 0.11652][0.30146, 0.58093, 0][0.468753, 0.894178, 0.341924][-0.89055, 0.45030, -0.06445][0.28642, 0.57201, 0][0.5606, 0.683944, 0.467429][-0.90024, 0.42325, -0.10216][0.26679, 0.58906, 0][0.57101, 0.67043, 0.374464][-0.93640, 0.34120, 0.08207][0.28383, 0.59777, 0][0.003285, 1.04357, 0.714502][-0.02598, 0.69355, -0.71994][0.20412, 0.51522, 0][0.134484, 0.813455, 0.918884][-0.26932, 0.62738, -0.73066][0.17635, 0.53341, 0][0.110258, 1.03739, 0.700238][-0.24487, 0.67423, -0.69675][0.21257, 0.52180, 0][0.003285, 1.04357, 0.714502][-0.02598, 0.69355, -0.71994][0.20412, 0.51522, 0][0.00472, 0.82157, 0.938185][-0.02399, 0.64720, -0.76194][0.16345, 0.52629, 0][0.134484, 0.813455, 0.918884][-0.26932, 0.62738, -0.73066][0.17635, 0.53341, 0][0.096392, 0.76255, -0.069914][-0.11413, -0.17273, 0.97833][0.40183, 0.61766, 0][-0.019116, 0.624552, -0.040866][0.00842, -0.20365, 0.97901][0.42054, 0.63354, 0][-0.019252, 0.760506, -0.072447][0.02629, -0.18338, 0.98269][0.42007, 0.61780, 0][0.096392, 0.76255, -0.069914][-0.11413, -0.17273, 0.97833][0.40183, 0.61766, 0][0.116402, 0.625242, -0.035132][-0.13376, -0.20978, 0.96856][0.39914, 0.63297, 0][-0.019116, 0.624552, -0.040866][0.00842, -0.20365, 0.97901][0.42054, 0.63354, 0][0.30203, 1.06955, 0.061728][-0.74287, 0.39880, 0.53768][0.34236, 0.56934, 0][0.344178, 0.947028, 0.040673][-0.69495, 0.23168, 0.68072][0.34826, 0.58709, 0][0.271869, 1.05234, 0.016134][-0.66892, 0.30075, 0.67978][0.35436, 0.57476, 0][0.30203, 1.06955, 0.061728][-0.74287, 0.39880, 0.53768][0.34236, 0.56934, 0][0.382349, 0.96388, 0.097202][-0.78479, 0.32493, 0.52775][0.33446, 0.58100, 0][0.344178, 0.947028, 0.040673][-0.69495, 0.23168, 0.68072][0.34826, 0.58709, 0][0.34393, 1.06909, 0.433459][-0.73492, 0.61508, -0.28561][0.26507, 0.54251, 0][0.441354, 0.919717, 0.418275][-0.84299, 0.49059, -0.22066][0.27169, 0.56289, 0][0.38131, 1.04727, 0.368126][-0.80093, 0.57897, -0.15263][0.27805, 0.55037, 0][0.34393, 1.06909, 0.433459][-0.73492, 0.61508, -0.28561][0.26507, 0.54251, 0][0.39813, 0.94687, 0.492084][-0.77650, 0.52346, -0.35077][0.25733, 0.55363, 0][0.441354, 0.919717, 0.418275][-0.84299, 0.49059, -0.22066][0.27169, 0.56289, 0][0.228589, 0.921301, -0.046165][-0.43555, 0.05265, 0.89862][0.37521, 0.59612, 0][0.187398, 0.768178, -0.053476][-0.27346, -0.14112, 0.95148][0.38718, 0.61597, 0][0.155634, 0.912887, -0.07401][-0.28141, -0.01373, 0.95949][0.38847, 0.59884, 0][0.228589, 0.921301, -0.046165][-0.43555, 0.05265, 0.89862][0.37521, 0.59612, 0][0.270917, 0.777453, -0.024688][-0.43149, -0.08522, 0.89808][0.37278, 0.61293, 0][0.187398, 0.768178, -0.053476][-0.27346, -0.14112, 0.95148][0.38718, 0.61597, 0][0.38131, 1.04727, 0.368126][-0.80093, 0.57897, -0.15263][0.27805, 0.55037, 0][0.468753, 0.894178, 0.341924][-0.89055, 0.45030, -0.06445][0.28642, 0.57201, 0][0.404683, 1.02514, 0.298496][-0.84288, 0.53810, -0.00200][0.29194, 0.55847, 0][0.38131, 1.04727, 0.368126][-0.80093, 0.57897, -0.15263][0.27805, 0.55037, 0][0.441354, 0.919717, 0.418275][-0.84299, 0.49059, -0.22066][0.27169, 0.56289, 0][0.468753, 0.894178, 0.341924][-0.89055, 0.45030, -0.06445][0.28642, 0.57201, 0][0.155634, 0.912887, -0.07401][-0.28141, -0.01373, 0.95949][0.38847, 0.59884, 0][0.096392, 0.76255, -0.069914][-0.11413, -0.17273, 0.97833][0.40183, 0.61766, 0][0.076317, 0.907771, -0.089862][-0.11540, -0.05617, 0.99173][0.40162, 0.60021, 0][0.155634, 0.912887, -0.07401][-0.28141, -0.01373, 0.95949][0.38847, 0.59884, 0][0.187398, 0.768178, -0.053476][-0.27346, -0.14112, 0.95148][0.38718, 0.61597, 0][0.096392, 0.76255, -0.069914][-0.11413, -0.17273, 0.97833][0.40183, 0.61766, 0][0.404683, 1.02514, 0.298496][-0.84288, 0.53810, -0.00200][0.29194, 0.55847, 0][0.47892, 0.869738, 0.264506][-0.91260, 0.39190, 0.11652][0.30146, 0.58093, 0][0.412903, 1.00364, 0.227323][-0.85900, 0.48513, 0.16363][0.30635, 0.56651, 0][0.404683, 1.02514, 0.298496][-0.84288, 0.53810, -0.00200][0.29194, 0.55847, 0][0.468753, 0.894178, 0.341924][-0.89055, 0.45030, -0.06445][0.28642, 0.57201, 0][0.47892, 0.869738, 0.264506][-0.91260, 0.39190, 0.11652][0.30146, 0.58093, 0][0.002007, 1.14054, 0.623959][-0.02304, 0.78326, -0.62126][0.22298, 0.51113, 0][0.110258, 1.03739, 0.700238][-0.24487, 0.67423, -0.69675][0.21257, 0.52180, 0][0.091582, 1.13645, 0.612454][-0.21015, 0.76826, -0.60467][0.22793, 0.51666, 0][0.002007, 1.14054, 0.623959][-0.02304, 0.78326, -0.62126][0.22298, 0.51113, 0][0.003285, 1.04357, 0.714502][-0.02598, 0.69355, -0.71994][0.20412, 0.51522, 0][0.110258, 1.03739, 0.700238][-0.24487, 0.67423, -0.69675][0.21257, 0.52180, 0][0.076317, 0.907771, -0.089862][-0.11540, -0.05617, 0.99173][0.40162, 0.60021, 0][-0.019252, 0.760506, -0.072447][0.02629, -0.18338, 0.98269][0.42007, 0.61780, 0][-0.019299, 0.905874, -0.093036][0.03115, -0.07096, 0.99699][0.41682, 0.60004, 0][0.076317, 0.907771, -0.089862][-0.11540, -0.05617, 0.99173][0.40162, 0.60021, 0][0.096392, 0.76255, -0.069914][-0.11413, -0.17273, 0.97833][0.40183, 0.61766, 0][-0.019252, 0.760506, -0.072447][0.02629, -0.18338, 0.98269][0.42007, 0.61780, 0][0.412903, 1.00364, 0.227323][-0.85900, 0.48513, 0.16363][0.30635, 0.56651, 0][0.471225, 0.846159, 0.193544][-0.89611, 0.30959, 0.31802][0.31576, 0.58911, 0][0.405464, 0.982977, 0.159782][-0.84217, 0.41323, 0.34638][0.32052, 0.57409, 0][0.412903, 1.00364, 0.227323][-0.85900, 0.48513, 0.16363][0.30635, 0.56651, 0][0.47892, 0.869738, 0.264506][-0.91260, 0.39190, 0.11652][0.30146, 0.58093, 0][0.471225, 0.846159, 0.193544][-0.89611, 0.30959, 0.31802][0.31576, 0.58911, 0][0.091582, 1.13645, 0.612454][-0.21015, 0.76826, -0.60467][0.22793, 0.51666, 0][0.194365, 1.02257, 0.668579][-0.43586, 0.63704, -0.63577][0.22091, 0.52829, 0][0.165607, 1.12584, 0.585944][-0.38414, 0.73477, -0.55907][0.23408, 0.52188, 0][0.091582, 1.13645, 0.612454][-0.21015, 0.76826, -0.60467][0.22793, 0.51666, 0][0.110258, 1.03739, 0.700238][-0.24487, 0.67423, -0.69675][0.21257, 0.52180, 0][0.194365, 1.02257, 0.668579][-0.43586, 0.63704, -0.63577][0.22091, 0.52829, 0][0.405464, 0.982977, 0.159782][-0.84217, 0.41323, 0.34638][0.32052, 0.57409, 0][0.445563, 0.82477, 0.127067][-0.83025, 0.20816, 0.51707][0.33003, 0.59657, 0][0.382349, 0.96388, 0.097202][-0.78479, 0.32493, 0.52775][0.33446, 0.58100, 0][0.405464, 0.982977, 0.159782][-0.84217, 0.41323, 0.34638][0.32052, 0.57409, 0][0.471225, 0.846159, 0.193544][-0.89611, 0.30959, 0.31802][0.31576, 0.58911, 0][0.445563, 0.82477, 0.127067][-0.83025, 0.20816, 0.51707][0.33003, 0.59657, 0][0.165607, 1.12584, 0.585944][-0.38414, 0.73477, -0.55907][0.23408, 0.52188, 0][0.272225, 1.00079, 0.620724][-0.58171, 0.59571, -0.55384][0.23137, 0.53593, 0][0.233936, 1.10992, 0.545458][-0.52905, 0.69352, -0.48901][0.24252, 0.52798, 0][0.165607, 1.12584, 0.585944][-0.38414, 0.73477, -0.55907][0.23408, 0.52188, 0][0.194365, 1.02257, 0.668579][-0.43586, 0.63704, -0.63577][0.22091, 0.52829, 0][0.272225, 1.00079, 0.620724][-0.58171, 0.59571, -0.55384][0.23137, 0.53593, 0][0.382349, 0.96388, 0.097202][-0.78479, 0.32493, 0.52775][0.33446, 0.58100, 0][0.402566, 0.805972, 0.067174][-0.72419, 0.10155, 0.68208][0.34427, 0.60312, 0][0.344178, 0.947028, 0.040673][-0.69495, 0.23168, 0.68072][0.34826, 0.58709, 0][0.382349, 0.96388, 0.097202][-0.78479, 0.32493, 0.52775][0.33446, 0.58100, 0][0.445563, 0.82477, 0.127067][-0.83025, 0.20816, 0.51707][0.33003, 0.59657, 0][0.402566, 0.805972, 0.067174][-0.72419, 0.10155, 0.68208][0.34427, 0.60312, 0][0.233936, 1.10992, 0.545458][-0.52905, 0.69352, -0.48901][0.24252, 0.52798, 0][0.341001, 0.974698, 0.560879][-0.69177, 0.55754, -0.45891][0.24366, 0.54448, 0][0.294153, 1.09035, 0.493478][-0.64543, 0.65251, -0.39706][0.25309, 0.53496, 0][0.233936, 1.10992, 0.545458][-0.52905, 0.69352, -0.48901][0.24252, 0.52798, 0][0.272225, 1.00079, 0.620724][-0.58171, 0.59571, -0.55384][0.23137, 0.53593, 0][0.341001, 0.974698, 0.560879][-0.69177, 0.55754, -0.45891][0.24366, 0.54448, 0][0.344178, 0.947028, 0.040673][-0.69495, 0.23168, 0.68072][0.34826, 0.58709, 0][0.343629, 0.790088, 0.015818][-0.58794, -0.00025, 0.80890][0.35853, 0.60863, 0][0.292243, 0.932765, -0.007592][-0.57745, 0.13870, 0.80456][0.36183, 0.59217, 0][0.344178, 0.947028, 0.040673][-0.69495, 0.23168, 0.68072][0.34826, 0.58709, 0][0.402566, 0.805972, 0.067174][-0.72419, 0.10155, 0.68208][0.34427, 0.60312, 0][0.343629, 0.790088, 0.015818][-0.58794, -0.00025, 0.80890][0.35853, 0.60863, 0][0.294153, 1.09035, 0.493478][-0.64543, 0.65251, -0.39706][0.25309, 0.53496, 0][0.39813, 0.94687, 0.492084][-0.77650, 0.52346, -0.35077][0.25733, 0.55363, 0][0.34393, 1.06909, 0.433459][-0.73492, 0.61508, -0.28561][0.26507, 0.54251, 0][0.294153, 1.09035, 0.493478][-0.64543, 0.65251, -0.39706][0.25309, 0.53496, 0][0.341001, 0.974698, 0.560879][-0.69177, 0.55754, -0.45891][0.24366, 0.54448, 0][0.39813, 0.94687, 0.492084][-0.77650, 0.52346, -0.35077][0.25733, 0.55363, 0][0.090731, 1.10472, -0.084807][-0.29565, -0.03719, 0.95457][0.38924, 0.57381, 0][0.060274, 1.0113, -0.090558][-0.11947, -0.00787, 0.99281][0.39952, 0.58646, 0][0.042172, 1.09965, -0.095116][-0.12576, -0.07680, 0.98908][0.39790, 0.57481, 0][0.090731, 1.10472, -0.084807][-0.29565, -0.03719, 0.95457][0.38924, 0.57381, 0][0.122938, 1.01672, -0.07763][-0.28318, 0.03856, 0.95829][0.38871, 0.58530, 0][0.060274, 1.0113, -0.090558][-0.11947, -0.00787, 0.99281][0.39952, 0.58646, 0][0.185284, 1.20335, 0.416009][-0.45673, 0.81773, -0.35031][0.26409, 0.52438, 0][0.294153, 1.09035, 0.493478][-0.64543, 0.65251, -0.39706][0.25309, 0.53496, 0][0.232792, 1.18819, 0.377176][-0.57005, 0.77668, -0.26797][0.27239, 0.52993, 0][0.185284, 1.20335, 0.416009][-0.45673, 0.81773, -0.35031][0.26409, 0.52438, 0][0.233936, 1.10992, 0.545458][-0.52905, 0.69352, -0.48901][0.24252, 0.52798, 0][0.294153, 1.09035, 0.493478][-0.64543, 0.65251, -0.39706][0.25309, 0.53496, 0][0.271869, 1.05234, 0.016134][-0.66892, 0.30075, 0.67978][0.35436, 0.57476, 0][0.292243, 0.932765, -0.007592][-0.57745, 0.13870, 0.80456][0.36183, 0.59217, 0][0.230884, 1.03752, -0.023182][-0.56365, 0.20106, 0.80117][0.36611, 0.57933, 0][0.271869, 1.05234, 0.016134][-0.66892, 0.30075, 0.67978][0.35436, 0.57476, 0][0.344178, 0.947028, 0.040673][-0.69495, 0.23168, 0.68072][0.34826, 0.58709, 0][0.292243, 0.932765, -0.007592][-0.57745, 0.13870, 0.80456][0.36183, 0.59217, 0][0.232792, 1.18819, 0.377176][-0.57005, 0.77668, -0.26797][0.27239, 0.52993, 0][0.34393, 1.06909, 0.433459][-0.73492, 0.61508, -0.28561][0.26507, 0.54251, 0][0.272037, 1.17024, 0.330617][-0.65975, 0.73286, -0.16626][0.28235, 0.53612, 0][0.232792, 1.18819, 0.377176][-0.57005, 0.77668, -0.26797][0.27239, 0.52993, 0][0.294153, 1.09035, 0.493478][-0.64543, 0.65251, -0.39706][0.25309, 0.53496, 0][0.34393, 1.06909, 0.433459][-0.73492, 0.61508, -0.28561][0.26507, 0.54251, 0][0.230884, 1.03752, -0.023182][-0.56365, 0.20106, 0.80117][0.36611, 0.57933, 0][0.228589, 0.921301, -0.046165][-0.43555, 0.05265, 0.89862][0.37521, 0.59612, 0][0.180584, 1.02553, -0.054825][-0.43255, 0.11039, 0.89483][0.37757, 0.58288, 0][0.230884, 1.03752, -0.023182][-0.56365, 0.20106, 0.80117][0.36611, 0.57933, 0][0.292243, 0.932765, -0.007592][-0.57745, 0.13870, 0.80456][0.36183, 0.59217, 0][0.228589, 0.921301, -0.046165][-0.43555, 0.05265, 0.89862][0.37521, 0.59612, 0][0.272037, 1.17024, 0.330617][-0.65975, 0.73286, -0.16626][0.28235, 0.53612, 0][0.38131, 1.04727, 0.368126][-0.80093, 0.57897, -0.15263][0.27805, 0.55037, 0][0.301498, 1.15041, 0.278765][-0.72638, 0.68552, -0.04928][0.29345, 0.54277, 0][0.272037, 1.17024, 0.330617][-0.65975, 0.73286, -0.16626][0.28235, 0.53612, 0][0.34393, 1.06909, 0.433459][-0.73492, 0.61508, -0.28561][0.26507, 0.54251, 0][0.38131, 1.04727, 0.368126][-0.80093, 0.57897, -0.15263][0.27805, 0.55037, 0][0.180584, 1.02553, -0.054825][-0.43255, 0.11039, 0.89483][0.37757, 0.58288, 0][0.155634, 0.912887, -0.07401][-0.28141, -0.01373, 0.95949][0.38847, 0.59884, 0][0.122938, 1.01672, -0.07763][-0.28318, 0.03856, 0.95829][0.38871, 0.58530, 0][0.180584, 1.02553, -0.054825][-0.43255, 0.11039, 0.89483][0.37757, 0.58288, 0][0.228589, 0.921301, -0.046165][-0.43555, 0.05265, 0.89862][0.37521, 0.59612, 0][0.155634, 0.912887, -0.07401][-0.28141, -0.01373, 0.95949][0.38847, 0.59884, 0][0.301498, 1.15041, 0.278765][-0.72638, 0.68552, -0.04928][0.29345, 0.54277, 0][0.404683, 1.02514, 0.298496][-0.84288, 0.53810, -0.00200][0.29194, 0.55847, 0][0.319882, 1.12971, 0.223376][-0.77050, 0.63234, 0.08053][0.30537, 0.54968, 0][0.301498, 1.15041, 0.278765][-0.72638, 0.68552, -0.04928][0.29345, 0.54277, 0][0.38131, 1.04727, 0.368126][-0.80093, 0.57897, -0.15263][0.27805, 0.55037, 0][0.404683, 1.02514, 0.298496][-0.84288, 0.53810, -0.00200][0.29194, 0.55847, 0][0.122938, 1.01672, -0.07763][-0.28318, 0.03856, 0.95829][0.38871, 0.58530, 0][0.076317, 0.907771, -0.089862][-0.11540, -0.05617, 0.99173][0.40162, 0.60021, 0][0.060274, 1.0113, -0.090558][-0.11947, -0.00787, 0.99281][0.39952, 0.58646, 0][0.122938, 1.01672, -0.07763][-0.28318, 0.03856, 0.95829][0.38871, 0.58530, 0][0.155634, 0.912887, -0.07401][-0.28141, -0.01373, 0.95949][0.38847, 0.59884, 0][0.076317, 0.907771, -0.089862][-0.11540, -0.05617, 0.99173][0.40162, 0.60021, 0][0.319882, 1.12971, 0.223376][-0.77050, 0.63234, 0.08053][0.30537, 0.54968, 0][0.412903, 1.00364, 0.227323][-0.85900, 0.48513, 0.16363][0.30635, 0.56651, 0][0.326301, 1.10899, 0.166599][-0.79119, 0.56886, 0.22455][0.31782, 0.55661, 0][0.319882, 1.12971, 0.223376][-0.77050, 0.63234, 0.08053][0.30537, 0.54968, 0][0.404683, 1.02514, 0.298496][-0.84288, 0.53810, -0.00200][0.29194, 0.55847, 0][0.412903, 1.00364, 0.227323][-0.85900, 0.48513, 0.16363][0.30635, 0.56651, 0][-0.001591, 1.22502, 0.473178][-0.01754, 0.88695, -0.46152][0.25156, 0.51002, 0][0.091582, 1.13645, 0.612454][-0.21015, 0.76826, -0.60467][0.22793, 0.51666, 0][0.072722, 1.22236, 0.464859][-0.17214, 0.87787, -0.44690][0.25342, 0.51508, 0][-0.001591, 1.22502, 0.473178][-0.01754, 0.88695, -0.46152][0.25156, 0.51002, 0][0.002007, 1.14054, 0.623959][-0.02304, 0.78326, -0.62126][0.22298, 0.51113, 0][0.091582, 1.13645, 0.612454][-0.21015, 0.76826, -0.60467][0.22793, 0.51666, 0][0.060274, 1.0113, -0.090558][-0.11947, -0.00787, 0.99281][0.39952, 0.58646, 0][-0.019299, 0.905874, -0.093036][0.03115, -0.07096, 0.99699][0.41682, 0.60004, 0][-0.018931, 1.00932, -0.09319][0.02904, -0.02384, 0.99929][0.41227, 0.58616, 0][0.060274, 1.0113, -0.090558][-0.11947, -0.00787, 0.99281][0.39952, 0.58646, 0][0.076317, 0.907771, -0.089862][-0.11540, -0.05617, 0.99173][0.40162, 0.60021, 0][-0.019299, 0.905874, -0.093036][0.03115, -0.07096, 0.99699][0.41682, 0.60004, 0][0.326301, 1.10899, 0.166599][-0.79119, 0.56886, 0.22455][0.31782, 0.55661, 0][0.405464, 0.982977, 0.159782][-0.84217, 0.41323, 0.34638][0.32052, 0.57409, 0][0.320352, 1.0887, 0.112123][-0.78369, 0.48996, 0.38179][0.33020, 0.56324, 0][0.326301, 1.10899, 0.166599][-0.79119, 0.56886, 0.22455][0.31782, 0.55661, 0][0.412903, 1.00364, 0.227323][-0.85900, 0.48513, 0.16363][0.30635, 0.56651, 0][0.405464, 0.982977, 0.159782][-0.84217, 0.41323, 0.34638][0.32052, 0.57409, 0][0.072722, 1.22236, 0.464859][-0.17214, 0.87787, -0.44690][0.25342, 0.51508, 0][0.165607, 1.12584, 0.585944][-0.38414, 0.73477, -0.55907][0.23408, 0.52188, 0][0.131279, 1.21495, 0.445574][-0.32351, 0.85289, -0.40978][0.25769, 0.51947, 0][0.072722, 1.22236, 0.464859][-0.17214, 0.87787, -0.44690][0.25342, 0.51508, 0][0.091582, 1.13645, 0.612454][-0.21015, 0.76826, -0.60467][0.22793, 0.51666, 0][0.165607, 1.12584, 0.585944][-0.38414, 0.73477, -0.55907][0.23408, 0.52188, 0][0.320352, 1.0887, 0.112123][-0.78369, 0.48996, 0.38179][0.33020, 0.56324, 0][0.382349, 0.96388, 0.097202][-0.78479, 0.32493, 0.52775][0.33446, 0.58100, 0][0.30203, 1.06955, 0.061728][-0.74287, 0.39880, 0.53768][0.34236, 0.56934, 0][0.320352, 1.0887, 0.112123][-0.78369, 0.48996, 0.38179][0.33020, 0.56324, 0][0.405464, 0.982977, 0.159782][-0.84217, 0.41323, 0.34638][0.32052, 0.57409, 0][0.382349, 0.96388, 0.097202][-0.78479, 0.32493, 0.52775][0.33446, 0.58100, 0][0.131279, 1.21495, 0.445574][-0.32351, 0.85289, -0.40978][0.25769, 0.51947, 0][0.233936, 1.10992, 0.545458][-0.52905, 0.69352, -0.48901][0.24252, 0.52798, 0][0.185284, 1.20335, 0.416009][-0.45673, 0.81773, -0.35031][0.26409, 0.52438, 0][0.131279, 1.21495, 0.445574][-0.32351, 0.85289, -0.40978][0.25769, 0.51947, 0][0.165607, 1.12584, 0.585944][-0.38414, 0.73477, -0.55907][0.23408, 0.52188, 0][0.233936, 1.10992, 0.545458][-0.52905, 0.69352, -0.48901][0.24252, 0.52798, 0][0.182735, 1.28651, 0.070019][-0.84834, 0.52534, 0.06590][0.33522, 0.53846, 0][0.249197, 1.1884, 0.107508][-0.81721, 0.52479, 0.23824][0.32994, 0.54959, 0][0.186091, 1.27155, 0.03833][-0.87751, 0.42977, 0.21277][0.34307, 0.54294, 0][0.182735, 1.28651, 0.070019][-0.84834, 0.52534, 0.06590][0.33522, 0.53846, 0][0.244401, 1.20662, 0.151495][-0.79020, 0.60509, 0.09719][0.31961, 0.54383, 0][0.249197, 1.1884, 0.107508][-0.81721, 0.52479, 0.23824][0.32994, 0.54959, 0][0.244401, 1.20662, 0.151495][-0.79020, 0.60509, 0.09719][0.31961, 0.54383, 0][0.326301, 1.10899, 0.166599][-0.79119, 0.56886, 0.22455][0.31782, 0.55661, 0][0.249197, 1.1884, 0.107508][-0.81721, 0.52479, 0.23824][0.32994, 0.54959, 0][0.244401, 1.20662, 0.151495][-0.79020, 0.60509, 0.09719][0.31961, 0.54383, 0][0.319882, 1.12971, 0.223376][-0.77050, 0.63234, 0.08053][0.30537, 0.54968, 0][0.326301, 1.10899, 0.166599][-0.79119, 0.56886, 0.22455][0.31782, 0.55661, 0][-0.005185, 1.28632, 0.343702][-0.01171, 0.90350, -0.42842][0.27751, 0.51080, 0][0.072722, 1.22236, 0.464859][-0.17214, 0.87787, -0.44690][0.25342, 0.51508, 0][0.0524, 1.28432, 0.337464][-0.15933, 0.89638, -0.41366][0.27806, 0.51483, 0][-0.005185, 1.28632, 0.343702][-0.01171, 0.90350, -0.42842][0.27751, 0.51080, 0][-0.001591, 1.22502, 0.473178][-0.01754, 0.88695, -0.46152][0.25156, 0.51002, 0][0.072722, 1.22236, 0.464859][-0.17214, 0.87787, -0.44690][0.25342, 0.51508, 0][0.042172, 1.09965, -0.095116][-0.12576, -0.07680, 0.98908][0.39790, 0.57481, 0][-0.018931, 1.00932, -0.09319][0.02904, -0.02384, 0.99929][0.41227, 0.58616, 0][-0.018759, 1.09783, -0.097298][0.02567, -0.08828, 0.99577][0.40782, 0.57458, 0][0.042172, 1.09965, -0.095116][-0.12576, -0.07680, 0.98908][0.39790, 0.57481, 0][0.060274, 1.0113, -0.090558][-0.11947, -0.00787, 0.99281][0.39952, 0.58646, 0][-0.018931, 1.00932, -0.09319][0.02904, -0.02384, 0.99929][0.41227, 0.58616, 0][0.249197, 1.1884, 0.107508][-0.81721, 0.52479, 0.23824][0.32994, 0.54959, 0][0.320352, 1.0887, 0.112123][-0.78369, 0.48996, 0.38179][0.33020, 0.56324, 0][0.244386, 1.17036, 0.064868][-0.81342, 0.43054, 0.39112][0.34034, 0.55514, 0][0.249197, 1.1884, 0.107508][-0.81721, 0.52479, 0.23824][0.32994, 0.54959, 0][0.326301, 1.10899, 0.166599][-0.79119, 0.56886, 0.22455][0.31782, 0.55661, 0][0.320352, 1.0887, 0.112123][-0.78369, 0.48996, 0.38179][0.33020, 0.56324, 0][0.0524, 1.28432, 0.337464][-0.15933, 0.89638, -0.41366][0.27806, 0.51483, 0][0.131279, 1.21495, 0.445574][-0.32351, 0.85289, -0.40978][0.25769, 0.51947, 0][0.098065, 1.27842, 0.322669][-0.31628, 0.87167, -0.37437][0.28104, 0.51850, 0][0.0524, 1.28432, 0.337464][-0.15933, 0.89638, -0.41366][0.27806, 0.51483, 0][0.072722, 1.22236, 0.464859][-0.17214, 0.87787, -0.44690][0.25342, 0.51508, 0][0.131279, 1.21495, 0.445574][-0.32351, 0.85289, -0.40978][0.25769, 0.51947, 0][0.244386, 1.17036, 0.064868][-0.81342, 0.43054, 0.39112][0.34034, 0.55514, 0][0.30203, 1.06955, 0.061728][-0.74287, 0.39880, 0.53768][0.34236, 0.56934, 0][0.230008, 1.1531, 0.025295][-0.77409, 0.32731, 0.54190][0.35061, 0.56028, 0][0.244386, 1.17036, 0.064868][-0.81342, 0.43054, 0.39112][0.34034, 0.55514, 0][0.320352, 1.0887, 0.112123][-0.78369, 0.48996, 0.38179][0.33020, 0.56324, 0][0.30203, 1.06955, 0.061728][-0.74287, 0.39880, 0.53768][0.34236, 0.56934, 0][0.098065, 1.27842, 0.322669][-0.31628, 0.87167, -0.37437][0.28104, 0.51850, 0][0.185284, 1.20335, 0.416009][-0.45673, 0.81773, -0.35031][0.26409, 0.52438, 0][0.140142, 1.26893, 0.299975][-0.44975, 0.83578, -0.31494][0.28600, 0.52266, 0][0.098065, 1.27842, 0.322669][-0.31628, 0.87167, -0.37437][0.28104, 0.51850, 0][0.131279, 1.21495, 0.445574][-0.32351, 0.85289, -0.40978][0.25769, 0.51947, 0][0.185284, 1.20335, 0.416009][-0.45673, 0.81773, -0.35031][0.26409, 0.52438, 0][0.230008, 1.1531, 0.025295][-0.77409, 0.32731, 0.54190][0.35061, 0.56028, 0][0.271869, 1.05234, 0.016134][-0.66892, 0.30075, 0.67978][0.35436, 0.57476, 0][0.206455, 1.13743, -0.010692][-0.69887, 0.22147, 0.68010][0.36075, 0.56487, 0][0.230008, 1.1531, 0.025295][-0.77409, 0.32731, 0.54190][0.35061, 0.56028, 0][0.30203, 1.06955, 0.061728][-0.74287, 0.39880, 0.53768][0.34236, 0.56934, 0][0.271869, 1.05234, 0.016134][-0.66892, 0.30075, 0.67978][0.35436, 0.57476, 0][0.140142, 1.26893, 0.299975][-0.44975, 0.83578, -0.31494][0.28600, 0.52266, 0][0.232792, 1.18819, 0.377176][-0.57005, 0.77668, -0.26797][0.27239, 0.52993, 0][0.177098, 1.25637, 0.270155][-0.56573, 0.78996, -0.23648][0.29265, 0.52736, 0][0.140142, 1.26893, 0.299975][-0.44975, 0.83578, -0.31494][0.28600, 0.52266, 0][0.185284, 1.20335, 0.416009][-0.45673, 0.81773, -0.35031][0.26409, 0.52438, 0][0.232792, 1.18819, 0.377176][-0.57005, 0.77668, -0.26797][0.27239, 0.52993, 0][0.206455, 1.13743, -0.010692][-0.69887, 0.22147, 0.68010][0.36075, 0.56487, 0][0.230884, 1.03752, -0.023182][-0.56365, 0.20106, 0.80117][0.36611, 0.57933, 0][0.174541, 1.12387, -0.041771][-0.58980, 0.11934, 0.79869][0.37063, 0.56874, 0][0.206455, 1.13743, -0.010692][-0.69887, 0.22147, 0.68010][0.36075, 0.56487, 0][0.271869, 1.05234, 0.016134][-0.66892, 0.30075, 0.67978][0.35436, 0.57476, 0][0.230884, 1.03752, -0.023182][-0.56365, 0.20106, 0.80117][0.36611, 0.57933, 0][0.177098, 1.25637, 0.270155][-0.56573, 0.78996, -0.23648][0.29265, 0.52736, 0][0.272037, 1.17024, 0.330617][-0.65975, 0.73286, -0.16626][0.28235, 0.53612, 0][0.207545, 1.24135, 0.234386][-0.66233, 0.73590, -0.14060][0.30069, 0.53254, 0][0.177098, 1.25637, 0.270155][-0.56573, 0.78996, -0.23648][0.29265, 0.52736, 0][0.232792, 1.18819, 0.377176][-0.57005, 0.77668, -0.26797][0.27239, 0.52993, 0][0.272037, 1.17024, 0.330617][-0.65975, 0.73286, -0.16626][0.28235, 0.53612, 0][0.174541, 1.12387, -0.041771][-0.58980, 0.11934, 0.79869][0.37063, 0.56874, 0][0.180584, 1.02553, -0.054825][-0.43255, 0.11039, 0.89483][0.37757, 0.58288, 0][0.135459, 1.11285, -0.066805][-0.45216, 0.03049, 0.89142][0.38015, 0.57176, 0][0.174541, 1.12387, -0.041771][-0.58980, 0.11934, 0.79869][0.37063, 0.56874, 0][0.230884, 1.03752, -0.023182][-0.56365, 0.20106, 0.80117][0.36611, 0.57933, 0][0.180584, 1.02553, -0.054825][-0.43255, 0.11039, 0.89483][0.37757, 0.58288, 0][0.207545, 1.24135, 0.234386][-0.66233, 0.73590, -0.14060][0.30069, 0.53254, 0][0.301498, 1.15041, 0.278765][-0.72638, 0.68552, -0.04928][0.29345, 0.54277, 0][0.230295, 1.22454, 0.194261][-0.73781, 0.67440, -0.02877][0.30975, 0.53809, 0][0.207545, 1.24135, 0.234386][-0.66233, 0.73590, -0.14060][0.30069, 0.53254, 0][0.272037, 1.17024, 0.330617][-0.65975, 0.73286, -0.16626][0.28235, 0.53612, 0][0.301498, 1.15041, 0.278765][-0.72638, 0.68552, -0.04928][0.29345, 0.54277, 0][0.135459, 1.11285, -0.066805][-0.45216, 0.03049, 0.89142][0.38015, 0.57176, 0][0.122938, 1.01672, -0.07763][-0.28318, 0.03856, 0.95829][0.38871, 0.58530, 0][0.090731, 1.10472, -0.084807][-0.29565, -0.03719, 0.95457][0.38924, 0.57381, 0][0.135459, 1.11285, -0.066805][-0.45216, 0.03049, 0.89142][0.38015, 0.57176, 0][0.180584, 1.02553, -0.054825][-0.43255, 0.11039, 0.89483][0.37757, 0.58288, 0][0.122938, 1.01672, -0.07763][-0.28318, 0.03856, 0.95829][0.38871, 0.58530, 0][0.230295, 1.22454, 0.194261][-0.73781, 0.67440, -0.02877][0.30975, 0.53809, 0][0.319882, 1.12971, 0.223376][-0.77050, 0.63234, 0.08053][0.30537, 0.54968, 0][0.244401, 1.20662, 0.151495][-0.79020, 0.60509, 0.09719][0.31961, 0.54383, 0][0.230295, 1.22454, 0.194261][-0.73781, 0.67440, -0.02877][0.30975, 0.53809, 0][0.301498, 1.15041, 0.278765][-0.72638, 0.68552, -0.04928][0.29345, 0.54277, 0][0.319882, 1.12971, 0.223376][-0.77050, 0.63234, 0.08053][0.30537, 0.54968, 0][0.118097, 1.31143, -0.081886][-0.79151, -0.06905, 0.60724][0.37097, 0.54596, 0][0.131475, 1.21748, -0.069898][-0.62168, 0.00044, 0.78327][0.37411, 0.55787, 0][0.099896, 1.3026, -0.100082][-0.66316, -0.16762, 0.72947][0.37696, 0.54835, 0][0.118097, 1.31143, -0.081886][-0.79151, -0.06905, 0.60724][0.37097, 0.54596, 0][0.154695, 1.22895, -0.047228][-0.74108, 0.10069, 0.66382][0.36658, 0.55484, 0][0.131475, 1.21748, -0.069898][-0.62168, 0.00044, 0.78327][0.37411, 0.55787, 0][0.035513, 1.19676, -0.108797][-0.13053, -0.17742, 0.97544][0.39446, 0.56269, 0][-0.018759, 1.09783, -0.097298][0.02567, -0.08828, 0.99577][0.40782, 0.57458, 0][-0.01886, 1.19518, -0.110072][0.02427, -0.18607, 0.98224][0.40336, 0.56248, 0][0.035513, 1.19676, -0.108797][-0.13053, -0.17742, 0.97544][0.39446, 0.56269, 0][0.042172, 1.09965, -0.095116][-0.12576, -0.07680, 0.98908][0.39790, 0.57481, 0][-0.018759, 1.09783, -0.097298][0.02567, -0.08828, 0.99577][0.40782, 0.57458, 0][0.186091, 1.27155, 0.03833][-0.87751, 0.42977, 0.21277][0.34307, 0.54294, 0][0.244386, 1.17036, 0.064868][-0.81342, 0.43054, 0.39112][0.34034, 0.55514, 0][0.182465, 1.25653, 0.007748][-0.87128, 0.32259, 0.36987][0.35096, 0.54725, 0][0.186091, 1.27155, 0.03833][-0.87751, 0.42977, 0.21277][0.34307, 0.54294, 0][0.249197, 1.1884, 0.107508][-0.81721, 0.52479, 0.23824][0.32994, 0.54959, 0][0.244386, 1.17036, 0.064868][-0.81342, 0.43054, 0.39112][0.34034, 0.55514, 0][0.042924, 1.3485, 0.203301][-0.16444, 0.87111, -0.46274][0.30496, 0.51587, 0][0.098065, 1.27842, 0.322669][-0.31628, 0.87167, -0.37437][0.28104, 0.51850, 0][0.076288, 1.34392, 0.192806][-0.33452, 0.84268, -0.42188][0.30700, 0.51870, 0][0.042924, 1.3485, 0.203301][-0.16444, 0.87111, -0.46274][0.30496, 0.51587, 0][0.0524, 1.28432, 0.337464][-0.15933, 0.89638, -0.41366][0.27806, 0.51483, 0][0.098065, 1.27842, 0.322669][-0.31628, 0.87167, -0.37437][0.28104, 0.51850, 0][0.182465, 1.25653, 0.007748][-0.87128, 0.32259, 0.36987][0.35096, 0.54725, 0][0.230008, 1.1531, 0.025295][-0.77409, 0.32731, 0.54190][0.35061, 0.56028, 0][0.171894, 1.24212, -0.021017][-0.82565, 0.21052, 0.52344][0.35882, 0.55125, 0][0.182465, 1.25653, 0.007748][-0.87128, 0.32259, 0.36987][0.35096, 0.54725, 0][0.244386, 1.17036, 0.064868][-0.81342, 0.43054, 0.39112][0.34034, 0.55514, 0][0.230008, 1.1531, 0.025295][-0.77409, 0.32731, 0.54190][0.35061, 0.56028, 0][-0.009001, 1.35002, 0.208097][-0.01332, 0.87865, -0.47728][0.30468, 0.51221, 0][0.0524, 1.28432, 0.337464][-0.15933, 0.89638, -0.41366][0.27806, 0.51483, 0][0.042924, 1.3485, 0.203301][-0.16444, 0.87111, -0.46274][0.30496, 0.51587, 0][-0.009001, 1.35002, 0.208097][-0.01332, 0.87865, -0.47728][0.30468, 0.51221, 0][-0.005185, 1.28632, 0.343702][-0.01171, 0.90350, -0.42842][0.27751, 0.51080, 0][0.0524, 1.28432, 0.337464][-0.15933, 0.89638, -0.41366][0.27806, 0.51483, 0][0.076288, 1.34392, 0.192806][-0.33452, 0.84268, -0.42188][0.30700, 0.51870, 0][0.140142, 1.26893, 0.299975][-0.44975, 0.83578, -0.31494][0.28600, 0.52266, 0][0.10702, 1.3365, 0.176454][-0.47711, 0.80128, -0.36099][0.31050, 0.52196, 0][0.076288, 1.34392, 0.192806][-0.33452, 0.84268, -0.42188][0.30700, 0.51870, 0][0.098065, 1.27842, 0.322669][-0.31628, 0.87167, -0.37437][0.28104, 0.51850, 0][0.140142, 1.26893, 0.299975][-0.44975, 0.83578, -0.31494][0.28600, 0.52266, 0][0.171894, 1.24212, -0.021017][-0.82565, 0.21052, 0.52344][0.35882, 0.55125, 0][0.206455, 1.13743, -0.010692][-0.69887, 0.22147, 0.68010][0.36075, 0.56487, 0][0.154695, 1.22895, -0.047228][-0.74108, 0.10069, 0.66382][0.36658, 0.55484, 0][0.171894, 1.24212, -0.021017][-0.82565, 0.21052, 0.52344][0.35882, 0.55125, 0][0.230008, 1.1531, 0.025295][-0.77409, 0.32731, 0.54190][0.35061, 0.56028, 0][0.206455, 1.13743, -0.010692][-0.69887, 0.22147, 0.68010][0.36075, 0.56487, 0][0.10702, 1.3365, 0.176454][-0.47711, 0.80128, -0.36099][0.31050, 0.52196, 0][0.177098, 1.25637, 0.270155][-0.56573, 0.78996, -0.23648][0.29265, 0.52736, 0][0.133959, 1.32657, 0.155165][-0.60183, 0.74782, -0.28028][0.31524, 0.52563, 0][0.10702, 1.3365, 0.176454][-0.47711, 0.80128, -0.36099][0.31050, 0.52196, 0][0.140142, 1.26893, 0.299975][-0.44975, 0.83578, -0.31494][0.28600, 0.52266, 0][0.177098, 1.25637, 0.270155][-0.56573, 0.78996, -0.23648][0.29265, 0.52736, 0][0.154695, 1.22895, -0.047228][-0.74108, 0.10069, 0.66382][0.36658, 0.55484, 0][0.174541, 1.12387, -0.041771][-0.58980, 0.11934, 0.79869][0.37063, 0.56874, 0][0.131475, 1.21748, -0.069898][-0.62168, 0.00044, 0.78327][0.37411, 0.55787, 0][0.154695, 1.22895, -0.047228][-0.74108, 0.10069, 0.66382][0.36658, 0.55484, 0][0.206455, 1.13743, -0.010692][-0.69887, 0.22147, 0.68010][0.36075, 0.56487, 0][0.174541, 1.12387, -0.041771][-0.58980, 0.11934, 0.79869][0.37063, 0.56874, 0][0.133959, 1.32657, 0.155165][-0.60183, 0.74782, -0.28028][0.31524, 0.52563, 0][0.207545, 1.24135, 0.234386][-0.66233, 0.73590, -0.14060][0.30069, 0.53254, 0][0.156102, 1.31459, 0.129608][-0.70716, 0.68348, -0.18108][0.32110, 0.52968, 0][0.133959, 1.32657, 0.155165][-0.60183, 0.74782, -0.28028][0.31524, 0.52563, 0][0.177098, 1.25637, 0.270155][-0.56573, 0.78996, -0.23648][0.29265, 0.52736, 0][0.207545, 1.24135, 0.234386][-0.66233, 0.73590, -0.14060][0.30069, 0.53254, 0][0.131475, 1.21748, -0.069898][-0.62168, 0.00044, 0.78327][0.37411, 0.55787, 0][0.135459, 1.11285, -0.066805][-0.45216, 0.03049, 0.89142][0.38015, 0.57176, 0][0.103103, 1.2081, -0.08817][-0.47382, -0.08338, 0.87667][0.38130, 0.56024, 0][0.131475, 1.21748, -0.069898][-0.62168, 0.00044, 0.78327][0.37411, 0.55787, 0][0.174541, 1.12387, -0.041771][-0.58980, 0.11934, 0.79869][0.37063, 0.56874, 0][0.135459, 1.11285, -0.066805][-0.45216, 0.03049, 0.89142][0.38015, 0.57176, 0][0.156102, 1.31459, 0.129608][-0.70716, 0.68348, -0.18108][0.32110, 0.52968, 0][0.230295, 1.22454, 0.194261][-0.73781, 0.67440, -0.02877][0.30975, 0.53809, 0][0.172584, 1.30106, 0.100791][-0.79028, 0.60928, -0.06510][0.32785, 0.53400, 0][0.156102, 1.31459, 0.129608][-0.70716, 0.68348, -0.18108][0.32110, 0.52968, 0][0.207545, 1.24135, 0.234386][-0.66233, 0.73590, -0.14060][0.30069, 0.53254, 0][0.230295, 1.22454, 0.194261][-0.73781, 0.67440, -0.02877][0.30975, 0.53809, 0][0.103103, 1.2081, -0.08817][-0.47382, -0.08338, 0.87667][0.38130, 0.56024, 0][0.090731, 1.10472, -0.084807][-0.29565, -0.03719, 0.95457][0.38924, 0.57381, 0][0.070675, 1.20112, -0.101173][-0.30981, -0.14426, 0.93979][0.38807, 0.56186, 0][0.103103, 1.2081, -0.08817][-0.47382, -0.08338, 0.87667][0.38130, 0.56024, 0][0.135459, 1.11285, -0.066805][-0.45216, 0.03049, 0.89142][0.38015, 0.57176, 0][0.090731, 1.10472, -0.084807][-0.29565, -0.03719, 0.95457][0.38924, 0.57381, 0][0.172584, 1.30106, 0.100791][-0.79028, 0.60928, -0.06510][0.32785, 0.53400, 0][0.244401, 1.20662, 0.151495][-0.79020, 0.60509, 0.09719][0.31961, 0.54383, 0][0.182735, 1.28651, 0.070019][-0.84834, 0.52534, 0.06590][0.33522, 0.53846, 0][0.172584, 1.30106, 0.100791][-0.79028, 0.60928, -0.06510][0.32785, 0.53400, 0][0.230295, 1.22454, 0.194261][-0.73781, 0.67440, -0.02877][0.30975, 0.53809, 0][0.244401, 1.20662, 0.151495][-0.79020, 0.60509, 0.09719][0.31961, 0.54383, 0][0.070675, 1.20112, -0.101173][-0.30981, -0.14426, 0.93979][0.38807, 0.56186, 0][0.042172, 1.09965, -0.095116][-0.12576, -0.07680, 0.98908][0.39790, 0.57481, 0][0.035513, 1.19676, -0.108797][-0.13053, -0.17742, 0.97544][0.39446, 0.56269, 0][0.070675, 1.20112, -0.101173][-0.30981, -0.14426, 0.93979][0.38807, 0.56186, 0][0.090731, 1.10472, -0.084807][-0.29565, -0.03719, 0.95457][0.38924, 0.57381, 0][0.042172, 1.09965, -0.095116][-0.12576, -0.07680, 0.98908][0.39790, 0.57481, 0][0.023582, 1.39175, -0.185853][-0.15094, -0.51066, 0.84643][0.88756, 0.75484, 0][-0.019324, 1.28532, -0.132494][0.02356, -0.35140, 0.93593][0.90017, 0.73636, 0][-0.020767, 1.39054, -0.186494][0.02085, -0.51970, 0.85409][0.88414, 0.74970, 0][0.023582, 1.39175, -0.185853][-0.15094, -0.51066, 0.84643][0.88756, 0.75484, 0][0.025173, 1.28657, -0.131467][-0.14035, -0.34207, 0.92913][0.90375, 0.74123, 0][-0.019324, 1.28532, -0.132494][0.02356, -0.35140, 0.93593][0.90017, 0.73636, 0][0.102891, 1.38585, 0.079434][-0.66538, 0.63433, -0.39357][0.32968, 0.52299, 0][0.156102, 1.31459, 0.129608][-0.70716, 0.68348, -0.18108][0.32110, 0.52968, 0][0.120143, 1.37679, 0.059173][-0.77929, 0.55949, -0.28227][0.33431, 0.52615, 0][0.102891, 1.38585, 0.079434][-0.66538, 0.63433, -0.39357][0.32968, 0.52299, 0][0.133959, 1.32657, 0.155165][-0.60183, 0.74782, -0.28028][0.31524, 0.52563, 0][0.156102, 1.31459, 0.129608][-0.70716, 0.68348, -0.18108][0.32110, 0.52968, 0][0.099896, 1.3026, -0.100082][-0.66316, -0.16762, 0.72947][0.37696, 0.54835, 0][0.103103, 1.2081, -0.08817][-0.47382, -0.08338, 0.87667][0.38130, 0.56024, 0][0.077739, 1.29536, -0.114675][-0.50804, -0.24878, 0.82462][0.38262, 0.55022, 0][0.099896, 1.3026, -0.100082][-0.66316, -0.16762, 0.72947][0.37696, 0.54835, 0][0.131475, 1.21748, -0.069898][-0.62168, 0.00044, 0.78327][0.37411, 0.55787, 0][0.103103, 1.2081, -0.08817][-0.47382, -0.08338, 0.87667][0.38130, 0.56024, 0][0.120143, 1.37679, 0.059173][-0.77929, 0.55949, -0.28227][0.33431, 0.52615, 0][0.172584, 1.30106, 0.100791][-0.79028, 0.60928, -0.06510][0.32785, 0.53400, 0][0.132909, 1.36654, 0.036333][-0.86717, 0.47357, -0.15409][0.33970, 0.52953, 0][0.120143, 1.37679, 0.059173][-0.77929, 0.55949, -0.28227][0.33431, 0.52615, 0][0.156102, 1.31459, 0.129608][-0.70716, 0.68348, -0.18108][0.32110, 0.52968, 0][0.172584, 1.30106, 0.100791][-0.79028, 0.60928, -0.06510][0.32785, 0.53400, 0][0.077739, 1.29536, -0.114675][-0.50804, -0.24878, 0.82462][0.38262, 0.55022, 0][0.070675, 1.20112, -0.101173][-0.30981, -0.14426, 0.93979][0.38807, 0.56186, 0][0.052504, 1.28995, -0.125283][-0.33666, -0.30756, 0.88998][0.38794, 0.55151, 0][0.077739, 1.29536, -0.114675][-0.50804, -0.24878, 0.82462][0.38262, 0.55022, 0][0.103103, 1.2081, -0.08817][-0.47382, -0.08338, 0.87667][0.38130, 0.56024, 0][0.070675, 1.20112, -0.101173][-0.30981, -0.14426, 0.93979][0.38807, 0.56186, 0][0.132909, 1.36654, 0.036333][-0.86717, 0.47357, -0.15409][0.33970, 0.52953, 0][0.182735, 1.28651, 0.070019][-0.84834, 0.52534, 0.06590][0.33522, 0.53846, 0][0.140676, 1.3555, 0.011779][-0.92586, 0.37768, -0.01178][0.34567, 0.53304, 0][0.132909, 1.36654, 0.036333][-0.86717, 0.47357, -0.15409][0.33970, 0.52953, 0][0.172584, 1.30106, 0.100791][-0.79028, 0.60928, -0.06510][0.32785, 0.53400, 0][0.182735, 1.28651, 0.070019][-0.84834, 0.52534, 0.06590][0.33522, 0.53846, 0][0.052504, 1.28995, -0.125283][-0.33666, -0.30756, 0.88998][0.38794, 0.55151, 0][0.035513, 1.19676, -0.108797][-0.13053, -0.17742, 0.97544][0.39446, 0.56269, 0][0.025173, 1.28657, -0.131467][-0.14035, -0.34207, 0.92913][0.39290, 0.55218, 0][0.052504, 1.28995, -0.125283][-0.33666, -0.30756, 0.88998][0.38794, 0.55151, 0][0.070675, 1.20112, -0.101173][-0.30981, -0.14426, 0.93979][0.38807, 0.56186, 0][0.035513, 1.19676, -0.108797][-0.13053, -0.17742, 0.97544][0.39446, 0.56269, 0][0.140676, 1.3555, 0.011779][-0.92586, 0.37768, -0.01178][0.34567, 0.53304, 0][0.186091, 1.27155, 0.03833][-0.87751, 0.42977, 0.21277][0.34307, 0.54294, 0][0.143106, 1.34413, -0.013535][-0.95164, 0.27159, 0.14360][0.35201, 0.53657, 0][0.140676, 1.3555, 0.011779][-0.92586, 0.37768, -0.01178][0.34567, 0.53304, 0][0.182735, 1.28651, 0.070019][-0.84834, 0.52534, 0.06590][0.33522, 0.53846, 0][0.186091, 1.27155, 0.03833][-0.87751, 0.42977, 0.21277][0.34307, 0.54294, 0][-0.011462, 1.40337, 0.121339][-0.01708, 0.78615, -0.61779][0.32129, 0.51250, 0][0.042924, 1.3485, 0.203301][-0.16444, 0.87111, -0.46274][0.30496, 0.51587, 0][0.031549, 1.40228, 0.117512][-0.17986, 0.77745, -0.60268][0.32168, 0.51547, 0][-0.011462, 1.40337, 0.121339][-0.01708, 0.78615, -0.61779][0.32129, 0.51250, 0][-0.009001, 1.35002, 0.208097][-0.01332, 0.87865, -0.47728][0.30468, 0.51221, 0][0.042924, 1.3485, 0.203301][-0.16444, 0.87111, -0.46274][0.30496, 0.51587, 0][0.025173, 1.28657, -0.131467][-0.14035, -0.34207, 0.92913][0.39290, 0.55218, 0][-0.01886, 1.19518, -0.110072][0.02427, -0.18607, 0.98224][0.40336, 0.56248, 0][-0.019324, 1.28532, -0.132494][0.02356, -0.35140, 0.93593][0.40016, 0.55203, 0][0.025173, 1.28657, -0.131467][-0.14035, -0.34207, 0.92913][0.39290, 0.55218, 0][0.035513, 1.19676, -0.108797][-0.13053, -0.17742, 0.97544][0.39446, 0.56269, 0][-0.01886, 1.19518, -0.110072][0.02427, -0.18607, 0.98224][0.40336, 0.56248, 0][0.143106, 1.34413, -0.013535][-0.95164, 0.27159, 0.14360][0.35201, 0.53657, 0][0.182465, 1.25653, 0.007748][-0.87128, 0.32259, 0.36987][0.35096, 0.54725, 0][0.140087, 1.33258, -0.037753][-0.93900, 0.15739, 0.30580][0.35836, 0.53996, 0][0.143106, 1.34413, -0.013535][-0.95164, 0.27159, 0.14360][0.35201, 0.53657, 0][0.186091, 1.27155, 0.03833][-0.87751, 0.42977, 0.21277][0.34307, 0.54294, 0][0.182465, 1.25653, 0.007748][-0.87128, 0.32259, 0.36987][0.35096, 0.54725, 0][0.031549, 1.40228, 0.117512][-0.17986, 0.77745, -0.60268][0.32168, 0.51547, 0][0.076288, 1.34392, 0.192806][-0.33452, 0.84268, -0.42188][0.30700, 0.51870, 0][0.057741, 1.39887, 0.109263][-0.37042, 0.74461, -0.55528][0.32325, 0.51763, 0][0.031549, 1.40228, 0.117512][-0.17986, 0.77745, -0.60268][0.32168, 0.51547, 0][0.042924, 1.3485, 0.203301][-0.16444, 0.87111, -0.46274][0.30496, 0.51587, 0][0.076288, 1.34392, 0.192806][-0.33452, 0.84268, -0.42188][0.30700, 0.51870, 0][0.140087, 1.33258, -0.037753][-0.93900, 0.15739, 0.30580][0.35836, 0.53996, 0][0.171894, 1.24212, -0.021017][-0.82565, 0.21052, 0.52344][0.35882, 0.55125, 0][0.131656, 1.32154, -0.06083][-0.88522, 0.04163, 0.46331][0.36473, 0.54313, 0][0.140087, 1.33258, -0.037753][-0.93900, 0.15739, 0.30580][0.35836, 0.53996, 0][0.182465, 1.25653, 0.007748][-0.87128, 0.32259, 0.36987][0.35096, 0.54725, 0][0.171894, 1.24212, -0.021017][-0.82565, 0.21052, 0.52344][0.35882, 0.55125, 0][0.057741, 1.39887, 0.109263][-0.37042, 0.74461, -0.55528][0.32325, 0.51763, 0][0.10702, 1.3365, 0.176454][-0.47711, 0.80128, -0.36099][0.31050, 0.52196, 0][0.081818, 1.39331, 0.096396][-0.52806, 0.69669, -0.48556][0.32594, 0.52013, 0][0.057741, 1.39887, 0.109263][-0.37042, 0.74461, -0.55528][0.32325, 0.51763, 0][0.076288, 1.34392, 0.192806][-0.33452, 0.84268, -0.42188][0.30700, 0.51870, 0][0.10702, 1.3365, 0.176454][-0.47711, 0.80128, -0.36099][0.31050, 0.52196, 0][0.131656, 1.32154, -0.06083][-0.88522, 0.04163, 0.46331][0.36473, 0.54313, 0][0.154695, 1.22895, -0.047228][-0.74108, 0.10069, 0.66382][0.36658, 0.55484, 0][0.118097, 1.31143, -0.081886][-0.79151, -0.06905, 0.60724][0.37097, 0.54596, 0][0.131656, 1.32154, -0.06083][-0.88522, 0.04163, 0.46331][0.36473, 0.54313, 0][0.171894, 1.24212, -0.021017][-0.82565, 0.21052, 0.52344][0.35882, 0.55125, 0][0.154695, 1.22895, -0.047228][-0.74108, 0.10069, 0.66382][0.36658, 0.55484, 0][0.081818, 1.39331, 0.096396][-0.52806, 0.69669, -0.48556][0.32594, 0.52013, 0][0.133959, 1.32657, 0.155165][-0.60183, 0.74782, -0.28028][0.31524, 0.52563, 0][0.102891, 1.38585, 0.079434][-0.66538, 0.63433, -0.39357][0.32968, 0.52299, 0][0.081818, 1.39331, 0.096396][-0.52806, 0.69669, -0.48556][0.32594, 0.52013, 0][0.10702, 1.3365, 0.176454][-0.47711, 0.80128, -0.36099][0.31050, 0.52196, 0][0.133959, 1.32657, 0.155165][-0.60183, 0.74782, -0.28028][0.31524, 0.52563, 0][0.023341, 1.63349, -0.061635][-0.20415, 0.36942, -0.90656][0.87062, 0.84428, 0][0.050731, 1.49454, 0.014857][-0.40590, 0.57872, -0.70735][0.89238, 0.83122, 0][0.045217, 1.62987, -0.068355][-0.41871, 0.34786, -0.83886][0.87060, 0.84094, 0][0.023341, 1.63349, -0.061635][-0.20415, 0.36942, -0.90656][0.87062, 0.84428, 0][0.028899, 1.49749, 0.021673][-0.19410, 0.61319, -0.76572][0.89258, 0.83478, 0][0.050731, 1.49454, 0.014857][-0.40590, 0.57872, -0.70735][0.89238, 0.83122, 0][0.121637, 1.44554, -0.087001][-0.99466, 0.08419, 0.05978][0.89241, 0.79513, 0][0.140087, 1.33258, -0.037753][-0.93900, 0.15739, 0.30580][0.90894, 0.77868, 0][0.119075, 1.43491, -0.107251][-0.97521, -0.02738, 0.21960][0.89213, 0.78793, 0][0.121637, 1.44554, -0.087001][-0.99466, 0.08419, 0.05978][0.89241, 0.79513, 0][0.143106, 1.34413, -0.013535][-0.95164, 0.27159, 0.14360][0.90920, 0.78716, 0][0.140087, 1.33258, -0.037753][-0.93900, 0.15739, 0.30580][0.90894, 0.77868, 0][0.028899, 1.49749, 0.021673][-0.19410, 0.61319, -0.76572][0.89258, 0.83478, 0][0.057741, 1.39887, 0.109263][-0.37042, 0.74461, -0.55528][0.90894, 0.82952, 0][0.050731, 1.49454, 0.014857][-0.40590, 0.57872, -0.70735][0.89238, 0.83122, 0][0.028899, 1.49749, 0.021673][-0.19410, 0.61319, -0.76572][0.89258, 0.83478, 0][0.031549, 1.40228, 0.117512][-0.17986, 0.77745, -0.60268][0.90903, 0.83357, 0][0.057741, 1.39887, 0.109263][-0.37042, 0.74461, -0.55528][0.90894, 0.82952, 0][0.119075, 1.43491, -0.107251][-0.97521, -0.02738, 0.21960][0.89213, 0.78793, 0][0.131656, 1.32154, -0.06083][-0.88522, 0.04163, 0.46331][0.90853, 0.77050, 0][0.112024, 1.42467, -0.126575][-0.91696, -0.13887, 0.37403][0.89168, 0.78088, 0][0.119075, 1.43491, -0.107251][-0.97521, -0.02738, 0.21960][0.89213, 0.78793, 0][0.140087, 1.33258, -0.037753][-0.93900, 0.15739, 0.30580][0.90894, 0.77868, 0][0.131656, 1.32154, -0.06083][-0.88522, 0.04163, 0.46331][0.90853, 0.77050, 0][0.050731, 1.49454, 0.014857][-0.40590, 0.57872, -0.70735][0.89238, 0.83122, 0][0.081818, 1.39331, 0.096396][-0.52806, 0.69669, -0.48556][0.90894, 0.82456, 0][0.070785, 1.4897, 0.00427][-0.57833, 0.52700, -0.62274][0.89238, 0.82689, 0][0.050731, 1.49454, 0.014857][-0.40590, 0.57872, -0.70735][0.89238, 0.83122, 0][0.057741, 1.39887, 0.109263][-0.37042, 0.74461, -0.55528][0.90894, 0.82952, 0][0.081818, 1.39331, 0.096396][-0.52806, 0.69669, -0.48556][0.90894, 0.82456, 0][0.112024, 1.42467, -0.126575][-0.91696, -0.13887, 0.37403][0.89168, 0.78088, 0][0.118097, 1.31143, -0.081886][-0.79151, -0.06905, 0.60724][0.90798, 0.76288, 0][0.100722, 1.41522, -0.144185][-0.82090, -0.24491, 0.51589][0.89113, 0.77420, 0][0.112024, 1.42467, -0.126575][-0.91696, -0.13887, 0.37403][0.89168, 0.78088, 0][0.131656, 1.32154, -0.06083][-0.88522, 0.04163, 0.46331][0.90853, 0.77050, 0][0.118097, 1.31143, -0.081886][-0.79151, -0.06905, 0.60724][0.90798, 0.76288, 0][0.070785, 1.4897, 0.00427][-0.57833, 0.52700, -0.62274][0.89238, 0.82689, 0][0.102891, 1.38585, 0.079434][-0.66538, 0.63433, -0.39357][0.90904, 0.81862, 0][0.088317, 1.48313, -0.009752][-0.72333, 0.45998, -0.51499][0.89248, 0.82173, 0][0.070785, 1.4897, 0.00427][-0.57833, 0.52700, -0.62274][0.89238, 0.82689, 0][0.081818, 1.39331, 0.096396][-0.52806, 0.69669, -0.48556][0.90894, 0.82456, 0][0.102891, 1.38585, 0.079434][-0.66538, 0.63433, -0.39357][0.90904, 0.81862, 0][0.100722, 1.41522, -0.144185][-0.82090, -0.24491, 0.51589][0.89113, 0.77420, 0][0.099896, 1.3026, -0.100082][-0.66316, -0.16762, 0.72947][0.90730, 0.75606, 0][0.085582, 1.40691, -0.159407][-0.69152, -0.33942, 0.63765][0.89047, 0.76812, 0][0.100722, 1.41522, -0.144185][-0.82090, -0.24491, 0.51589][0.89113, 0.77420, 0][0.118097, 1.31143, -0.081886][-0.79151, -0.06905, 0.60724][0.90798, 0.76288, 0][0.099896, 1.3026, -0.100082][-0.66316, -0.16762, 0.72947][0.90730, 0.75606, 0][0.088317, 1.48313, -0.009752][-0.72333, 0.45998, -0.51499][0.89248, 0.82173, 0][0.120143, 1.37679, 0.059173][-0.77929, 0.55949, -0.28227][0.90920, 0.81175, 0][0.102661, 1.4751, -0.026587][-0.83913, 0.38033, -0.38886][0.89259, 0.81582, 0][0.088317, 1.48313, -0.009752][-0.72333, 0.45998, -0.51499][0.89248, 0.82173, 0][0.102891, 1.38585, 0.079434][-0.66538, 0.63433, -0.39357][0.90904, 0.81862, 0][0.120143, 1.37679, 0.059173][-0.77929, 0.55949, -0.28227][0.90920, 0.81175, 0][0.085582, 1.40691, -0.159407][-0.69152, -0.33942, 0.63765][0.89047, 0.76812, 0][0.077739, 1.29536, -0.114675][-0.50804, -0.24878, 0.82462][0.90644, 0.75018, 0][0.067189, 1.40007, -0.171703][-0.53565, -0.41714, 0.73421][0.88971, 0.76280, 0][0.085582, 1.40691, -0.159407][-0.69152, -0.33942, 0.63765][0.89047, 0.76812, 0][0.099896, 1.3026, -0.100082][-0.66316, -0.16762, 0.72947][0.90730, 0.75606, 0][0.077739, 1.29536, -0.114675][-0.50804, -0.24878, 0.82462][0.90644, 0.75018, 0][0.102661, 1.4751, -0.026587][-0.83913, 0.38033, -0.38886][0.89259, 0.81582, 0][0.132909, 1.36654, 0.036333][-0.86717, 0.47357, -0.15409][0.90934, 0.80406, 0][0.113251, 1.46592, -0.04556][-0.92420, 0.29000, -0.24852][0.89266, 0.80931, 0][0.102661, 1.4751, -0.026587][-0.83913, 0.38033, -0.38886][0.89259, 0.81582, 0][0.120143, 1.37679, 0.059173][-0.77929, 0.55949, -0.28227][0.90920, 0.81175, 0][0.132909, 1.36654, 0.036333][-0.86717, 0.47357, -0.15409][0.90934, 0.80406, 0][0.067189, 1.40007, -0.171703][-0.53565, -0.41714, 0.73421][0.88971, 0.76280, 0][0.052504, 1.28995, -0.125283][-0.33666, -0.30756, 0.88998][0.90531, 0.74524, 0][0.046249, 1.39495, -0.180651][-0.35960, -0.47454, 0.80343][0.88877, 0.75836, 0][0.067189, 1.40007, -0.171703][-0.53565, -0.41714, 0.73421][0.88971, 0.76280, 0][0.077739, 1.29536, -0.114675][-0.50804, -0.24878, 0.82462][0.90644, 0.75018, 0][0.052504, 1.28995, -0.125283][-0.33666, -0.30756, 0.88998][0.90531, 0.74524, 0][0.113251, 1.46592, -0.04556][-0.92420, 0.29000, -0.24852][0.89266, 0.80931, 0][0.140676, 1.3555, 0.011779][-0.92586, 0.37768, -0.01178][0.90936, 0.79577, 0][0.119667, 1.45593, -0.065949][-0.97671, 0.19089, -0.09797][0.89261, 0.80235, 0][0.113251, 1.46592, -0.04556][-0.92420, 0.29000, -0.24852][0.89266, 0.80931, 0][0.132909, 1.36654, 0.036333][-0.86717, 0.47357, -0.15409][0.90934, 0.80406, 0][0.140676, 1.3555, 0.011779][-0.92586, 0.37768, -0.01178][0.90936, 0.79577, 0][0.046249, 1.39495, -0.180651][-0.35960, -0.47454, 0.80343][0.88877, 0.75836, 0][0.025173, 1.28657, -0.131467][-0.14035, -0.34207, 0.92913][0.90375, 0.74123, 0][0.023582, 1.39175, -0.185853][-0.15094, -0.51066, 0.84643][0.88756, 0.75484, 0][0.046249, 1.39495, -0.180651][-0.35960, -0.47454, 0.80343][0.88877, 0.75836, 0][0.052504, 1.28995, -0.125283][-0.33666, -0.30756, 0.88998][0.90531, 0.74524, 0][0.025173, 1.28657, -0.131467][-0.14035, -0.34207, 0.92913][0.90375, 0.74123, 0][0.119667, 1.45593, -0.065949][-0.97671, 0.19089, -0.09797][0.89261, 0.80235, 0][0.143106, 1.34413, -0.013535][-0.95164, 0.27159, 0.14360][0.90920, 0.78716, 0][0.121637, 1.44554, -0.087001][-0.99466, 0.08419, 0.05978][0.89241, 0.79513, 0][0.119667, 1.45593, -0.065949][-0.97671, 0.19089, -0.09797][0.89261, 0.80235, 0][0.140676, 1.3555, 0.011779][-0.92586, 0.37768, -0.01178][0.90936, 0.79577, 0][0.143106, 1.34413, -0.013535][-0.95164, 0.27159, 0.14360][0.90920, 0.78716, 0][-0.014221, 1.49836, 0.025059][-0.01905, 0.62144, -0.78323][0.89361, 0.84019, 0][0.031549, 1.40228, 0.117512][-0.17986, 0.77745, -0.60268][0.90903, 0.83357, 0][0.028899, 1.49749, 0.021673][-0.19410, 0.61319, -0.76572][0.89258, 0.83478, 0][-0.014221, 1.49836, 0.025059][-0.01905, 0.62144, -0.78323][0.89361, 0.84019, 0][-0.011462, 1.40337, 0.121339][-0.01708, 0.78615, -0.61779][0.90936, 0.83878, 0][0.031549, 1.40228, 0.117512][-0.17986, 0.77745, -0.60268][0.90903, 0.83357, 0][0.074936, 1.72525, -0.106661][-0.59880, 0.31535, -0.73620][0.85496, 0.84597, 0][0.082873, 1.6159, -0.092578][-0.73898, 0.25072, -0.62534][0.87181, 0.83195, 0][0.097696, 1.71465, -0.125044][-0.74549, 0.25456, -0.61599][0.85655, 0.84083, 0][0.074936, 1.72525, -0.106661][-0.59880, 0.31535, -0.73620][0.85496, 0.84597, 0][0.065311, 1.62393, -0.078792][-0.59244, 0.30796, -0.74442][0.87108, 0.83684, 0][0.082873, 1.6159, -0.092578][-0.73898, 0.25072, -0.62534][0.87181, 0.83195, 0][0.1137, 1.55702, -0.188658][-0.97379, -0.19839, 0.11122][0.87376, 0.79936, 0][0.112024, 1.42467, -0.126575][-0.91696, -0.13887, 0.37403][0.89168, 0.78088, 0][0.106647, 1.54456, -0.207625][-0.91526, -0.30742, 0.26038][0.87342, 0.79251, 0][0.1137, 1.55702, -0.188658][-0.97379, -0.19839, 0.11122][0.87376, 0.79936, 0][0.119075, 1.43491, -0.107251][-0.97521, -0.02738, 0.21960][0.89213, 0.78793, 0][0.112024, 1.42467, -0.126575][-0.91696, -0.13887, 0.37403][0.89168, 0.78088, 0][0.045217, 1.62987, -0.068355][-0.41871, 0.34786, -0.83886][0.87060, 0.84094, 0][0.070785, 1.4897, 0.00427][-0.57833, 0.52700, -0.62274][0.89238, 0.82689, 0][0.065311, 1.62393, -0.078792][-0.59244, 0.30796, -0.74442][0.87108, 0.83684, 0][0.045217, 1.62987, -0.068355][-0.41871, 0.34786, -0.83886][0.87060, 0.84094, 0][0.050731, 1.49454, 0.014857][-0.40590, 0.57872, -0.70735][0.89238, 0.83122, 0][0.070785, 1.4897, 0.00427][-0.57833, 0.52700, -0.62274][0.89238, 0.82689, 0][0.106647, 1.54456, -0.207625][-0.91526, -0.30742, 0.26038][0.87342, 0.79251, 0][0.100722, 1.41522, -0.144185][-0.82090, -0.24491, 0.51589][0.89113, 0.77420, 0][0.095338, 1.53305, -0.224917][-0.82017, -0.41261, 0.39632][0.87278, 0.78599, 0][0.106647, 1.54456, -0.207625][-0.91526, -0.30742, 0.26038][0.87342, 0.79251, 0][0.112024, 1.42467, -0.126575][-0.91696, -0.13887, 0.37403][0.89168, 0.78088, 0][0.100722, 1.41522, -0.144185][-0.82090, -0.24491, 0.51589][0.89113, 0.77420, 0][0.065311, 1.62393, -0.078792][-0.59244, 0.30796, -0.74442][0.87108, 0.83684, 0][0.088317, 1.48313, -0.009752][-0.72333, 0.45998, -0.51499][0.89248, 0.82173, 0][0.082873, 1.6159, -0.092578][-0.73898, 0.25072, -0.62534][0.87181, 0.83195, 0][0.065311, 1.62393, -0.078792][-0.59244, 0.30796, -0.74442][0.87108, 0.83684, 0][0.070785, 1.4897, 0.00427][-0.57833, 0.52700, -0.62274][0.89238, 0.82689, 0][0.088317, 1.48313, -0.009752][-0.72333, 0.45998, -0.51499][0.89248, 0.82173, 0][0.095338, 1.53305, -0.224917][-0.82017, -0.41261, 0.39632][0.87278, 0.78599, 0][0.085582, 1.40691, -0.159407][-0.69152, -0.33942, 0.63765][0.89047, 0.76812, 0][0.080188, 1.52294, -0.239882][-0.69248, -0.50794, 0.51232][0.87186, 0.77999, 0][0.095338, 1.53305, -0.224917][-0.82017, -0.41261, 0.39632][0.87278, 0.78599, 0][0.100722, 1.41522, -0.144185][-0.82090, -0.24491, 0.51589][0.89113, 0.77420, 0][0.085582, 1.40691, -0.159407][-0.69152, -0.33942, 0.63765][0.89047, 0.76812, 0][0.082873, 1.6159, -0.092578][-0.73898, 0.25072, -0.62534][0.87181, 0.83195, 0][0.102661, 1.4751, -0.026587][-0.83913, 0.38033, -0.38886][0.89259, 0.81582, 0][0.097239, 1.60608, -0.109168][-0.85202, 0.18055, -0.49139][0.87256, 0.82631, 0][0.082873, 1.6159, -0.092578][-0.73898, 0.25072, -0.62534][0.87181, 0.83195, 0][0.088317, 1.48313, -0.009752][-0.72333, 0.45998, -0.51499][0.89248, 0.82173, 0][0.102661, 1.4751, -0.026587][-0.83913, 0.38033, -0.38886][0.89259, 0.81582, 0][0.080188, 1.52294, -0.239882][-0.69248, -0.50794, 0.51232][0.87186, 0.77999, 0][0.067189, 1.40007, -0.171703][-0.53565, -0.41714, 0.73421][0.88971, 0.76280, 0][0.061775, 1.51462, -0.251998][-0.53795, -0.58856, 0.60349][0.87087, 0.77456, 0][0.080188, 1.52294, -0.239882][-0.69248, -0.50794, 0.51232][0.87186, 0.77999, 0][0.085582, 1.40691, -0.159407][-0.69152, -0.33942, 0.63765][0.89047, 0.76812, 0][0.067189, 1.40007, -0.171703][-0.53565, -0.41714, 0.73421][0.88971, 0.76280, 0][0.097239, 1.60608, -0.109168][-0.85202, 0.18055, -0.49139][0.87256, 0.82631, 0][0.113251, 1.46592, -0.04556][-0.92420, 0.29000, -0.24852][0.89266, 0.80931, 0][0.10785, 1.59486, -0.127888][-0.93183, 0.09996, -0.34885][0.87319, 0.82005, 0][0.097239, 1.60608, -0.109168][-0.85202, 0.18055, -0.49139][0.87256, 0.82631, 0][0.102661, 1.4751, -0.026587][-0.83913, 0.38033, -0.38886][0.89259, 0.81582, 0][0.113251, 1.46592, -0.04556][-0.92420, 0.29000, -0.24852][0.89266, 0.80931, 0][0.061775, 1.51462, -0.251998][-0.53795, -0.58856, 0.60349][0.87087, 0.77456, 0][0.046249, 1.39495, -0.180651][-0.35960, -0.47454, 0.80343][0.88877, 0.75836, 0][0.040806, 1.5084, -0.260789][-0.36277, -0.65090, 0.66688][0.86974, 0.76994, 0][0.061775, 1.51462, -0.251998][-0.53795, -0.58856, 0.60349][0.87087, 0.77456, 0][0.067189, 1.40007, -0.171703][-0.53565, -0.41714, 0.73421][0.88971, 0.76280, 0][0.046249, 1.39495, -0.180651][-0.35960, -0.47454, 0.80343][0.88877, 0.75836, 0][0.10785, 1.59486, -0.127888][-0.93183, 0.09996, -0.34885][0.87319, 0.82005, 0][0.119667, 1.45593, -0.065949][-0.97671, 0.19089, -0.09797][0.89261, 0.80235, 0][0.114279, 1.58267, -0.148005][-0.98038, 0.00785, -0.19695][0.87362, 0.81333, 0][0.10785, 1.59486, -0.127888][-0.93183, 0.09996, -0.34885][0.87319, 0.82005, 0][0.113251, 1.46592, -0.04556][-0.92420, 0.29000, -0.24852][0.89266, 0.80931, 0][0.119667, 1.45593, -0.065949][-0.97671, 0.19089, -0.09797][0.89261, 0.80235, 0][0.040806, 1.5084, -0.260789][-0.36277, -0.65090, 0.66688][0.86974, 0.76994, 0][0.023582, 1.39175, -0.185853][-0.15094, -0.51066, 0.84643][0.88756, 0.75484, 0][0.018102, 1.50453, -0.265898][-0.15428, -0.69656, 0.70071][0.86854, 0.76615, 0][0.040806, 1.5084, -0.260789][-0.36277, -0.65090, 0.66688][0.86974, 0.76994, 0][0.046249, 1.39495, -0.180651][-0.35960, -0.47454, 0.80343][0.88877, 0.75836, 0][0.023582, 1.39175, -0.185853][-0.15094, -0.51066, 0.84643][0.88756, 0.75484, 0][0.114279, 1.58267, -0.148005][-0.98038, 0.00785, -0.19695][0.87362, 0.81333, 0][0.121637, 1.44554, -0.087001][-0.99466, 0.08419, 0.05978][0.89241, 0.79513, 0][0.116257, 1.56998, -0.168757][-0.99483, -0.09208, -0.04280][0.87379, 0.80634, 0][0.114279, 1.58267, -0.148005][-0.98038, 0.00785, -0.19695][0.87362, 0.81333, 0][0.119667, 1.45593, -0.065949][-0.97671, 0.19089, -0.09797][0.89261, 0.80235, 0][0.121637, 1.44554, -0.087001][-0.99466, 0.08419, 0.05978][0.89241, 0.79513, 0][-0.016647, 1.6346, -0.058384][-0.01820, 0.37017, -0.92879][0.87220, 0.84895, 0][0.028899, 1.49749, 0.021673][-0.19410, 0.61319, -0.76572][0.89258, 0.83478, 0][0.023341, 1.63349, -0.061635][-0.20415, 0.36942, -0.90656][0.87062, 0.84428, 0][-0.016647, 1.6346, -0.058384][-0.01820, 0.37017, -0.92879][0.87220, 0.84895, 0][-0.014221, 1.49836, 0.025059][-0.01905, 0.62144, -0.78323][0.89361, 0.84019, 0][0.028899, 1.49749, 0.021673][-0.19410, 0.61319, -0.76572][0.89258, 0.83478, 0][0.018102, 1.50453, -0.265898][-0.15428, -0.69656, 0.70071][0.86854, 0.76615, 0][-0.020767, 1.39054, -0.186494][0.02085, -0.51970, 0.85409][0.88414, 0.74970, 0][-0.023022, 1.50312, -0.266614][0.02349, -0.71068, 0.70312][0.86635, 0.76073, 0][0.018102, 1.50453, -0.265898][-0.15428, -0.69656, 0.70071][0.86854, 0.76615, 0][0.023582, 1.39175, -0.185853][-0.15094, -0.51066, 0.84643][0.88756, 0.75484, 0][-0.020767, 1.39054, -0.186494][0.02085, -0.51970, 0.85409][0.88414, 0.74970, 0][0.116257, 1.56998, -0.168757][-0.99483, -0.09208, -0.04280][0.87379, 0.80634, 0][0.119075, 1.43491, -0.107251][-0.97521, -0.02738, 0.21960][0.89213, 0.78793, 0][0.1137, 1.55702, -0.188658][-0.97379, -0.19839, 0.11122][0.87376, 0.79936, 0][0.116257, 1.56998, -0.168757][-0.99483, -0.09208, -0.04280][0.87379, 0.80634, 0][0.121637, 1.44554, -0.087001][-0.99466, 0.08419, 0.05978][0.89241, 0.79513, 0][0.119075, 1.43491, -0.107251][-0.97521, -0.02738, 0.21960][0.89213, 0.78793, 0][0.011649, 1.62592, -0.394059][-0.16819, -0.48721, 0.85694][0.84820, 0.77463, 0][-0.02565, 1.56576, -0.356491][0.02414, -0.70050, 0.71324][0.85279, 0.76422, 0][-0.026769, 1.6243, -0.395646][0.02241, -0.49658, 0.86770][0.84468, 0.77109, 0][0.011649, 1.62592, -0.394059][-0.16819, -0.48721, 0.85694][0.84820, 0.77463, 0][0.013298, 1.56757, -0.355049][-0.16154, -0.68649, 0.70897][0.85499, 0.76853, 0][-0.02565, 1.56576, -0.356491][0.02414, -0.70050, 0.71324][0.85279, 0.76422, 0][0.113652, 1.60527, -0.300804][-0.82316, -0.40635, 0.39658][0.86097, 0.78899, 0][0.080188, 1.52294, -0.239882][-0.69248, -0.50794, 0.51232][0.87186, 0.77999, 0][0.093967, 1.59189, -0.320606][-0.69614, -0.50108, 0.51412][0.85973, 0.78238, 0][0.113652, 1.60527, -0.300804][-0.82316, -0.40635, 0.39658][0.86097, 0.78899, 0][0.095338, 1.53305, -0.224917][-0.82017, -0.41261, 0.39632][0.87278, 0.78599, 0][0.080188, 1.52294, -0.239882][-0.69248, -0.50794, 0.51232][0.87186, 0.77999, 0][0.097696, 1.71465, -0.125044][-0.74549, 0.25456, -0.61599][0.85655, 0.84083, 0][0.097239, 1.60608, -0.109168][-0.85202, 0.18055, -0.49139][0.87256, 0.82631, 0][0.116299, 1.70171, -0.147124][-0.85666, 0.18220, -0.48263][0.85823, 0.83485, 0][0.097696, 1.71465, -0.125044][-0.74549, 0.25456, -0.61599][0.85655, 0.84083, 0][0.082873, 1.6159, -0.092578][-0.73898, 0.25072, -0.62534][0.87181, 0.83195, 0][0.097239, 1.60608, -0.109168][-0.85202, 0.18055, -0.49139][0.87256, 0.82631, 0][0.093967, 1.59189, -0.320606][-0.69614, -0.50108, 0.51412][0.85973, 0.78238, 0][0.061775, 1.51462, -0.251998][-0.53795, -0.58856, 0.60349][0.87087, 0.77456, 0][0.07004, 1.58089, -0.336604][-0.54190, -0.58100, 0.60727][0.85818, 0.77679, 0][0.093967, 1.59189, -0.320606][-0.69614, -0.50108, 0.51412][0.85973, 0.78238, 0][0.080188, 1.52294, -0.239882][-0.69248, -0.50794, 0.51232][0.87186, 0.77999, 0][0.061775, 1.51462, -0.251998][-0.53795, -0.58856, 0.60349][0.87087, 0.77456, 0][0.116299, 1.70171, -0.147124][-0.85666, 0.18220, -0.48263][0.85823, 0.83485, 0][0.10785, 1.59486, -0.127888][-0.93183, 0.09996, -0.34885][0.87319, 0.82005, 0][0.13002, 1.68692, -0.172009][-0.93452, 0.10052, -0.34142][0.85978, 0.82799, 0][0.116299, 1.70171, -0.147124][-0.85666, 0.18220, -0.48263][0.85823, 0.83485, 0][0.097239, 1.60608, -0.109168][-0.85202, 0.18055, -0.49139][0.87256, 0.82631, 0][0.10785, 1.59486, -0.127888][-0.93183, 0.09996, -0.34885][0.87319, 0.82005, 0][0.07004, 1.58089, -0.336604][-0.54190, -0.58100, 0.60727][0.85818, 0.77679, 0][0.040806, 1.5084, -0.260789][-0.36277, -0.65090, 0.66688][0.86974, 0.76994, 0][0.042796, 1.57267, -0.348255][-0.36638, -0.64263, 0.67290][0.85657, 0.77223, 0][0.07004, 1.58089, -0.336604][-0.54190, -0.58100, 0.60727][0.85818, 0.77679, 0][0.061775, 1.51462, -0.251998][-0.53795, -0.58856, 0.60349][0.87087, 0.77456, 0][0.040806, 1.5084, -0.260789][-0.36277, -0.65090, 0.66688][0.86974, 0.76994, 0][0.13002, 1.68692, -0.172009][-0.93452, 0.10052, -0.34142][0.85978, 0.82799, 0][0.114279, 1.58267, -0.148005][-0.98038, 0.00785, -0.19695][0.87362, 0.81333, 0][0.138321, 1.67086, -0.198808][-0.98145, 0.00863, -0.19152][0.86099, 0.82037, 0][0.13002, 1.68692, -0.172009][-0.93452, 0.10052, -0.34142][0.85978, 0.82799, 0][0.10785, 1.59486, -0.127888][-0.93183, 0.09996, -0.34885][0.87319, 0.82005, 0][0.114279, 1.58267, -0.148005][-0.98038, 0.00785, -0.19695][0.87362, 0.81333, 0][0.042796, 1.57267, -0.348255][-0.36638, -0.64263, 0.67290][0.85657, 0.77223, 0][0.018102, 1.50453, -0.265898][-0.15428, -0.69656, 0.70071][0.86854, 0.76615, 0][0.013298, 1.56757, -0.355049][-0.16154, -0.68649, 0.70897][0.85499, 0.76853, 0][0.042796, 1.57267, -0.348255][-0.36638, -0.64263, 0.67290][0.85657, 0.77223, 0][0.040806, 1.5084, -0.260789][-0.36277, -0.65090, 0.66688][0.86974, 0.76994, 0][0.018102, 1.50453, -0.265898][-0.15428, -0.69656, 0.70071][0.86854, 0.76615, 0][0.138321, 1.67086, -0.198808][-0.98145, 0.00863, -0.19152][0.86099, 0.82037, 0][0.116257, 1.56998, -0.168757][-0.99483, -0.09208, -0.04280][0.87379, 0.80634, 0][0.140854, 1.6541, -0.226368][-0.99515, -0.08981, -0.04004][0.86176, 0.81230, 0][0.138321, 1.67086, -0.198808][-0.98145, 0.00863, -0.19152][0.86099, 0.82037, 0][0.114279, 1.58267, -0.148005][-0.98038, 0.00785, -0.19695][0.87362, 0.81333, 0][0.116257, 1.56998, -0.168757][-0.99483, -0.09208, -0.04280][0.87379, 0.80634, 0][-0.017276, 1.7394, -0.080034][-0.01939, 0.38632, -0.92216][0.85298, 0.85930, 0][0.023341, 1.63349, -0.061635][-0.20415, 0.36942, -0.90656][0.87062, 0.84428, 0][0.020514, 1.73787, -0.083872][-0.21615, 0.38309, -0.89807][0.85291, 0.85436, 0][-0.017276, 1.7394, -0.080034][-0.01939, 0.38632, -0.92216][0.85298, 0.85930, 0][-0.016647, 1.6346, -0.058384][-0.01820, 0.37017, -0.92879][0.87220, 0.84895, 0][0.023341, 1.63349, -0.061635][-0.20415, 0.36942, -0.90656][0.87062, 0.84428, 0][0.013298, 1.56757, -0.355049][-0.16154, -0.68649, 0.70897][0.85499, 0.76853, 0][-0.023022, 1.50312, -0.266614][0.02349, -0.71068, 0.70312][0.86635, 0.76073, 0][-0.02565, 1.56576, -0.356491][0.02414, -0.70050, 0.71324][0.85279, 0.76422, 0][0.013298, 1.56757, -0.355049][-0.16154, -0.68649, 0.70897][0.85499, 0.76853, 0][0.018102, 1.50453, -0.265898][-0.15428, -0.69656, 0.70071][0.86854, 0.76615, 0][-0.023022, 1.50312, -0.266614][0.02349, -0.71068, 0.70312][0.86635, 0.76073, 0][0.140854, 1.6541, -0.226368][-0.99515, -0.08981, -0.04004][0.86176, 0.81230, 0][0.1137, 1.55702, -0.188658][-0.97379, -0.19839, 0.11122][0.87376, 0.79936, 0][0.13751, 1.63699, -0.252778][-0.97450, -0.19447, 0.11197][0.86206, 0.80422, 0][0.140854, 1.6541, -0.226368][-0.99515, -0.08981, -0.04004][0.86176, 0.81230, 0][0.116257, 1.56998, -0.168757][-0.99483, -0.09208, -0.04280][0.87379, 0.80634, 0][0.1137, 1.55702, -0.188658][-0.97379, -0.19839, 0.11122][0.87376, 0.79936, 0][0.020514, 1.73787, -0.083872][-0.21615, 0.38309, -0.89807][0.85291, 0.85436, 0][0.045217, 1.62987, -0.068355][-0.41871, 0.34786, -0.83886][0.87060, 0.84094, 0][0.048886, 1.73308, -0.092783][-0.42562, 0.35852, -0.83085][0.85369, 0.85039, 0][0.020514, 1.73787, -0.083872][-0.21615, 0.38309, -0.89807][0.85291, 0.85436, 0][0.023341, 1.63349, -0.061635][-0.20415, 0.36942, -0.90656][0.87062, 0.84428, 0][0.045217, 1.62987, -0.068355][-0.41871, 0.34786, -0.83886][0.87060, 0.84094, 0][0.13751, 1.63699, -0.252778][-0.97450, -0.19447, 0.11197][0.86206, 0.80422, 0][0.106647, 1.54456, -0.207625][-0.91526, -0.30742, 0.26038][0.87342, 0.79251, 0][0.128341, 1.62049, -0.277871][-0.91701, -0.30219, 0.26035][0.86179, 0.79636, 0][0.13751, 1.63699, -0.252778][-0.97450, -0.19447, 0.11197][0.86206, 0.80422, 0][0.1137, 1.55702, -0.188658][-0.97379, -0.19839, 0.11122][0.87376, 0.79936, 0][0.106647, 1.54456, -0.207625][-0.91526, -0.30742, 0.26038][0.87342, 0.79251, 0][0.048886, 1.73308, -0.092783][-0.42562, 0.35852, -0.83085][0.85369, 0.85039, 0][0.065311, 1.62393, -0.078792][-0.59244, 0.30796, -0.74442][0.87108, 0.83684, 0][0.074936, 1.72525, -0.106661][-0.59880, 0.31535, -0.73620][0.85496, 0.84597, 0][0.048886, 1.73308, -0.092783][-0.42562, 0.35852, -0.83085][0.85369, 0.85039, 0][0.045217, 1.62987, -0.068355][-0.41871, 0.34786, -0.83886][0.87060, 0.84094, 0][0.065311, 1.62393, -0.078792][-0.59244, 0.30796, -0.74442][0.87108, 0.83684, 0][0.128341, 1.62049, -0.277871][-0.91701, -0.30219, 0.26035][0.86179, 0.79636, 0][0.095338, 1.53305, -0.224917][-0.82017, -0.41261, 0.39632][0.87278, 0.78599, 0][0.113652, 1.60527, -0.300804][-0.82316, -0.40635, 0.39658][0.86097, 0.78899, 0][0.128341, 1.62049, -0.277871][-0.91701, -0.30219, 0.26035][0.86179, 0.79636, 0][0.106647, 1.54456, -0.207625][-0.91526, -0.30742, 0.26038][0.87342, 0.79251, 0][0.095338, 1.53305, -0.224917][-0.82017, -0.41261, 0.39632][0.87278, 0.78599, 0][0.019024, 1.79594, -0.122355][-0.21994, 0.59566, -0.77254][0.84416, 0.85389, 0][0.048886, 1.73308, -0.092783][-0.42562, 0.35852, -0.83085][0.85369, 0.85039, 0][0.047153, 1.79064, -0.130927][-0.42900, 0.56173, -0.70740][0.84598, 0.85063, 0][0.019024, 1.79594, -0.122355][-0.21994, 0.59566, -0.77254][0.84416, 0.85389, 0][0.020514, 1.73787, -0.083872][-0.21615, 0.38309, -0.89807][0.85291, 0.85436, 0][0.048886, 1.73308, -0.092783][-0.42562, 0.35852, -0.83085][0.85369, 0.85039, 0][0.138069, 1.70863, -0.262484][-0.99097, 0.10441, 0.08407][0.85484, 0.81578, 0][0.13751, 1.63699, -0.252778][-0.97450, -0.19447, 0.11197][0.86206, 0.80422, 0][0.134677, 1.69164, -0.288974][-0.97147, 0.00202, 0.23715][0.85532, 0.80818, 0][0.138069, 1.70863, -0.262484][-0.99097, 0.10441, 0.08407][0.85484, 0.81578, 0][0.140854, 1.6541, -0.226368][-0.99515, -0.08981, -0.04004][0.86176, 0.81230, 0][0.13751, 1.63699, -0.252778][-0.97450, -0.19447, 0.11197][0.86206, 0.80422, 0][-0.026884, 1.67299, -0.40058][0.02187, 0.70009, 0.71372][0.83907, 0.78293, 0][0.022204, 1.67623, -0.397255][-0.10429, 0.64462, 0.75735][0.84464, 0.78542, 0][0.008678, 1.67386, -0.400483][-0.03257, 0.63513, 0.77172][0.84338, 0.78401, 0][-0.026884, 1.67299, -0.40058][0.02187, 0.70009, 0.71372][0.83907, 0.78293, 0][0.041434, 1.6821, -0.388759][-0.14778, 0.67842, 0.71966][0.84615, 0.78844, 0][0.022204, 1.67623, -0.397255][-0.10429, 0.64462, 0.75735][0.84464, 0.78542, 0][-0.026884, 1.67299, -0.40058][0.02187, 0.70009, 0.71372][0.83907, 0.78293, 0][0.061088, 1.69124, -0.375179][-0.17741, 0.71321, 0.67813][0.84747, 0.79278, 0][0.041434, 1.6821, -0.388759][-0.14778, 0.67842, 0.71966][0.84615, 0.78844, 0][-0.026884, 1.67299, -0.40058][0.02187, 0.70009, 0.71372][0.83907, 0.78293, 0][0.078419, 1.70312, -0.357271][-0.19649, 0.74482, 0.63768][0.84841, 0.79819, 0][0.061088, 1.69124, -0.375179][-0.17741, 0.71321, 0.67813][0.84747, 0.79278, 0][-0.026884, 1.67299, -0.40058][0.02187, 0.70009, 0.71372][0.83907, 0.78293, 0][0.091847, 1.71707, -0.336027][-0.20902, 0.77335, 0.59853][0.84890, 0.80440, 0][0.078419, 1.70312, -0.357271][-0.19649, 0.74482, 0.63768][0.84841, 0.79819, 0][-0.026884, 1.67299, -0.40058][0.02187, 0.70009, 0.71372][0.83907, 0.78293, 0][0.100449, 1.73245, -0.312418][-0.21727, 0.79904, 0.56065][0.84889, 0.81118, 0][0.091847, 1.71707, -0.336027][-0.20902, 0.77335, 0.59853][0.84890, 0.80440, 0][-0.026884, 1.67299, -0.40058][0.02187, 0.70009, 0.71372][0.83907, 0.78293, 0][0.103727, 1.74853, -0.287524][-0.22167, 0.82701, 0.51664][0.84838, 0.81832, 0][0.100449, 1.73245, -0.312418][-0.21727, 0.79904, 0.56065][0.84889, 0.81118, 0][-0.026884, 1.67299, -0.40058][0.02187, 0.70009, 0.71372][0.83907, 0.78293, 0][0.101559, 1.76425, -0.26146][-0.22161, 0.85339, 0.47182][0.84790, 0.82534, 0][0.103727, 1.74853, -0.287524][-0.22167, 0.82701, 0.51664][0.84838, 0.81832, 0][-0.026884, 1.67299, -0.40058][0.02187, 0.70009, 0.71372][0.83907, 0.78293, 0][0.094072, 1.77927, -0.236389][-0.21675, 0.87509, 0.43271][0.84703, 0.83173, 0][0.101559, 1.76425, -0.26146][-0.22161, 0.85339, 0.47182][0.84790, 0.82534, 0][-0.026884, 1.67299, -0.40058][0.02187, 0.70009, 0.71372][0.83907, 0.78293, 0][0.081751, 1.79289, -0.213467][-0.20685, 0.89694, 0.39079][0.84583, 0.83734, 0][0.094072, 1.77927, -0.236389][-0.21675, 0.87509, 0.43271][0.84703, 0.83173, 0][-0.026884, 1.67299, -0.40058][0.02187, 0.70009, 0.71372][0.83907, 0.78293, 0][0.065487, 1.80444, -0.193853][-0.18994, 0.91918, 0.34500][0.84441, 0.84202, 0][0.081751, 1.79289, -0.213467][-0.20685, 0.89694, 0.39079][0.84583, 0.83734, 0][-0.026884, 1.67299, -0.40058][0.02187, 0.70009, 0.71372][0.83907, 0.78293, 0][0.046797, 1.81329, -0.178627][-0.16236, 0.94128, 0.29602][0.84290, 0.84566, 0][0.065487, 1.80444, -0.193853][-0.18994, 0.91918, 0.34500][0.84441, 0.84202, 0][-0.026884, 1.67299, -0.40058][0.02187, 0.70009, 0.71372][0.83907, 0.78293, 0][0.028319, 1.81894, -0.168687][-0.11935, 0.96084, 0.25009][0.84143, 0.84817, 0][0.046797, 1.81329, -0.178627][-0.16236, 0.94128, 0.29602][0.84290, 0.84566, 0][-0.026884, 1.67299, -0.40058][0.02187, 0.70009, 0.71372][0.83907, 0.78293, 0][0.015197, 1.82118, -0.164528][-0.05201, 0.97281, 0.22567][0.84030, 0.84939, 0][0.028319, 1.81894, -0.168687][-0.11935, 0.96084, 0.25009][0.84143, 0.84817, 0][-0.026884, 1.67299, -0.40058][0.02187, 0.70009, 0.71372][0.83907, 0.78293, 0][-0.019749, 1.82181, -0.162252][0.00784, 0.95057, 0.31041][0.83619, 0.85042, 0][0.015197, 1.82118, -0.164528][-0.05201, 0.97281, 0.22567][0.84030, 0.84939, 0][0.134677, 1.69164, -0.288974][-0.97147, 0.00202, 0.23715][0.85532, 0.80818, 0][0.128341, 1.62049, -0.277871][-0.91701, -0.30219, 0.26035][0.86179, 0.79636, 0][0.12552, 1.67551, -0.314407][-0.91717, -0.10219, 0.38516][0.85523, 0.80080, 0][0.134677, 1.69164, -0.288974][-0.97147, 0.00202, 0.23715][0.85532, 0.80818, 0][0.13751, 1.63699, -0.252778][-0.97450, -0.19447, 0.11197][0.86206, 0.80422, 0][0.128341, 1.62049, -0.277871][-0.91701, -0.30219, 0.26035][0.86179, 0.79636, 0][0.047153, 1.79064, -0.130927][-0.42900, 0.56173, -0.70740][0.84598, 0.85063, 0][0.074936, 1.72525, -0.106661][-0.59880, 0.31535, -0.73620][0.85496, 0.84597, 0][0.072974, 1.78209, -0.144337][-0.60288, 0.51246, -0.61149][0.84782, 0.84684, 0][0.047153, 1.79064, -0.130927][-0.42900, 0.56173, -0.70740][0.84598, 0.85063, 0][0.048886, 1.73308, -0.092783][-0.42562, 0.35852, -0.83085][0.85369, 0.85039, 0][0.074936, 1.72525, -0.106661][-0.59880, 0.31535, -0.73620][0.85496, 0.84597, 0][0.12552, 1.67551, -0.314407][-0.91717, -0.10219, 0.38516][0.85523, 0.80080, 0][0.113652, 1.60527, -0.300804][-0.82316, -0.40635, 0.39658][0.86097, 0.78899, 0][0.110913, 1.66085, -0.337792][-0.82750, -0.20484, 0.52277][0.85460, 0.79392, 0][0.12552, 1.67551, -0.314407][-0.91717, -0.10219, 0.38516][0.85523, 0.80080, 0][0.128341, 1.62049, -0.277871][-0.91701, -0.30219, 0.26035][0.86179, 0.79636, 0][0.113652, 1.60527, -0.300804][-0.82316, -0.40635, 0.39658][0.86097, 0.78899, 0][0.072974, 1.78209, -0.144337][-0.60288, 0.51246, -0.61149][0.84782, 0.84684, 0][0.097696, 1.71465, -0.125044][-0.74549, 0.25456, -0.61599][0.85655, 0.84083, 0][0.095518, 1.77075, -0.162225][-0.74601, 0.44856, -0.49220][0.84964, 0.84224, 0][0.072974, 1.78209, -0.144337][-0.60288, 0.51246, -0.61149][0.84782, 0.84684, 0][0.074936, 1.72525, -0.106661][-0.59880, 0.31535, -0.73620][0.85496, 0.84597, 0][0.097696, 1.71465, -0.125044][-0.74549, 0.25456, -0.61599][0.85655, 0.84083, 0][0.110913, 1.66085, -0.337792][-0.82750, -0.20484, 0.52277][0.85460, 0.79392, 0][0.093967, 1.59189, -0.320606][-0.69614, -0.50108, 0.51412][0.85973, 0.78238, 0][0.091389, 1.64818, -0.358138][-0.70410, -0.30108, 0.64312][0.85348, 0.78777, 0][0.110913, 1.66085, -0.337792][-0.82750, -0.20484, 0.52277][0.85460, 0.79392, 0][0.113652, 1.60527, -0.300804][-0.82316, -0.40635, 0.39658][0.86097, 0.78899, 0][0.093967, 1.59189, -0.320606][-0.69614, -0.50108, 0.51412][0.85973, 0.78238, 0][0.095518, 1.77075, -0.162225][-0.74601, 0.44856, -0.49220][0.84964, 0.84224, 0][0.116299, 1.70171, -0.147124][-0.85666, 0.18220, -0.48263][0.85823, 0.83485, 0][0.113926, 1.75714, -0.18385][-0.85512, 0.37423, -0.35878][0.85136, 0.83679, 0][0.095518, 1.77075, -0.162225][-0.74601, 0.44856, -0.49220][0.84964, 0.84224, 0][0.097696, 1.71465, -0.125044][-0.74549, 0.25456, -0.61599][0.85655, 0.84083, 0][0.116299, 1.70171, -0.147124][-0.85666, 0.18220, -0.48263][0.85823, 0.83485, 0][0.091389, 1.64818, -0.358138][-0.70410, -0.30108, 0.64312][0.85348, 0.78777, 0][0.07004, 1.58089, -0.336604][-0.54190, -0.58100, 0.60727][0.85818, 0.77679, 0][0.067703, 1.63796, -0.374708][-0.55124, -0.38441, 0.74052][0.85199, 0.78250, 0][0.091389, 1.64818, -0.358138][-0.70410, -0.30108, 0.64312][0.85348, 0.78777, 0][0.093967, 1.59189, -0.320606][-0.69614, -0.50108, 0.51412][0.85973, 0.78238, 0][0.07004, 1.58089, -0.336604][-0.54190, -0.58100, 0.60727][0.85818, 0.77679, 0][0.113926, 1.75714, -0.18385][-0.85512, 0.37423, -0.35878][0.85136, 0.83679, 0][0.13002, 1.68692, -0.172009][-0.93452, 0.10052, -0.34142][0.85978, 0.82799, 0][0.127476, 1.74184, -0.208362][-0.93200, 0.29109, -0.21595][0.85287, 0.83047, 0][0.113926, 1.75714, -0.18385][-0.85512, 0.37423, -0.35878][0.85136, 0.83679, 0][0.116299, 1.70171, -0.147124][-0.85666, 0.18220, -0.48263][0.85823, 0.83485, 0][0.13002, 1.68692, -0.172009][-0.93452, 0.10052, -0.34142][0.85978, 0.82799, 0][0.067703, 1.63796, -0.374708][-0.55124, -0.38441, 0.74052][0.85199, 0.78250, 0][0.042796, 1.57267, -0.348255][-0.36638, -0.64263, 0.67290][0.85657, 0.77223, 0][0.040772, 1.63049, -0.386884][-0.37378, -0.44888, 0.81166][0.85023, 0.77814, 0][0.067703, 1.63796, -0.374708][-0.55124, -0.38441, 0.74052][0.85199, 0.78250, 0][0.07004, 1.58089, -0.336604][-0.54190, -0.58100, 0.60727][0.85818, 0.77679, 0][0.042796, 1.57267, -0.348255][-0.36638, -0.64263, 0.67290][0.85657, 0.77223, 0][0.127476, 1.74184, -0.208362][-0.93200, 0.29109, -0.21595][0.85287, 0.83047, 0][0.138321, 1.67086, -0.198808][-0.98145, 0.00863, -0.19152][0.86099, 0.82037, 0][0.135637, 1.72545, -0.234912][-0.97721, 0.20109, -0.06791][0.85405, 0.82339, 0][0.127476, 1.74184, -0.208362][-0.93200, 0.29109, -0.21595][0.85287, 0.83047, 0][0.13002, 1.68692, -0.172009][-0.93452, 0.10052, -0.34142][0.85978, 0.82799, 0][0.138321, 1.67086, -0.198808][-0.98145, 0.00863, -0.19152][0.86099, 0.82037, 0][0.040772, 1.63049, -0.386884][-0.37378, -0.44888, 0.81166][0.85023, 0.77814, 0][0.013298, 1.56757, -0.355049][-0.16154, -0.68649, 0.70897][0.85499, 0.76853, 0][0.011649, 1.62592, -0.394059][-0.16819, -0.48721, 0.85694][0.84820, 0.77463, 0][0.040772, 1.63049, -0.386884][-0.37378, -0.44888, 0.81166][0.85023, 0.77814, 0][0.042796, 1.57267, -0.348255][-0.36638, -0.64263, 0.67290][0.85657, 0.77223, 0][0.013298, 1.56757, -0.355049][-0.16154, -0.68649, 0.70897][0.85499, 0.76853, 0][0.135637, 1.72545, -0.234912][-0.97721, 0.20109, -0.06791][0.85405, 0.82339, 0][0.140854, 1.6541, -0.226368][-0.99515, -0.08981, -0.04004][0.86176, 0.81230, 0][0.138069, 1.70863, -0.262484][-0.99097, 0.10441, 0.08407][0.85484, 0.81578, 0][0.135637, 1.72545, -0.234912][-0.97721, 0.20109, -0.06791][0.85405, 0.82339, 0][0.138321, 1.67086, -0.198808][-0.98145, 0.00863, -0.19152][0.86099, 0.82037, 0][0.140854, 1.6541, -0.226368][-0.99515, -0.08981, -0.04004][0.86176, 0.81230, 0][-0.018883, 1.81419, -0.133293][-0.02004, 0.76938, -0.63847][0.83893, 0.85628, 0][0.019024, 1.79594, -0.122355][-0.21994, 0.59566, -0.77254][0.84416, 0.85389, 0][0.018039, 1.81269, -0.136852][-0.20624, 0.75619, -0.62100][0.84203, 0.85294, 0][-0.018883, 1.81419, -0.133293][-0.02004, 0.76938, -0.63847][0.83893, 0.85628, 0][-0.01844, 1.79765, -0.118643][-0.02086, 0.60771, -0.79389][0.84165, 0.85818, 0][0.019024, 1.79594, -0.122355][-0.21994, 0.59566, -0.77254][0.84416, 0.85389, 0][-0.019362, 1.82303, -0.149253][-0.01119, 0.97406, -0.22602][0.83730, 0.85402, 0][0.018039, 1.81269, -0.136852][-0.20624, 0.75619, -0.62100][0.84203, 0.85294, 0][0.01681, 1.82193, -0.152292][-0.14419, 0.96430, -0.22213][0.84095, 0.85150, 0][-0.019362, 1.82303, -0.149253][-0.01119, 0.97406, -0.22602][0.83730, 0.85402, 0][-0.018883, 1.81419, -0.133293][-0.02004, 0.76938, -0.63847][0.83893, 0.85628, 0][0.018039, 1.81269, -0.136852][-0.20624, 0.75619, -0.62100][0.84203, 0.85294, 0][-0.019749, 1.82181, -0.162252][0.00784, 0.95057, 0.31041][0.83619, 0.85042, 0][0.01681, 1.82193, -0.152292][-0.14419, 0.96430, -0.22213][0.84095, 0.85150, 0][0.015197, 1.82118, -0.164528][-0.05201, 0.97281, 0.22567][0.84030, 0.84939, 0][-0.019749, 1.82181, -0.162252][0.00784, 0.95057, 0.31041][0.83619, 0.85042, 0][-0.019362, 1.82303, -0.149253][-0.01119, 0.97406, -0.22602][0.83730, 0.85402, 0][0.01681, 1.82193, -0.152292][-0.14419, 0.96430, -0.22213][0.84095, 0.85150, 0][0.018039, 1.81269, -0.136852][-0.20624, 0.75619, -0.62100][0.84203, 0.85294, 0][0.047153, 1.79064, -0.130927][-0.42900, 0.56173, -0.70740][0.84598, 0.85063, 0][0.044098, 1.80799, -0.144958][-0.40670, 0.72429, -0.55678][0.84385, 0.85029, 0][0.018039, 1.81269, -0.136852][-0.20624, 0.75619, -0.62100][0.84203, 0.85294, 0][0.019024, 1.79594, -0.122355][-0.21994, 0.59566, -0.77254][0.84416, 0.85389, 0][0.047153, 1.79064, -0.130927][-0.42900, 0.56173, -0.70740][0.84598, 0.85063, 0][0.01681, 1.82193, -0.152292][-0.14419, 0.96430, -0.22213][0.84095, 0.85150, 0][0.044098, 1.80799, -0.144958][-0.40670, 0.72429, -0.55678][0.84385, 0.85029, 0][0.037381, 1.81835, -0.158777][-0.29344, 0.94041, -0.17183][0.84246, 0.84952, 0][0.01681, 1.82193, -0.152292][-0.14419, 0.96430, -0.22213][0.84095, 0.85150, 0][0.018039, 1.81269, -0.136852][-0.20624, 0.75619, -0.62100][0.84203, 0.85294, 0][0.044098, 1.80799, -0.144958][-0.40670, 0.72429, -0.55678][0.84385, 0.85029, 0][0.015197, 1.82118, -0.164528][-0.05201, 0.97281, 0.22567][0.84030, 0.84939, 0][0.037381, 1.81835, -0.158777][-0.29344, 0.94041, -0.17183][0.84246, 0.84952, 0][0.028319, 1.81894, -0.168687][-0.11935, 0.96084, 0.25009][0.84143, 0.84817, 0][0.015197, 1.82118, -0.164528][-0.05201, 0.97281, 0.22567][0.84030, 0.84939, 0][0.01681, 1.82193, -0.152292][-0.14419, 0.96430, -0.22213][0.84095, 0.85150, 0][0.037381, 1.81835, -0.158777][-0.29344, 0.94041, -0.17183][0.84246, 0.84952, 0][0.044098, 1.80799, -0.144958][-0.40670, 0.72429, -0.55678][0.84385, 0.85029, 0][0.072974, 1.78209, -0.144337][-0.60288, 0.51246, -0.61149][0.84782, 0.84684, 0][0.068873, 1.8001, -0.15807][-0.56754, 0.68639, -0.45472][0.84567, 0.84687, 0][0.044098, 1.80799, -0.144958][-0.40670, 0.72429, -0.55678][0.84385, 0.85029, 0][0.047153, 1.79064, -0.130927][-0.42900, 0.56173, -0.70740][0.84598, 0.85063, 0][0.072974, 1.78209, -0.144337][-0.60288, 0.51246, -0.61149][0.84782, 0.84684, 0][0.037381, 1.81835, -0.158777][-0.29344, 0.94041, -0.17183][0.84246, 0.84952, 0][0.068873, 1.8001, -0.15807][-0.56754, 0.68639, -0.45472][0.84567, 0.84687, 0][0.059471, 1.81151, -0.170607][-0.40305, 0.91156, -0.08133][0.84410, 0.84653, 0][0.037381, 1.81835, -0.158777][-0.29344, 0.94041, -0.17183][0.84246, 0.84952, 0][0.044098, 1.80799, -0.144958][-0.40670, 0.72429, -0.55678][0.84385, 0.85029, 0][0.068873, 1.8001, -0.15807][-0.56754, 0.68639, -0.45472][0.84567, 0.84687, 0][0.028319, 1.81894, -0.168687][-0.11935, 0.96084, 0.25009][0.84143, 0.84817, 0][0.059471, 1.81151, -0.170607][-0.40305, 0.91156, -0.08133][0.84410, 0.84653, 0][0.046797, 1.81329, -0.178627][-0.16236, 0.94128, 0.29602][0.84290, 0.84566, 0][0.028319, 1.81894, -0.168687][-0.11935, 0.96084, 0.25009][0.84143, 0.84817, 0][0.037381, 1.81835, -0.158777][-0.29344, 0.94041, -0.17183][0.84246, 0.84952, 0][0.059471, 1.81151, -0.170607][-0.40305, 0.91156, -0.08133][0.84410, 0.84653, 0][0.068873, 1.8001, -0.15807][-0.56754, 0.68639, -0.45472][0.84567, 0.84687, 0][0.095518, 1.77075, -0.162225][-0.74601, 0.44856, -0.49220][0.84964, 0.84224, 0][0.090837, 1.78935, -0.175733][-0.69675, 0.63666, -0.33044][0.84743, 0.84258, 0][0.068873, 1.8001, -0.15807][-0.56754, 0.68639, -0.45472][0.84567, 0.84687, 0][0.072974, 1.78209, -0.144337][-0.60288, 0.51246, -0.61149][0.84782, 0.84684, 0][0.095518, 1.77075, -0.162225][-0.74601, 0.44856, -0.49220][0.84964, 0.84224, 0][0.059471, 1.81151, -0.170607][-0.40305, 0.91156, -0.08133][0.84410, 0.84653, 0][0.090837, 1.78935, -0.175733][-0.69675, 0.63666, -0.33044][0.84743, 0.84258, 0][0.080025, 1.80169, -0.187305][-0.48375, 0.87492, 0.02247][0.84574, 0.84255, 0][0.059471, 1.81151, -0.170607][-0.40305, 0.91156, -0.08133][0.84410, 0.84653, 0][0.068873, 1.8001, -0.15807][-0.56754, 0.68639, -0.45472][0.84567, 0.84687, 0][0.090837, 1.78935, -0.175733][-0.69675, 0.63666, -0.33044][0.84743, 0.84258, 0][0.046797, 1.81329, -0.178627][-0.16236, 0.94128, 0.29602][0.84290, 0.84566, 0][0.080025, 1.80169, -0.187305][-0.48375, 0.87492, 0.02247][0.84574, 0.84255, 0][0.065487, 1.80444, -0.193853][-0.18994, 0.91918, 0.34500][0.84441, 0.84202, 0][0.046797, 1.81329, -0.178627][-0.16236, 0.94128, 0.29602][0.84290, 0.84566, 0][0.059471, 1.81151, -0.170607][-0.40305, 0.91156, -0.08133][0.84410, 0.84653, 0][0.080025, 1.80169, -0.187305][-0.48375, 0.87492, 0.02247][0.84574, 0.84255, 0][0.090837, 1.78935, -0.175733][-0.69675, 0.63666, -0.33044][0.84743, 0.84258, 0][0.113926, 1.75714, -0.18385][-0.85512, 0.37423, -0.35878][0.85136, 0.83679, 0][0.108896, 1.77627, -0.197243][-0.79369, 0.57618, -0.19511][0.84908, 0.83737, 0][0.090837, 1.78935, -0.175733][-0.69675, 0.63666, -0.33044][0.84743, 0.84258, 0][0.095518, 1.77075, -0.162225][-0.74601, 0.44856, -0.49220][0.84964, 0.84224, 0][0.113926, 1.75714, -0.18385][-0.85512, 0.37423, -0.35878][0.85136, 0.83679, 0][0.080025, 1.80169, -0.187305][-0.48375, 0.87492, 0.02247][0.84574, 0.84255, 0][0.108896, 1.77627, -0.197243][-0.79369, 0.57618, -0.19511][0.84908, 0.83737, 0][0.097301, 1.78935, -0.208098][-0.53985, 0.83210, 0.12721][0.84726, 0.83761, 0][0.080025, 1.80169, -0.187305][-0.48375, 0.87492, 0.02247][0.84574, 0.84255, 0][0.090837, 1.78935, -0.175733][-0.69675, 0.63666, -0.33044][0.84743, 0.84258, 0][0.108896, 1.77627, -0.197243][-0.79369, 0.57618, -0.19511][0.84908, 0.83737, 0][0.065487, 1.80444, -0.193853][-0.18994, 0.91918, 0.34500][0.84441, 0.84202, 0][0.097301, 1.78935, -0.208098][-0.53985, 0.83210, 0.12721][0.84726, 0.83761, 0][0.081751, 1.79289, -0.213467][-0.20685, 0.89694, 0.39079][0.84583, 0.83734, 0][0.065487, 1.80444, -0.193853][-0.18994, 0.91918, 0.34500][0.84441, 0.84202, 0][0.080025, 1.80169, -0.187305][-0.48375, 0.87492, 0.02247][0.84574, 0.84255, 0][0.097301, 1.78935, -0.208098][-0.53985, 0.83210, 0.12721][0.84726, 0.83761, 0][0.108896, 1.77627, -0.197243][-0.79369, 0.57618, -0.19511][0.84908, 0.83737, 0][0.127476, 1.74184, -0.208362][-0.93200, 0.29109, -0.21595][0.85287, 0.83047, 0][0.122227, 1.76138, -0.22169][-0.86059, 0.50629, -0.05528][0.85050, 0.83129, 0][0.108896, 1.77627, -0.197243][-0.79369, 0.57618, -0.19511][0.84908, 0.83737, 0][0.113926, 1.75714, -0.18385][-0.85512, 0.37423, -0.35878][0.85136, 0.83679, 0][0.127476, 1.74184, -0.208362][-0.93200, 0.29109, -0.21595][0.85287, 0.83047, 0][0.097301, 1.78935, -0.208098][-0.53985, 0.83210, 0.12721][0.84726, 0.83761, 0][0.122227, 1.76138, -0.22169][-0.86059, 0.50629, -0.05528][0.85050, 0.83129, 0][0.110184, 1.77509, -0.231973][-0.57631, 0.78454, 0.22884][0.84857, 0.83178, 0][0.097301, 1.78935, -0.208098][-0.53985, 0.83210, 0.12721][0.84726, 0.83761, 0][0.108896, 1.77627, -0.197243][-0.79369, 0.57618, -0.19511][0.84908, 0.83737, 0][0.122227, 1.76138, -0.22169][-0.86059, 0.50629, -0.05528][0.85050, 0.83129, 0][0.081751, 1.79289, -0.213467][-0.20685, 0.89694, 0.39079][0.84583, 0.83734, 0][0.110184, 1.77509, -0.231973][-0.57631, 0.78454, 0.22884][0.84857, 0.83178, 0][0.094072, 1.77927, -0.236389][-0.21675, 0.87509, 0.43271][0.84703, 0.83173, 0][0.081751, 1.79289, -0.213467][-0.20685, 0.89694, 0.39079][0.84583, 0.83734, 0][0.097301, 1.78935, -0.208098][-0.53985, 0.83210, 0.12721][0.84726, 0.83761, 0][0.110184, 1.77509, -0.231973][-0.57631, 0.78454, 0.22884][0.84857, 0.83178, 0][0.122227, 1.76138, -0.22169][-0.86059, 0.50629, -0.05528][0.85050, 0.83129, 0][0.135637, 1.72545, -0.234912][-0.97721, 0.20109, -0.06791][0.85405, 0.82339, 0][0.130251, 1.7453, -0.248126][-0.89945, 0.42853, 0.08575][0.85159, 0.82445, 0][0.122227, 1.76138, -0.22169][-0.86059, 0.50629, -0.05528][0.85050, 0.83129, 0][0.127476, 1.74184, -0.208362][-0.93200, 0.29109, -0.21595][0.85287, 0.83047, 0][0.135637, 1.72545, -0.234912][-0.97721, 0.20109, -0.06791][0.85405, 0.82339, 0][0.110184, 1.77509, -0.231973][-0.57631, 0.78454, 0.22884][0.84857, 0.83178, 0][0.130251, 1.7453, -0.248126][-0.89945, 0.42853, 0.08575][0.85159, 0.82445, 0][0.117964, 1.75951, -0.257877][-0.59642, 0.73294, 0.32723][0.84955, 0.82517, 0][0.110184, 1.77509, -0.231973][-0.57631, 0.78454, 0.22884][0.84857, 0.83178, 0][0.122227, 1.76138, -0.22169][-0.86059, 0.50629, -0.05528][0.85050, 0.83129, 0][0.130251, 1.7453, -0.248126][-0.89945, 0.42853, 0.08575][0.85159, 0.82445, 0][0.094072, 1.77927, -0.236389][-0.21675, 0.87509, 0.43271][0.84703, 0.83173, 0][0.117964, 1.75951, -0.257877][-0.59642, 0.73294, 0.32723][0.84955, 0.82517, 0][0.101559, 1.76425, -0.26146][-0.22161, 0.85339, 0.47182][0.84790, 0.82534, 0][0.094072, 1.77927, -0.236389][-0.21675, 0.87509, 0.43271][0.84703, 0.83173, 0][0.110184, 1.77509, -0.231973][-0.57631, 0.78454, 0.22884][0.84857, 0.83178, 0][0.117964, 1.75951, -0.257877][-0.59642, 0.73294, 0.32723][0.84955, 0.82517, 0][0.130251, 1.7453, -0.248126][-0.89945, 0.42853, 0.08575][0.85159, 0.82445, 0][0.138069, 1.70863, -0.262484][-0.99097, 0.10441, 0.08407][0.85484, 0.81578, 0][0.132616, 1.72867, -0.275533][-0.91133, 0.34043, 0.23146][0.85232, 0.81703, 0][0.130251, 1.7453, -0.248126][-0.89945, 0.42853, 0.08575][0.85159, 0.82445, 0][0.135637, 1.72545, -0.234912][-0.97721, 0.20109, -0.06791][0.85405, 0.82339, 0][0.138069, 1.70863, -0.262484][-0.99097, 0.10441, 0.08407][0.85484, 0.81578, 0][0.117964, 1.75951, -0.257877][-0.59642, 0.73294, 0.32723][0.84955, 0.82517, 0][0.132616, 1.72867, -0.275533][-0.91133, 0.34043, 0.23146][0.85232, 0.81703, 0][0.120232, 1.74328, -0.284729][-0.60139, 0.67182, 0.43242][0.85015, 0.81796, 0][0.117964, 1.75951, -0.257877][-0.59642, 0.73294, 0.32723][0.84955, 0.82517, 0][0.130251, 1.7453, -0.248126][-0.89945, 0.42853, 0.08575][0.85159, 0.82445, 0][0.132616, 1.72867, -0.275533][-0.91133, 0.34043, 0.23146][0.85232, 0.81703, 0][0.101559, 1.76425, -0.26146][-0.22161, 0.85339, 0.47182][0.84790, 0.82534, 0][0.120232, 1.74328, -0.284729][-0.60139, 0.67182, 0.43242][0.85015, 0.81796, 0][0.103727, 1.74853, -0.287524][-0.22167, 0.82701, 0.51664][0.84838, 0.81832, 0][0.101559, 1.76425, -0.26146][-0.22161, 0.85339, 0.47182][0.84790, 0.82534, 0][0.117964, 1.75951, -0.257877][-0.59642, 0.73294, 0.32723][0.84955, 0.82517, 0][0.120232, 1.74328, -0.284729][-0.60139, 0.67182, 0.43242][0.85015, 0.81796, 0][0.132616, 1.72867, -0.275533][-0.91133, 0.34043, 0.23146][0.85232, 0.81703, 0][0.134677, 1.69164, -0.288974][-0.97147, 0.00202, 0.23715][0.85532, 0.80818, 0][0.129228, 1.71177, -0.301798][-0.89393, 0.24438, 0.37572][0.85284, 0.80959, 0][0.132616, 1.72867, -0.275533][-0.91133, 0.34043, 0.23146][0.85232, 0.81703, 0][0.138069, 1.70863, -0.262484][-0.99097, 0.10441, 0.08407][0.85484, 0.81578, 0][0.134677, 1.69164, -0.288974][-0.97147, 0.00202, 0.23715][0.85532, 0.80818, 0][0.120232, 1.74328, -0.284729][-0.60139, 0.67182, 0.43242][0.85015, 0.81796, 0][0.129228, 1.71177, -0.301798][-0.89393, 0.24438, 0.37572][0.85284, 0.80959, 0][0.116886, 1.72672, -0.310415][-0.59008, 0.60435, 0.53532][0.85067, 0.81068, 0][0.120232, 1.74328, -0.284729][-0.60139, 0.67182, 0.43242][0.85015, 0.81796, 0][0.132616, 1.72867, -0.275533][-0.91133, 0.34043, 0.23146][0.85232, 0.81703, 0][0.129228, 1.71177, -0.301798][-0.89393, 0.24438, 0.37572][0.85284, 0.80959, 0][0.103727, 1.74853, -0.287524][-0.22167, 0.82701, 0.51664][0.84838, 0.81832, 0][0.116886, 1.72672, -0.310415][-0.59008, 0.60435, 0.53532][0.85067, 0.81068, 0][0.100449, 1.73245, -0.312418][-0.21727, 0.79904, 0.56065][0.84889, 0.81118, 0][0.103727, 1.74853, -0.287524][-0.22167, 0.82701, 0.51664][0.84838, 0.81832, 0][0.120232, 1.74328, -0.284729][-0.60139, 0.67182, 0.43242][0.85015, 0.81796, 0][0.116886, 1.72672, -0.310415][-0.59008, 0.60435, 0.53532][0.85067, 0.81068, 0][0.129228, 1.71177, -0.301798][-0.89393, 0.24438, 0.37572][0.85284, 0.80959, 0][0.12552, 1.67551, -0.314407][-0.91717, -0.10219, 0.38516][0.85523, 0.80080, 0][0.120156, 1.69563, -0.326928][-0.84736, 0.14561, 0.51067][0.85284, 0.80238, 0][0.129228, 1.71177, -0.301798][-0.89393, 0.24438, 0.37572][0.85284, 0.80959, 0][0.134677, 1.69164, -0.288974][-0.97147, 0.00202, 0.23715][0.85532, 0.80818, 0][0.12552, 1.67551, -0.314407][-0.91717, -0.10219, 0.38516][0.85523, 0.80080, 0][0.116886, 1.72672, -0.310415][-0.59008, 0.60435, 0.53532][0.85067, 0.81068, 0][0.120156, 1.69563, -0.326928][-0.84736, 0.14561, 0.51067][0.85284, 0.80238, 0][0.108014, 1.71085, -0.334862][-0.56361, 0.53676, 0.62789][0.85069, 0.80369, 0][0.116886, 1.72672, -0.310415][-0.59008, 0.60435, 0.53532][0.85067, 0.81068, 0][0.129228, 1.71177, -0.301798][-0.89393, 0.24438, 0.37572][0.85284, 0.80959, 0][0.120156, 1.69563, -0.326928][-0.84736, 0.14561, 0.51067][0.85284, 0.80238, 0][0.100449, 1.73245, -0.312418][-0.21727, 0.79904, 0.56065][0.84889, 0.81118, 0][0.108014, 1.71085, -0.334862][-0.56361, 0.53676, 0.62789][0.85069, 0.80369, 0][0.091847, 1.71707, -0.336027][-0.20902, 0.77335, 0.59853][0.84890, 0.80440, 0][0.100449, 1.73245, -0.312418][-0.21727, 0.79904, 0.56065][0.84889, 0.81118, 0][0.116886, 1.72672, -0.310415][-0.59008, 0.60435, 0.53532][0.85067, 0.81068, 0][0.108014, 1.71085, -0.334862][-0.56361, 0.53676, 0.62789][0.85069, 0.80369, 0][0.120156, 1.69563, -0.326928][-0.84736, 0.14561, 0.51067][0.85284, 0.80238, 0][0.110913, 1.66085, -0.337792][-0.82750, -0.20484, 0.52277][0.85460, 0.79392, 0][0.105737, 1.68088, -0.349897][-0.77047, 0.04300, 0.63602][0.85230, 0.79568, 0][0.120156, 1.69563, -0.326928][-0.84736, 0.14561, 0.51067][0.85284, 0.80238, 0][0.12552, 1.67551, -0.314407][-0.91717, -0.10219, 0.38516][0.85523, 0.80080, 0][0.110913, 1.66085, -0.337792][-0.82750, -0.20484, 0.52277][0.85460, 0.79392, 0][0.108014, 1.71085, -0.334862][-0.56361, 0.53676, 0.62789][0.85069, 0.80369, 0][0.105737, 1.68088, -0.349897][-0.77047, 0.04300, 0.63602][0.85230, 0.79568, 0][0.094024, 1.69636, -0.357041][-0.52082, 0.46292, 0.71725][0.85020, 0.79721, 0][0.108014, 1.71085, -0.334862][-0.56361, 0.53676, 0.62789][0.85069, 0.80369, 0][0.120156, 1.69563, -0.326928][-0.84736, 0.14561, 0.51067][0.85284, 0.80238, 0][0.105737, 1.68088, -0.349897][-0.77047, 0.04300, 0.63602][0.85230, 0.79568, 0][0.091847, 1.71707, -0.336027][-0.20902, 0.77335, 0.59853][0.84890, 0.80440, 0][0.094024, 1.69636, -0.357041][-0.52082, 0.46292, 0.71725][0.85020, 0.79721, 0][0.078419, 1.70312, -0.357271][-0.19649, 0.74482, 0.63768][0.84841, 0.79819, 0][0.091847, 1.71707, -0.336027][-0.20902, 0.77335, 0.59853][0.84890, 0.80440, 0][0.108014, 1.71085, -0.334862][-0.56361, 0.53676, 0.62789][0.85069, 0.80369, 0][0.094024, 1.69636, -0.357041][-0.52082, 0.46292, 0.71725][0.85020, 0.79721, 0][0.105737, 1.68088, -0.349897][-0.77047, 0.04300, 0.63602][0.85230, 0.79568, 0][0.091389, 1.64818, -0.358138][-0.70410, -0.30108, 0.64312][0.85348, 0.78777, 0][0.08656, 1.66809, -0.369779][-0.66320, -0.06010, 0.74603][0.85128, 0.78971, 0][0.105737, 1.68088, -0.349897][-0.77047, 0.04300, 0.63602][0.85230, 0.79568, 0][0.110913, 1.66085, -0.337792][-0.82750, -0.20484, 0.52277][0.85460, 0.79392, 0][0.091389, 1.64818, -0.358138][-0.70410, -0.30108, 0.64312][0.85348, 0.78777, 0][0.094024, 1.69636, -0.357041][-0.52082, 0.46292, 0.71725][0.85020, 0.79721, 0][0.08656, 1.66809, -0.369779][-0.66320, -0.06010, 0.74603][0.85128, 0.78971, 0][0.075648, 1.68386, -0.376007][-0.45911, 0.38376, 0.80122][0.84923, 0.79151, 0][0.094024, 1.69636, -0.357041][-0.52082, 0.46292, 0.71725][0.85020, 0.79721, 0][0.105737, 1.68088, -0.349897][-0.77047, 0.04300, 0.63602][0.85230, 0.79568, 0][0.08656, 1.66809, -0.369779][-0.66320, -0.06010, 0.74603][0.85128, 0.78971, 0][0.078419, 1.70312, -0.357271][-0.19649, 0.74482, 0.63768][0.84841, 0.79819, 0][0.075648, 1.68386, -0.376007][-0.45911, 0.38376, 0.80122][0.84923, 0.79151, 0][0.061088, 1.69124, -0.375179][-0.17741, 0.71321, 0.67813][0.84747, 0.79278, 0][0.078419, 1.70312, -0.357271][-0.19649, 0.74482, 0.63768][0.84841, 0.79819, 0][0.094024, 1.69636, -0.357041][-0.52082, 0.46292, 0.71725][0.85020, 0.79721, 0][0.075648, 1.68386, -0.376007][-0.45911, 0.38376, 0.80122][0.84923, 0.79151, 0][0.08656, 1.66809, -0.369779][-0.66320, -0.06010, 0.74603][0.85128, 0.78971, 0][0.067703, 1.63796, -0.374708][-0.55124, -0.38441, 0.74052][0.85199, 0.78250, 0][0.063488, 1.65776, -0.385834][-0.52548, -0.15709, 0.83618][0.84986, 0.78462, 0][0.08656, 1.66809, -0.369779][-0.66320, -0.06010, 0.74603][0.85128, 0.78971, 0][0.091389, 1.64818, -0.358138][-0.70410, -0.30108, 0.64312][0.85348, 0.78777, 0][0.067703, 1.63796, -0.374708][-0.55124, -0.38441, 0.74052][0.85199, 0.78250, 0][0.075648, 1.68386, -0.376007][-0.45911, 0.38376, 0.80122][0.84923, 0.79151, 0][0.063488, 1.65776, -0.385834][-0.52548, -0.15709, 0.83618][0.84986, 0.78462, 0][0.05405, 1.67391, -0.390964][-0.37354, 0.30199, 0.87708][0.84788, 0.78674, 0][0.075648, 1.68386, -0.376007][-0.45911, 0.38376, 0.80122][0.84923, 0.79151, 0][0.08656, 1.66809, -0.369779][-0.66320, -0.06010, 0.74603][0.85128, 0.78971, 0][0.063488, 1.65776, -0.385834][-0.52548, -0.15709, 0.83618][0.84986, 0.78462, 0][0.061088, 1.69124, -0.375179][-0.17741, 0.71321, 0.67813][0.84747, 0.79278, 0][0.05405, 1.67391, -0.390964][-0.37354, 0.30199, 0.87708][0.84788, 0.78674, 0][0.041434, 1.6821, -0.388759][-0.14778, 0.67842, 0.71966][0.84615, 0.78844, 0][0.061088, 1.69124, -0.375179][-0.17741, 0.71321, 0.67813][0.84747, 0.79278, 0][0.075648, 1.68386, -0.376007][-0.45911, 0.38376, 0.80122][0.84923, 0.79151, 0][0.05405, 1.67391, -0.390964][-0.37354, 0.30199, 0.87708][0.84788, 0.78674, 0][0.063488, 1.65776, -0.385834][-0.52548, -0.15709, 0.83618][0.84986, 0.78462, 0][0.040772, 1.63049, -0.386884][-0.37378, -0.44888, 0.81166][0.85023, 0.77814, 0][0.037673, 1.65024, -0.397362][-0.35944, -0.23678, 0.90263][0.84815, 0.78050, 0][0.063488, 1.65776, -0.385834][-0.52548, -0.15709, 0.83618][0.84986, 0.78462, 0][0.067703, 1.63796, -0.374708][-0.55124, -0.38441, 0.74052][0.85199, 0.78250, 0][0.040772, 1.63049, -0.386884][-0.37378, -0.44888, 0.81166][0.85023, 0.77814, 0][0.05405, 1.67391, -0.390964][-0.37354, 0.30199, 0.87708][0.84788, 0.78674, 0][0.037673, 1.65024, -0.397362][-0.35944, -0.23678, 0.90263][0.84815, 0.78050, 0][0.031053, 1.66698, -0.401157][-0.26114, 0.22832, 0.93791][0.84623, 0.78310, 0][0.05405, 1.67391, -0.390964][-0.37354, 0.30199, 0.87708][0.84788, 0.78674, 0][0.063488, 1.65776, -0.385834][-0.52548, -0.15709, 0.83618][0.84986, 0.78462, 0][0.037673, 1.65024, -0.397362][-0.35944, -0.23678, 0.90263][0.84815, 0.78050, 0][0.041434, 1.6821, -0.388759][-0.14778, 0.67842, 0.71966][0.84615, 0.78844, 0][0.031053, 1.66698, -0.401157][-0.26114, 0.22832, 0.93791][0.84623, 0.78310, 0][0.022204, 1.67623, -0.397255][-0.10429, 0.64462, 0.75735][0.84464, 0.78542, 0][0.041434, 1.6821, -0.388759][-0.14778, 0.67842, 0.71966][0.84615, 0.78844, 0][0.05405, 1.67391, -0.390964][-0.37354, 0.30199, 0.87708][0.84788, 0.78674, 0][0.031053, 1.66698, -0.401157][-0.26114, 0.22832, 0.93791][0.84623, 0.78310, 0][0.037673, 1.65024, -0.397362][-0.35944, -0.23678, 0.90263][0.84815, 0.78050, 0][0.011649, 1.62592, -0.394059][-0.16819, -0.48721, 0.85694][0.84820, 0.77463, 0][0.010737, 1.64578, -0.403892][-0.15604, -0.27192, 0.94958][0.84612, 0.77739, 0][0.037673, 1.65024, -0.397362][-0.35944, -0.23678, 0.90263][0.84815, 0.78050, 0][0.040772, 1.63049, -0.386884][-0.37378, -0.44888, 0.81166][0.85023, 0.77814, 0][0.011649, 1.62592, -0.394059][-0.16819, -0.48721, 0.85694][0.84820, 0.77463, 0][0.031053, 1.66698, -0.401157][-0.26114, 0.22832, 0.93791][0.84623, 0.78310, 0][0.010737, 1.64578, -0.403892][-0.15604, -0.27192, 0.94958][0.84612, 0.77739, 0][0.009825, 1.66333, -0.406246][-0.10326, 0.20568, 0.97316][0.84445, 0.78076, 0][0.031053, 1.66698, -0.401157][-0.26114, 0.22832, 0.93791][0.84623, 0.78310, 0][0.037673, 1.65024, -0.397362][-0.35944, -0.23678, 0.90263][0.84815, 0.78050, 0][0.010737, 1.64578, -0.403892][-0.15604, -0.27192, 0.94958][0.84612, 0.77739, 0][0.022204, 1.67623, -0.397255][-0.10429, 0.64462, 0.75735][0.84464, 0.78542, 0][0.009825, 1.66333, -0.406246][-0.10326, 0.20568, 0.97316][0.84445, 0.78076, 0][0.008678, 1.67386, -0.400483][-0.03257, 0.63513, 0.77172][0.84338, 0.78401, 0][0.022204, 1.67623, -0.397255][-0.10429, 0.64462, 0.75735][0.84464, 0.78542, 0][0.031053, 1.66698, -0.401157][-0.26114, 0.22832, 0.93791][0.84623, 0.78310, 0][0.009825, 1.66333, -0.406246][-0.10326, 0.20568, 0.97316][0.84445, 0.78076, 0][0.010737, 1.64578, -0.403892][-0.15604, -0.27192, 0.94958][0.84612, 0.77739, 0][-0.026769, 1.6243, -0.395646][0.02241, -0.49658, 0.86770][0.84468, 0.77109, 0][-0.027041, 1.6442, -0.405243][0.02533, -0.27167, 0.96206][0.84224, 0.77443, 0][0.010737, 1.64578, -0.403892][-0.15604, -0.27192, 0.94958][0.84612, 0.77739, 0][0.011649, 1.62592, -0.394059][-0.16819, -0.48721, 0.85694][0.84820, 0.77463, 0][-0.026769, 1.6243, -0.395646][0.02241, -0.49658, 0.86770][0.84468, 0.77109, 0][0.009825, 1.66333, -0.406246][-0.10326, 0.20568, 0.97316][0.84445, 0.78076, 0][-0.027041, 1.6442, -0.405243][0.02533, -0.27167, 0.96206][0.84224, 0.77443, 0][-0.027083, 1.66201, -0.407047][0.02823, 0.21447, 0.97632][0.84021, 0.77868, 0][0.009825, 1.66333, -0.406246][-0.10326, 0.20568, 0.97316][0.84445, 0.78076, 0][0.010737, 1.64578, -0.403892][-0.15604, -0.27192, 0.94958][0.84612, 0.77739, 0][-0.027041, 1.6442, -0.405243][0.02533, -0.27167, 0.96206][0.84224, 0.77443, 0][0.008678, 1.67386, -0.400483][-0.03257, 0.63513, 0.77172][0.84338, 0.78401, 0][-0.027083, 1.66201, -0.407047][0.02823, 0.21447, 0.97632][0.84021, 0.77868, 0][-0.026884, 1.67299, -0.40058][0.02187, 0.70009, 0.71372][0.83907, 0.78293, 0][0.008678, 1.67386, -0.400483][-0.03257, 0.63513, 0.77172][0.84338, 0.78401, 0][0.009825, 1.66333, -0.406246][-0.10326, 0.20568, 0.97316][0.84445, 0.78076, 0][-0.027083, 1.66201, -0.407047][0.02823, 0.21447, 0.97632][0.84021, 0.77868, 0][-0.01844, 1.79765, -0.118643][-0.02086, 0.60771, -0.79389][0.84165, 0.85818, 0][0.020514, 1.73787, -0.083872][-0.21615, 0.38309, -0.89807][0.85291, 0.85436, 0][0.019024, 1.79594, -0.122355][-0.21994, 0.59566, -0.77254][0.84416, 0.85389, 0][-0.01844, 1.79765, -0.118643][-0.02086, 0.60771, -0.79389][0.84165, 0.85818, 0][-0.017276, 1.7394, -0.080034][-0.01939, 0.38632, -0.92216][0.85298, 0.85930, 0][0.020514, 1.73787, -0.083872][-0.21615, 0.38309, -0.89807][0.85291, 0.85436, 0][0.510702, -1.09038, 0.636754][-0.54493, -0.75467, -0.36541][0.20398, 0.80031, 0][0.426621, -0.934134, 0.960119][-0.47094, -0.63910, -0.60808][0.15512, 0.75158, 0][0.398291, -1.12831, 0.696313][-0.40867, -0.81128, -0.41811][0.18401, 0.80089, 0][0.510702, -1.09038, 0.636754][-0.54493, -0.75467, -0.36541][0.20398, 0.80031, 0][0.546244, -0.905286, 0.879577][-0.60364, -0.58882, -0.53751][0.17819, 0.75429, 0][0.426621, -0.934134, 0.960119][-0.47094, -0.63910, -0.60808][0.15512, 0.75158, 0][0.752688, -0.789445, 0.605235][-0.95109, -0.28641, -0.11578][0.23505, 0.76354, 0][0.735735, -0.635913, 0.825478][-0.88538, -0.23612, -0.40043][0.20577, 0.72455, 0][0.712218, -0.831419, 0.697328][-0.85347, -0.42436, -0.30251][0.21836, 0.76052, 0][0.752688, -0.789445, 0.605235][-0.95109, -0.28641, -0.11578][0.23505, 0.76354, 0][0.776639, -0.610755, 0.719902][-0.97089, -0.14959, -0.18708][0.22407, 0.73065, 0][0.735735, -0.635913, 0.825478][-0.88538, -0.23612, -0.40043][0.20577, 0.72455, 0][0.642623, -0.870692, 0.789938][-0.73145, -0.52110, -0.43982][0.19943, 0.75741, 0][0.565089, -0.680534, 1.03287][-0.65199, -0.34400, -0.67570][0.16279, 0.71250, 0][0.546244, -0.905286, 0.879577][-0.60364, -0.58882, -0.53751][0.17819, 0.75429, 0][0.642623, -0.870692, 0.789938][-0.73145, -0.52110, -0.43982][0.19943, 0.75741, 0][0.664512, -0.659529, 0.931379][-0.77347, -0.29876, -0.55900][0.18533, 0.71841, 0][0.565089, -0.680534, 1.03287][-0.65199, -0.34400, -0.67570][0.16279, 0.71250, 0][0.695809, -0.67117, 0.3662][-0.79546, 0.30018, 0.52643][0.27776, 0.77127, 0][0.764967, -0.562354, 0.532801][-0.92830, 0.08791, 0.36129][0.25491, 0.74150, 0][0.74365, -0.707783, 0.439615][-0.93094, 0.11036, 0.34810][0.26334, 0.76884, 0][0.695809, -0.67117, 0.3662][-0.79546, 0.30018, 0.52643][0.27776, 0.77127, 0][0.714406, -0.540349, 0.451135][-0.78700, 0.19753, 0.58448][0.27036, 0.74629, 0][0.764967, -0.562354, 0.532801][-0.92830, 0.08791, 0.36129][0.25491, 0.74150, 0][0.426621, -0.934134, 0.960119][-0.47094, -0.63910, -0.60808][0.15512, 0.75158, 0][0.297308, -0.710787, 1.19834][-0.37141, -0.40671, -0.83465][0.11312, 0.70277, 0][0.288434, -0.956036, 1.02538][-0.32742, -0.67732, -0.65881][0.13084, 0.74967, 0][0.426621, -0.934134, 0.960119][-0.47094, -0.63910, -0.60808][0.15512, 0.75158, 0][0.44107, -0.697871, 1.12418][-0.52102, -0.37885, -0.76486][0.13852, 0.70712, 0][0.297308, -0.710787, 1.19834][-0.37141, -0.40671, -0.83465][0.11312, 0.70277, 0][0.763098, -0.747476, 0.518662][-0.98822, -0.09989, 0.11595][0.24970, 0.76632, 0][0.776639, -0.610755, 0.719902][-0.97089, -0.14959, -0.18708][0.22407, 0.73065, 0][0.752688, -0.789445, 0.605235][-0.95109, -0.28641, -0.11578][0.23505, 0.76354, 0][0.763098, -0.747476, 0.518662][-0.98822, -0.09989, 0.11595][0.24970, 0.76632, 0][0.786229, -0.585943, 0.622411][-0.99596, -0.03642, 0.08214][0.23999, 0.73627, 0][0.776639, -0.610755, 0.719902][-0.97089, -0.14959, -0.18708][0.22407, 0.73065, 0][0.137314, -0.969747, 1.0683][-0.16921, -0.70300, -0.69077][0.10612, 0.74909, 0][-0.02513, -0.72151, 1.26412][-0.00064, -0.43665, -0.89963][0.06114, 0.69991, 0][-0.020427, -0.974465, 1.0836][-0.00078, -0.71304, -0.70112][0.08155, 0.75027, 0][0.137314, -0.969747, 1.0683][-0.16921, -0.70300, -0.69077][0.10612, 0.74909, 0][0.139669, -0.718655, 1.2471][-0.19590, -0.42758, -0.88250][0.08720, 0.70013, 0][-0.02513, -0.72151, 1.26412][-0.00064, -0.43665, -0.89963][0.06114, 0.69991, 0][0.712218, -0.831419, 0.697328][-0.85347, -0.42436, -0.30251][0.21836, 0.76052, 0][0.664512, -0.659529, 0.931379][-0.77347, -0.29876, -0.55900][0.18533, 0.71841, 0][0.642623, -0.870692, 0.789938][-0.73145, -0.52110, -0.43982][0.19943, 0.75741, 0][0.712218, -0.831419, 0.697328][-0.85347, -0.42436, -0.30251][0.21836, 0.76052, 0][0.735735, -0.635913, 0.825478][-0.88538, -0.23612, -0.40043][0.20577, 0.72455, 0][0.664512, -0.659529, 0.931379][-0.77347, -0.29876, -0.55900][0.18533, 0.71841, 0][0.621589, -0.638772, 0.30107][-0.62740, 0.44836, 0.63666][0.29377, 0.77341, 0][0.714406, -0.540349, 0.451135][-0.78700, 0.19753, 0.58448][0.27036, 0.74629, 0][0.695809, -0.67117, 0.3662][-0.79546, 0.30018, 0.52643][0.27776, 0.77127, 0][0.621589, -0.638772, 0.30107][-0.62740, 0.44836, 0.63666][0.29377, 0.77341, 0][0.63688, -0.520969, 0.378948][-0.64771, 0.30473, 0.69829][0.28730, 0.75056, 0][0.714406, -0.540349, 0.451135][-0.78700, 0.19753, 0.58448][0.27036, 0.74629, 0][0.546244, -0.905286, 0.879577][-0.60364, -0.58882, -0.53751][0.17819, 0.75429, 0][0.44107, -0.697871, 1.12418][-0.52102, -0.37885, -0.76486][0.13852, 0.70712, 0][0.426621, -0.934134, 0.960119][-0.47094, -0.63910, -0.60808][0.15512, 0.75158, 0][0.546244, -0.905286, 0.879577][-0.60364, -0.58882, -0.53751][0.17819, 0.75429, 0][0.565089, -0.680534, 1.03287][-0.65199, -0.34400, -0.67570][0.16279, 0.71250, 0][0.44107, -0.697871, 1.12418][-0.52102, -0.37885, -0.76486][0.13852, 0.70712, 0][0.74365, -0.707783, 0.439615][-0.93094, 0.11036, 0.34810][0.26334, 0.76884, 0][0.786229, -0.585943, 0.622411][-0.99596, -0.03642, 0.08214][0.23999, 0.73627, 0][0.763098, -0.747476, 0.518662][-0.98822, -0.09989, 0.11595][0.24970, 0.76632, 0][0.74365, -0.707783, 0.439615][-0.93094, 0.11036, 0.34810][0.26334, 0.76884, 0][0.764967, -0.562354, 0.532801][-0.92830, 0.08791, 0.36129][0.25491, 0.74150, 0][0.786229, -0.585943, 0.622411][-0.99596, -0.03642, 0.08214][0.23999, 0.73627, 0][0.639514, -1.00821, 0.160442][-0.95244, -0.19802, 0.23159][0.28372, 0.83449, 0][0.710332, -0.93859, 0.426794][-0.91831, -0.39587, 0.00040][0.25254, 0.79923, 0][0.628758, -1.06378, 0.22034][-0.90230, -0.42410, 0.07740][0.27195, 0.83564, 0][0.639514, -1.00821, 0.160442][-0.95244, -0.19802, 0.23159][0.28372, 0.83449, 0][0.722943, -0.882987, 0.356892][-0.96549, -0.17709, 0.19098][0.26535, 0.79892, 0][0.710332, -0.93859, 0.426794][-0.91831, -0.39587, 0.00040][0.25254, 0.79923, 0][0.504047, -0.700528, 0.134255][-0.44056, 0.65997, 0.60857][0.32095, 0.79791, 0][0.621589, -0.638772, 0.30107][-0.62740, 0.44836, 0.63666][0.29377, 0.77341, 0][0.595746, -0.737009, 0.180762][-0.65128, 0.49175, 0.57795][0.30442, 0.79800, 0][0.504047, -0.700528, 0.134255][-0.44056, 0.65997, 0.60857][0.32095, 0.79791, 0][0.52389, -0.61126, 0.246143][-0.48287, 0.57580, 0.65977][0.31181, 0.77507, 0][0.621589, -0.638772, 0.30107][-0.62740, 0.44836, 0.63666][0.29377, 0.77341, 0][0.60237, -1.04466, 0.569732][-0.68244, -0.67415, -0.28250][0.22215, 0.79989, 0][0.546244, -0.905286, 0.879577][-0.60364, -0.58882, -0.53751][0.17819, 0.75429, 0][0.510702, -1.09038, 0.636754][-0.54493, -0.75467, -0.36541][0.20398, 0.80031, 0][0.60237, -1.04466, 0.569732][-0.68244, -0.67415, -0.28250][0.22215, 0.79989, 0][0.642623, -0.870692, 0.789938][-0.73145, -0.52110, -0.43982][0.19943, 0.75741, 0][0.546244, -0.905286, 0.879577][-0.60364, -0.58882, -0.53751][0.17819, 0.75429, 0][0.669769, -0.993355, 0.498876][-0.81371, -0.55856, -0.16089][0.23828, 0.79953, 0][0.642623, -0.870692, 0.789938][-0.73145, -0.52110, -0.43982][0.19943, 0.75741, 0][0.60237, -1.04466, 0.569732][-0.68244, -0.67415, -0.28250][0.22215, 0.79989, 0][0.669769, -0.993355, 0.498876][-0.81371, -0.55856, -0.16089][0.23828, 0.79953, 0][0.712218, -0.831419, 0.697328][-0.85347, -0.42436, -0.30251][0.21836, 0.76052, 0][0.642623, -0.870692, 0.789938][-0.73145, -0.52110, -0.43982][0.19943, 0.75741, 0][0.710332, -0.93859, 0.426794][-0.91831, -0.39587, 0.00040][0.25254, 0.79923, 0][0.712218, -0.831419, 0.697328][-0.85347, -0.42436, -0.30251][0.21836, 0.76052, 0][0.669769, -0.993355, 0.498876][-0.81371, -0.55856, -0.16089][0.23828, 0.79953, 0][0.710332, -0.93859, 0.426794][-0.91831, -0.39587, 0.00040][0.25254, 0.79923, 0][0.752688, -0.789445, 0.605235][-0.95109, -0.28641, -0.11578][0.23505, 0.76354, 0][0.712218, -0.831419, 0.697328][-0.85347, -0.42436, -0.30251][0.21836, 0.76052, 0][0.722943, -0.882987, 0.356892][-0.96549, -0.17709, 0.19098][0.26535, 0.79892, 0][0.752688, -0.789445, 0.605235][-0.95109, -0.28641, -0.11578][0.23505, 0.76354, 0][0.710332, -0.93859, 0.426794][-0.91831, -0.39587, 0.00040][0.25254, 0.79923, 0][0.722943, -0.882987, 0.356892][-0.96549, -0.17709, 0.19098][0.26535, 0.79892, 0][0.763098, -0.747476, 0.518662][-0.98822, -0.09989, 0.11595][0.24970, 0.76632, 0][0.752688, -0.789445, 0.605235][-0.95109, -0.28641, -0.11578][0.23505, 0.76354, 0][0.130216, -1.17401, 0.774561][-0.13457, -0.87574, -0.46366][0.14092, 0.80337, 0][-0.020427, -0.974465, 1.0836][-0.00078, -0.71304, -0.70112][0.08155, 0.75027, 0][-0.014762, -1.17988, 0.785006][-0.00035, -0.88412, -0.46726][0.11904, 0.80584, 0][0.130216, -1.17401, 0.774561][-0.13457, -0.87574, -0.46366][0.14092, 0.80337, 0][0.137314, -0.969747, 1.0683][-0.16921, -0.70300, -0.69077][0.10612, 0.74909, 0][-0.020427, -0.974465, 1.0836][-0.00078, -0.71304, -0.70112][0.08155, 0.75027, 0][0.707132, -0.829699, 0.29412][-0.92521, 0.07307, 0.37236][0.27722, 0.79839, 0][0.763098, -0.747476, 0.518662][-0.98822, -0.09989, 0.11595][0.24970, 0.76632, 0][0.722943, -0.882987, 0.356892][-0.96549, -0.17709, 0.19098][0.26535, 0.79892, 0][0.707132, -0.829699, 0.29412][-0.92521, 0.07307, 0.37236][0.27722, 0.79839, 0][0.74365, -0.707783, 0.439615][-0.93094, 0.11036, 0.34810][0.26334, 0.76884, 0][0.763098, -0.747476, 0.518662][-0.98822, -0.09989, 0.11595][0.24970, 0.76632, 0][0.269729, -1.15663, 0.743925][-0.27294, -0.85072, -0.44920][0.16276, 0.80180, 0][0.137314, -0.969747, 1.0683][-0.16921, -0.70300, -0.69077][0.10612, 0.74909, 0][0.130216, -1.17401, 0.774561][-0.13457, -0.87574, -0.46366][0.14092, 0.80337, 0][0.269729, -1.15663, 0.743925][-0.27294, -0.85072, -0.44920][0.16276, 0.80180, 0][0.288434, -0.956036, 1.02538][-0.32742, -0.67732, -0.65881][0.13084, 0.74967, 0][0.137314, -0.969747, 1.0683][-0.16921, -0.70300, -0.69077][0.10612, 0.74909, 0][0.664268, -0.780662, 0.234524][-0.80797, 0.30487, 0.50421][0.28999, 0.79816, 0][0.74365, -0.707783, 0.439615][-0.93094, 0.11036, 0.34810][0.26334, 0.76884, 0][0.707132, -0.829699, 0.29412][-0.92521, 0.07307, 0.37236][0.27722, 0.79839, 0][0.664268, -0.780662, 0.234524][-0.80797, 0.30487, 0.50421][0.28999, 0.79816, 0][0.695809, -0.67117, 0.3662][-0.79546, 0.30018, 0.52643][0.27776, 0.77127, 0][0.74365, -0.707783, 0.439615][-0.93094, 0.11036, 0.34810][0.26334, 0.76884, 0][0.398291, -1.12831, 0.696313][-0.40867, -0.81128, -0.41811][0.18401, 0.80089, 0][0.288434, -0.956036, 1.02538][-0.32742, -0.67732, -0.65881][0.13084, 0.74967, 0][0.269729, -1.15663, 0.743925][-0.27294, -0.85072, -0.44920][0.16276, 0.80180, 0][0.398291, -1.12831, 0.696313][-0.40867, -0.81128, -0.41811][0.18401, 0.80089, 0][0.426621, -0.934134, 0.960119][-0.47094, -0.63910, -0.60808][0.15512, 0.75158, 0][0.288434, -0.956036, 1.02538][-0.32742, -0.67732, -0.65881][0.13084, 0.74967, 0][0.595746, -0.737009, 0.180762][-0.65128, 0.49175, 0.57795][0.30442, 0.79800, 0][0.695809, -0.67117, 0.3662][-0.79546, 0.30018, 0.52643][0.27776, 0.77127, 0][0.664268, -0.780662, 0.234524][-0.80797, 0.30487, 0.50421][0.28999, 0.79816, 0][0.595746, -0.737009, 0.180762][-0.65128, 0.49175, 0.57795][0.30442, 0.79800, 0][0.621589, -0.638772, 0.30107][-0.62740, 0.44836, 0.63666][0.29377, 0.77341, 0][0.695809, -0.67117, 0.3662][-0.79546, 0.30018, 0.52643][0.27776, 0.77127, 0][0.428777, -0.867656, -0.144313][-0.56073, 0.69178, 0.45501][0.34378, 0.84822, 0][0.531053, -0.857848, 0.005846][-0.68572, 0.51095, 0.51838][0.32024, 0.83133, 0][0.498755, -0.910854, -0.11199][-0.71507, 0.53456, 0.45046][0.33068, 0.85033, 0][0.428777, -0.867656, -0.144313][-0.56073, 0.69178, 0.45501][0.34378, 0.84822, 0][0.452998, -0.818646, -0.035788][-0.49896, 0.67816, 0.53957][0.33509, 0.83060, 0][0.531053, -0.857848, 0.005846][-0.68572, 0.51095, 0.51838][0.32024, 0.83133, 0][0.134828, -1.28766, 0.482785][-0.12018, -0.93164, -0.34293][0.17960, 0.84622, 0][-0.014762, -1.17988, 0.785006][-0.00035, -0.88412, -0.46726][0.11904, 0.80584, 0][-0.00914, -1.29305, 0.490458][-0.00039, -0.93883, -0.34438][0.15841, 0.84944, 0][0.134828, -1.28766, 0.482785][-0.12018, -0.93164, -0.34293][0.17960, 0.84622, 0][0.130216, -1.17401, 0.774561][-0.13457, -0.87574, -0.46366][0.14092, 0.80337, 0][-0.014762, -1.17988, 0.785006][-0.00035, -0.88412, -0.46726][0.11904, 0.80584, 0][0.626174, -0.954525, 0.105724][-0.92663, 0.05941, 0.37125][0.29491, 0.83326, 0][0.722943, -0.882987, 0.356892][-0.96549, -0.17709, 0.19098][0.26535, 0.79892, 0][0.639514, -1.00821, 0.160442][-0.95244, -0.19802, 0.23159][0.28372, 0.83449, 0][0.626174, -0.954525, 0.105724][-0.92663, 0.05941, 0.37125][0.29491, 0.83326, 0][0.707132, -0.829699, 0.29412][-0.92521, 0.07307, 0.37236][0.27722, 0.79839, 0][0.722943, -0.882987, 0.356892][-0.96549, -0.17709, 0.19098][0.26535, 0.79892, 0][0.253469, -1.27185, 0.462373][-0.25324, -0.90863, -0.33204][0.19750, 0.84381, 0][0.130216, -1.17401, 0.774561][-0.13457, -0.87574, -0.46366][0.14092, 0.80337, 0][0.134828, -1.28766, 0.482785][-0.12018, -0.93164, -0.34293][0.17960, 0.84622, 0][0.253469, -1.27185, 0.462373][-0.25324, -0.90863, -0.33204][0.19750, 0.84381, 0][0.269729, -1.15663, 0.743925][-0.27294, -0.85072, -0.44920][0.16276, 0.80180, 0][0.130216, -1.17401, 0.774561][-0.13457, -0.87574, -0.46366][0.14092, 0.80337, 0][0.589583, -0.903787, 0.053661][-0.82907, 0.30501, 0.46862][0.30690, 0.83221, 0][0.707132, -0.829699, 0.29412][-0.92521, 0.07307, 0.37236][0.27722, 0.79839, 0][0.626174, -0.954525, 0.105724][-0.92663, 0.05941, 0.37125][0.29491, 0.83326, 0][0.589583, -0.903787, 0.053661][-0.82907, 0.30501, 0.46862][0.30690, 0.83221, 0][0.664268, -0.780662, 0.234524][-0.80797, 0.30487, 0.50421][0.28999, 0.79816, 0][0.707132, -0.829699, 0.29412][-0.92521, 0.07307, 0.37236][0.27722, 0.79839, 0][0.362814, -1.24589, 0.429658][-0.38611, -0.87106, -0.30360][0.21475, 0.84175, 0][0.269729, -1.15663, 0.743925][-0.27294, -0.85072, -0.44920][0.16276, 0.80180, 0][0.253469, -1.27185, 0.462373][-0.25324, -0.90863, -0.33204][0.19750, 0.84381, 0][0.362814, -1.24589, 0.429658][-0.38611, -0.87106, -0.30360][0.21475, 0.84175, 0][0.398291, -1.12831, 0.696313][-0.40867, -0.81128, -0.41811][0.18401, 0.80089, 0][0.269729, -1.15663, 0.743925][-0.27294, -0.85072, -0.44920][0.16276, 0.80180, 0][0.531053, -0.857848, 0.005846][-0.68572, 0.51095, 0.51838][0.32024, 0.83133, 0][0.664268, -0.780662, 0.234524][-0.80797, 0.30487, 0.50421][0.28999, 0.79816, 0][0.589583, -0.903787, 0.053661][-0.82907, 0.30501, 0.46862][0.30690, 0.83221, 0][0.531053, -0.857848, 0.005846][-0.68572, 0.51095, 0.51838][0.32024, 0.83133, 0][0.595746, -0.737009, 0.180762][-0.65128, 0.49175, 0.57795][0.30442, 0.79800, 0][0.664268, -0.780662, 0.234524][-0.80797, 0.30487, 0.50421][0.28999, 0.79816, 0][0.458457, -1.21079, 0.38715][-0.52488, -0.81266, -0.25315][0.23092, 0.83993, 0][0.398291, -1.12831, 0.696313][-0.40867, -0.81128, -0.41811][0.18401, 0.80089, 0][0.362814, -1.24589, 0.429658][-0.38611, -0.87106, -0.30360][0.21475, 0.84175, 0][0.458457, -1.21079, 0.38715][-0.52488, -0.81266, -0.25315][0.23092, 0.83993, 0][0.510702, -1.09038, 0.636754][-0.54493, -0.75467, -0.36541][0.20398, 0.80031, 0][0.398291, -1.12831, 0.696313][-0.40867, -0.81128, -0.41811][0.18401, 0.80089, 0][0.452998, -0.818646, -0.035788][-0.49896, 0.67816, 0.53957][0.33509, 0.83060, 0][0.595746, -0.737009, 0.180762][-0.65128, 0.49175, 0.57795][0.30442, 0.79800, 0][0.531053, -0.857848, 0.005846][-0.68572, 0.51095, 0.51838][0.32024, 0.83133, 0][0.452998, -0.818646, -0.035788][-0.49896, 0.67816, 0.53957][0.33509, 0.83060, 0][0.504047, -0.700528, 0.134255][-0.44056, 0.65997, 0.60857][0.32095, 0.79791, 0][0.595746, -0.737009, 0.180762][-0.65128, 0.49175, 0.57795][0.30442, 0.79800, 0][0.536589, -1.16756, 0.336428][-0.66639, -0.72506, -0.17383][0.24583, 0.83834, 0][0.510702, -1.09038, 0.636754][-0.54493, -0.75467, -0.36541][0.20398, 0.80031, 0][0.458457, -1.21079, 0.38715][-0.52488, -0.81266, -0.25315][0.23092, 0.83993, 0][0.536589, -1.16756, 0.336428][-0.66639, -0.72506, -0.17383][0.24583, 0.83834, 0][0.60237, -1.04466, 0.569732][-0.68244, -0.67415, -0.28250][0.22215, 0.79989, 0][0.510702, -1.09038, 0.636754][-0.54493, -0.75467, -0.36541][0.20398, 0.80031, 0][0.392544, -0.671387, 0.097746][-0.34695, 0.72424, 0.59590][0.22922, 0.84443, 0][0.26216, -0.673347, 0.037536][-0.13021, 0.89287, 0.43107][0.27505, 0.83707, 0][0.398527, -0.635581, 0.143436][-0.34342, 0.71397, 0.61017][0.22723, 0.86129, 0][0.594076, -1.11786, 0.280061][-0.79900, -0.59813, -0.06203][0.25943, 0.83692, 0][0.60237, -1.04466, 0.569732][-0.68244, -0.67415, -0.28250][0.22215, 0.79989, 0][0.536589, -1.16756, 0.336428][-0.66639, -0.72506, -0.17383][0.24583, 0.83834, 0][0.594076, -1.11786, 0.280061][-0.79900, -0.59813, -0.06203][0.25943, 0.83692, 0][0.669769, -0.993355, 0.498876][-0.81371, -0.55856, -0.16089][0.23828, 0.79953, 0][0.60237, -1.04466, 0.569732][-0.68244, -0.67415, -0.28250][0.22215, 0.79989, 0][0.628758, -1.06378, 0.22034][-0.90230, -0.42410, 0.07740][0.27195, 0.83564, 0][0.669769, -0.993355, 0.498876][-0.81371, -0.55856, -0.16089][0.23828, 0.79953, 0][0.594076, -1.11786, 0.280061][-0.79900, -0.59813, -0.06203][0.25943, 0.83692, 0][0.628758, -1.06378, 0.22034][-0.90230, -0.42410, 0.07740][0.27195, 0.83564, 0][0.710332, -0.93859, 0.426794][-0.91831, -0.39587, 0.00040][0.25254, 0.79923, 0][0.669769, -0.993355, 0.498876][-0.81371, -0.55856, -0.16089][0.23828, 0.79953, 0][-0.00343, -0.866399, -0.379928][0.00133, 0.86917, 0.49451][0.41925, 0.87167, 0][0.136303, -0.79246, -0.203333][-0.11609, 0.90236, 0.41507][0.39116, 0.84397, 0][0.142952, -0.871926, -0.376629][-0.12661, 0.86067, 0.49318][0.39643, 0.87254, 0][-0.00343, -0.866399, -0.379928][0.00133, 0.86917, 0.49451][0.41925, 0.87167, 0][-0.007665, -0.787529, -0.20716][0.00169, 0.91075, 0.41296][0.41362, 0.84291, 0][0.136303, -0.79246, -0.203333][-0.11609, 0.90236, 0.41507][0.39116, 0.84397, 0][0.493025, -1.24703, 0.132915][-0.68190, -0.72343, -0.10800][0.26762, 0.86848, 0][0.458457, -1.21079, 0.38715][-0.52488, -0.81266, -0.25315][0.23092, 0.83993, 0][0.422217, -1.29287, 0.168184][-0.54166, -0.82001, -0.18489][0.25577, 0.87176, 0][0.493025, -1.24703, 0.132915][-0.68190, -0.72343, -0.10800][0.26762, 0.86848, 0][0.536589, -1.16756, 0.336428][-0.66639, -0.72506, -0.17383][0.24583, 0.83834, 0][0.458457, -1.21079, 0.38715][-0.52488, -0.81266, -0.25315][0.23092, 0.83993, 0][0.342846, -0.832912, -0.171218][-0.40586, 0.79978, 0.44230][0.35834, 0.84650, 0][0.452998, -0.818646, -0.035788][-0.49896, 0.67816, 0.53957][0.33509, 0.83060, 0][0.428777, -0.867656, -0.144313][-0.56073, 0.69178, 0.45501][0.34378, 0.84822, 0][0.342846, -0.832912, -0.171218][-0.40586, 0.79978, 0.44230][0.35834, 0.84650, 0][0.358061, -0.787465, -0.070676][-0.35117, 0.77757, 0.52159][0.35154, 0.83004, 0][0.452998, -0.818646, -0.035788][-0.49896, 0.67816, 0.53957][0.33509, 0.83060, 0][0.546088, -1.19428, 0.093058][-0.81078, -0.58529, -0.00807][0.27850, 0.86521, 0][0.536589, -1.16756, 0.336428][-0.66639, -0.72506, -0.17383][0.24583, 0.83834, 0][0.493025, -1.24703, 0.132915][-0.68190, -0.72343, -0.10800][0.26762, 0.86848, 0][0.546088, -1.19428, 0.093058][-0.81078, -0.58529, -0.00807][0.27850, 0.86521, 0][0.594076, -1.11786, 0.280061][-0.79900, -0.59813, -0.06203][0.25943, 0.83692, 0][0.536589, -1.16756, 0.336428][-0.66639, -0.72506, -0.17383][0.24583, 0.83834, 0][0.244068, -0.807707, -0.191235][-0.26020, 0.86683, 0.42533][0.37423, 0.84511, 0][0.358061, -0.787465, -0.070676][-0.35117, 0.77757, 0.52159][0.35154, 0.83004, 0][0.342846, -0.832912, -0.171218][-0.40586, 0.79978, 0.44230][0.35834, 0.84650, 0][0.244068, -0.807707, -0.191235][-0.26020, 0.86683, 0.42533][0.37423, 0.84511, 0][0.249812, -0.764646, -0.095648][-0.23583, 0.83607, 0.49534][0.36928, 0.82937, 0][0.358061, -0.787465, -0.070676][-0.35117, 0.77757, 0.52159][0.35154, 0.83004, 0][0.579302, -1.13651, 0.049655][-0.90966, -0.40077, 0.10907][0.28876, 0.86201, 0][0.594076, -1.11786, 0.280061][-0.79900, -0.59813, -0.06203][0.25943, 0.83692, 0][0.546088, -1.19428, 0.093058][-0.81078, -0.58529, -0.00807][0.27850, 0.86521, 0][0.579302, -1.13651, 0.049655][-0.90966, -0.40077, 0.10907][0.28876, 0.86201, 0][0.628758, -1.06378, 0.22034][-0.90230, -0.42410, 0.07740][0.27195, 0.83564, 0][0.594076, -1.11786, 0.280061][-0.79900, -0.59813, -0.06203][0.25943, 0.83692, 0][0.136303, -0.79246, -0.203333][-0.11609, 0.90236, 0.41507][0.39116, 0.84397, 0][0.249812, -0.764646, -0.095648][-0.23583, 0.83607, 0.49534][0.36928, 0.82937, 0][0.244068, -0.807707, -0.191235][-0.26020, 0.86683, 0.42533][0.37423, 0.84511, 0][0.136303, -0.79246, -0.203333][-0.11609, 0.90236, 0.41507][0.39116, 0.84397, 0][0.132252, -0.750985, -0.111167][-0.10760, 0.86472, 0.49060][0.38802, 0.82871, 0][0.249812, -0.764646, -0.095648][-0.23583, 0.83607, 0.49534][0.36928, 0.82937, 0][0.591253, -1.07612, 0.004597][-0.95776, -0.16866, 0.23292][0.29880, 0.85891, 0][0.628758, -1.06378, 0.22034][-0.90230, -0.42410, 0.07740][0.27195, 0.83564, 0][0.579302, -1.13651, 0.049655][-0.90966, -0.40077, 0.10907][0.28876, 0.86201, 0][0.591253, -1.07612, 0.004597][-0.95776, -0.16866, 0.23292][0.29880, 0.85891, 0][0.639514, -1.00821, 0.160442][-0.95244, -0.19802, 0.23159][0.28372, 0.83449, 0][0.628758, -1.06378, 0.22034][-0.90230, -0.42410, 0.07740][0.27195, 0.83564, 0][0.134044, -1.3747, 0.233149][-0.12073, -0.95153, -0.28287][0.21413, 0.88135, 0][-0.00914, -1.29305, 0.490458][-0.00039, -0.93883, -0.34438][0.15841, 0.84944, 0][-0.005861, -1.3803, 0.238494][-0.00058, -0.95923, -0.28263][0.19425, 0.88511, 0][0.134044, -1.3747, 0.233149][-0.12073, -0.95153, -0.28287][0.21413, 0.88135, 0][0.134828, -1.28766, 0.482785][-0.12018, -0.93164, -0.34293][0.17960, 0.84622, 0][-0.00914, -1.29305, 0.490458][-0.00039, -0.93883, -0.34438][0.15841, 0.84944, 0][-0.007665, -0.787529, -0.20716][0.00169, 0.91075, 0.41296][0.41362, 0.84291, 0][0.132252, -0.750985, -0.111167][-0.10760, 0.86472, 0.49060][0.38802, 0.82871, 0][0.136303, -0.79246, -0.203333][-0.11609, 0.90236, 0.41507][0.39116, 0.84397, 0][-0.007665, -0.787529, -0.20716][0.00169, 0.91075, 0.41296][0.41362, 0.84291, 0][-0.010387, -0.746607, -0.116019][0.00150, 0.87284, 0.48800][0.41042, 0.82782, 0][0.132252, -0.750985, -0.111167][-0.10760, 0.86472, 0.49060][0.38802, 0.82871, 0][0.581416, -1.01734, -0.036195][-0.93578, 0.08782, 0.34147][0.30849, 0.85575, 0][0.639514, -1.00821, 0.160442][-0.95244, -0.19802, 0.23159][0.28372, 0.83449, 0][0.591253, -1.07612, 0.004597][-0.95776, -0.16866, 0.23292][0.29880, 0.85891, 0][0.581416, -1.01734, -0.036195][-0.93578, 0.08782, 0.34147][0.30849, 0.85575, 0][0.626174, -0.954525, 0.105724][-0.92663, 0.05941, 0.37125][0.29491, 0.83326, 0][0.639514, -1.00821, 0.160442][-0.95244, -0.19802, 0.23159][0.28372, 0.83449, 0][0.239274, -1.35782, 0.219197][-0.26364, -0.92577, -0.27101][0.22896, 0.87825, 0][0.134828, -1.28766, 0.482785][-0.12018, -0.93164, -0.34293][0.17960, 0.84622, 0][0.134044, -1.3747, 0.233149][-0.12073, -0.95153, -0.28287][0.21413, 0.88135, 0][0.239274, -1.35782, 0.219197][-0.26364, -0.92577, -0.27101][0.22896, 0.87825, 0][0.253469, -1.27185, 0.462373][-0.25324, -0.90863, -0.33204][0.19750, 0.84381, 0][0.134828, -1.28766, 0.482785][-0.12018, -0.93164, -0.34293][0.17960, 0.84622, 0][0.550191, -0.961537, -0.075651][-0.84810, 0.32939, 0.41500][0.31899, 0.85289, 0][0.626174, -0.954525, 0.105724][-0.92663, 0.05941, 0.37125][0.29491, 0.83326, 0][0.581416, -1.01734, -0.036195][-0.93578, 0.08782, 0.34147][0.30849, 0.85575, 0][0.550191, -0.961537, -0.075651][-0.84810, 0.32939, 0.41500][0.31899, 0.85289, 0][0.589583, -0.903787, 0.053661][-0.82907, 0.30501, 0.46862][0.30690, 0.83221, 0][0.626174, -0.954525, 0.105724][-0.92663, 0.05941, 0.37125][0.29491, 0.83326, 0][0.336557, -1.33026, 0.197198][-0.40095, -0.88451, -0.23849][0.24289, 0.87505, 0][0.253469, -1.27185, 0.462373][-0.25324, -0.90863, -0.33204][0.19750, 0.84381, 0][0.239274, -1.35782, 0.219197][-0.26364, -0.92577, -0.27101][0.22896, 0.87825, 0][0.336557, -1.33026, 0.197198][-0.40095, -0.88451, -0.23849][0.24289, 0.87505, 0][0.362814, -1.24589, 0.429658][-0.38611, -0.87106, -0.30360][0.21475, 0.84175, 0][0.253469, -1.27185, 0.462373][-0.25324, -0.90863, -0.33204][0.19750, 0.84381, 0][0.498755, -0.910854, -0.11199][-0.71507, 0.53456, 0.45046][0.33068, 0.85033, 0][0.589583, -0.903787, 0.053661][-0.82907, 0.30501, 0.46862][0.30690, 0.83221, 0][0.550191, -0.961537, -0.075651][-0.84810, 0.32939, 0.41500][0.31899, 0.85289, 0][0.498755, -0.910854, -0.11199][-0.71507, 0.53456, 0.45046][0.33068, 0.85033, 0][0.531053, -0.857848, 0.005846][-0.68572, 0.51095, 0.51838][0.32024, 0.83133, 0][0.589583, -0.903787, 0.053661][-0.82907, 0.30501, 0.46862][0.30690, 0.83221, 0][0.422217, -1.29287, 0.168184][-0.54166, -0.82001, -0.18489][0.25577, 0.87176, 0][0.362814, -1.24589, 0.429658][-0.38611, -0.87106, -0.30360][0.21475, 0.84175, 0][0.336557, -1.33026, 0.197198][-0.40095, -0.88451, -0.23849][0.24289, 0.87505, 0][0.422217, -1.29287, 0.168184][-0.54166, -0.82001, -0.18489][0.25577, 0.87176, 0][0.458457, -1.21079, 0.38715][-0.52488, -0.81266, -0.25315][0.23092, 0.83993, 0][0.362814, -1.24589, 0.429658][-0.38611, -0.87106, -0.30360][0.21475, 0.84175, 0][0.276815, -0.97927, -0.46039][-0.43838, 0.68824, 0.57805][0.37638, 0.89468, 0][0.386593, -0.949571, -0.32641][-0.58569, 0.63108, 0.50863][0.35707, 0.87715, 0][0.332674, -1.01235, -0.44786][-0.57823, 0.57833, 0.57549][0.36660, 0.89727, 0][0.276815, -0.97927, -0.46039][-0.43838, 0.68824, 0.57805][0.37638, 0.89468, 0][0.314842, -0.914094, -0.349039][-0.43689, 0.74461, 0.50466][0.36928, 0.87515, 0][0.386593, -0.949571, -0.32641][-0.58569, 0.63108, 0.50863][0.35707, 0.87715, 0][0.514708, -1.09792, -0.233577][-0.91231, 0.06139, 0.40486][0.32630, 0.88540, 0][0.591253, -1.07612, 0.004597][-0.95776, -0.16866, 0.23292][0.29880, 0.85891, 0][0.522976, -1.15412, -0.19925][-0.93136, -0.17703, 0.31816][0.31777, 0.88871, 0][0.514708, -1.09792, -0.233577][-0.91231, 0.06139, 0.40486][0.32630, 0.88540, 0][0.581416, -1.01734, -0.036195][-0.93578, 0.08782, 0.34147][0.30849, 0.85575, 0][0.591253, -1.07612, 0.004597][-0.95776, -0.16866, 0.23292][0.29880, 0.85891, 0][0.228682, -1.41857, -0.01867][-0.27520, -0.95215, -0.13294][0.26135, 0.90823, 0][0.134044, -1.3747, 0.233149][-0.12073, -0.95153, -0.28287][0.21413, 0.88135, 0][0.140381, -1.43414, -0.007115][-0.12029, -0.98215, -0.14461][0.24971, 0.91131, 0][0.228682, -1.41857, -0.01867][-0.27520, -0.95215, -0.13294][0.26135, 0.90823, 0][0.239274, -1.35782, 0.219197][-0.26364, -0.92577, -0.27101][0.22896, 0.87825, 0][0.134044, -1.3747, 0.233149][-0.12073, -0.95153, -0.28287][0.21413, 0.88135, 0][0.488448, -1.04346, -0.267018][-0.83897, 0.28308, 0.46476][0.33559, 0.88230, 0][0.581416, -1.01734, -0.036195][-0.93578, 0.08782, 0.34147][0.30849, 0.85575, 0][0.514708, -1.09792, -0.233577][-0.91231, 0.06139, 0.40486][0.32630, 0.88540, 0][0.488448, -1.04346, -0.267018][-0.83897, 0.28308, 0.46476][0.33559, 0.88230, 0][0.550191, -0.961537, -0.075651][-0.84810, 0.32939, 0.41500][0.31899, 0.85289, 0][0.581416, -1.01734, -0.036195][-0.93578, 0.08782, 0.34147][0.30849, 0.85575, 0][0.310187, -1.39284, -0.037128][-0.41662, -0.90367, -0.09902][0.27222, 0.90506, 0][0.239274, -1.35782, 0.219197][-0.26364, -0.92577, -0.27101][0.22896, 0.87825, 0][0.228682, -1.41857, -0.01867][-0.27520, -0.95215, -0.13294][0.26135, 0.90823, 0][0.310187, -1.39284, -0.037128][-0.41662, -0.90367, -0.09902][0.27222, 0.90506, 0][0.336557, -1.33026, 0.197198][-0.40095, -0.88451, -0.23849][0.24289, 0.87505, 0][0.239274, -1.35782, 0.219197][-0.26364, -0.92577, -0.27101][0.22896, 0.87825, 0][0.445164, -0.993221, -0.298495][-0.72480, 0.47622, 0.49787][0.34584, 0.87952, 0][0.550191, -0.961537, -0.075651][-0.84810, 0.32939, 0.41500][0.31899, 0.85289, 0][0.488448, -1.04346, -0.267018][-0.83897, 0.28308, 0.46476][0.33559, 0.88230, 0][0.445164, -0.993221, -0.298495][-0.72480, 0.47622, 0.49787][0.34584, 0.87952, 0][0.498755, -0.910854, -0.11199][-0.71507, 0.53456, 0.45046][0.33068, 0.85033, 0][0.550191, -0.961537, -0.075651][-0.84810, 0.32939, 0.41500][0.31899, 0.85289, 0][0.381913, -1.35792, -0.06156][-0.55662, -0.82955, -0.04497][0.28230, 0.90180, 0][0.336557, -1.33026, 0.197198][-0.40095, -0.88451, -0.23849][0.24289, 0.87505, 0][0.310187, -1.39284, -0.037128][-0.41662, -0.90367, -0.09902][0.27222, 0.90506, 0][0.381913, -1.35792, -0.06156][-0.55662, -0.82955, -0.04497][0.28230, 0.90180, 0][0.422217, -1.29287, 0.168184][-0.54166, -0.82001, -0.18489][0.25577, 0.87176, 0][0.336557, -1.33026, 0.197198][-0.40095, -0.88451, -0.23849][0.24289, 0.87505, 0][0.386593, -0.949571, -0.32641][-0.58569, 0.63108, 0.50863][0.35707, 0.87715, 0][0.498755, -0.910854, -0.11199][-0.71507, 0.53456, 0.45046][0.33068, 0.85033, 0][0.445164, -0.993221, -0.298495][-0.72480, 0.47622, 0.49787][0.34584, 0.87952, 0][0.386593, -0.949571, -0.32641][-0.58569, 0.63108, 0.50863][0.35707, 0.87715, 0][0.428777, -0.867656, -0.144313][-0.56073, 0.69178, 0.45501][0.34378, 0.84822, 0][0.498755, -0.910854, -0.11199][-0.71507, 0.53456, 0.45046][0.33068, 0.85033, 0][0.441076, -1.31489, -0.09123][-0.68956, -0.72367, 0.02849][0.29170, 0.89851, 0][0.422217, -1.29287, 0.168184][-0.54166, -0.82001, -0.18489][0.25577, 0.87176, 0][0.381913, -1.35792, -0.06156][-0.55662, -0.82955, -0.04497][0.28230, 0.90180, 0][0.441076, -1.31489, -0.09123][-0.68956, -0.72367, 0.02849][0.29170, 0.89851, 0][0.493025, -1.24703, 0.132915][-0.68190, -0.72343, -0.10800][0.26762, 0.86848, 0][0.422217, -1.29287, 0.168184][-0.54166, -0.82001, -0.18489][0.25577, 0.87176, 0][0.314842, -0.914094, -0.349039][-0.43689, 0.74461, 0.50466][0.36928, 0.87515, 0][0.428777, -0.867656, -0.144313][-0.56073, 0.69178, 0.45501][0.34378, 0.84822, 0][0.386593, -0.949571, -0.32641][-0.58569, 0.63108, 0.50863][0.35707, 0.87715, 0][0.314842, -0.914094, -0.349039][-0.43689, 0.74461, 0.50466][0.36928, 0.87515, 0][0.342846, -0.832912, -0.171218][-0.40586, 0.79978, 0.44230][0.35834, 0.84650, 0][0.428777, -0.867656, -0.144313][-0.56073, 0.69178, 0.45501][0.34378, 0.84822, 0][0.485356, -1.26533, -0.124733][-0.80546, -0.58078, 0.11803][0.30054, 0.89519, 0][0.493025, -1.24703, 0.132915][-0.68190, -0.72343, -0.10800][0.26762, 0.86848, 0][0.441076, -1.31489, -0.09123][-0.68956, -0.72367, 0.02849][0.29170, 0.89851, 0][0.485356, -1.26533, -0.124733][-0.80546, -0.58078, 0.11803][0.30054, 0.89519, 0][0.546088, -1.19428, 0.093058][-0.81078, -0.58529, -0.00807][0.27850, 0.86521, 0][0.493025, -1.24703, 0.132915][-0.68190, -0.72343, -0.10800][0.26762, 0.86848, 0][0.232563, -0.88796, -0.366391][-0.28719, 0.81939, 0.49611][0.38247, 0.87366, 0][0.342846, -0.832912, -0.171218][-0.40586, 0.79978, 0.44230][0.35834, 0.84650, 0][0.314842, -0.914094, -0.349039][-0.43689, 0.74461, 0.50466][0.36928, 0.87515, 0][0.232563, -0.88796, -0.366391][-0.28719, 0.81939, 0.49611][0.38247, 0.87366, 0][0.244068, -0.807707, -0.191235][-0.26020, 0.86683, 0.42533][0.37423, 0.84511, 0][0.342846, -0.832912, -0.171218][-0.40586, 0.79978, 0.44230][0.35834, 0.84650, 0][0.513033, -1.21107, -0.161094][-0.89085, -0.39912, 0.21699][0.30911, 0.89190, 0][0.546088, -1.19428, 0.093058][-0.81078, -0.58529, -0.00807][0.27850, 0.86521, 0][0.485356, -1.26533, -0.124733][-0.80546, -0.58078, 0.11803][0.30054, 0.89519, 0][0.513033, -1.21107, -0.161094][-0.89085, -0.39912, 0.21699][0.30911, 0.89190, 0][0.579302, -1.13651, 0.049655][-0.90966, -0.40077, 0.10907][0.28876, 0.86201, 0][0.546088, -1.19428, 0.093058][-0.81078, -0.58529, -0.00807][0.27850, 0.86521, 0][0.142952, -0.871926, -0.376629][-0.12661, 0.86067, 0.49318][0.39643, 0.87254, 0][0.244068, -0.807707, -0.191235][-0.26020, 0.86683, 0.42533][0.37423, 0.84511, 0][0.232563, -0.88796, -0.366391][-0.28719, 0.81939, 0.49611][0.38247, 0.87366, 0][0.142952, -0.871926, -0.376629][-0.12661, 0.86067, 0.49318][0.39643, 0.87254, 0][0.136303, -0.79246, -0.203333][-0.11609, 0.90236, 0.41507][0.39116, 0.84397, 0][0.244068, -0.807707, -0.191235][-0.26020, 0.86683, 0.42533][0.37423, 0.84511, 0][0.522976, -1.15412, -0.19925][-0.93136, -0.17703, 0.31816][0.31777, 0.88871, 0][0.579302, -1.13651, 0.049655][-0.90966, -0.40077, 0.10907][0.28876, 0.86201, 0][0.513033, -1.21107, -0.161094][-0.89085, -0.39912, 0.21699][0.30911, 0.89190, 0][0.522976, -1.15412, -0.19925][-0.93136, -0.17703, 0.31816][0.31777, 0.88871, 0][0.591253, -1.07612, 0.004597][-0.95776, -0.16866, 0.23292][0.29880, 0.85891, 0][0.579302, -1.13651, 0.049655][-0.90966, -0.40077, 0.10907][0.28876, 0.86201, 0][0.140381, -1.43414, -0.007115][-0.12029, -0.98215, -0.14461][0.24971, 0.91131, 0][-0.005861, -1.3803, 0.238494][-0.00058, -0.95923, -0.28263][0.19425, 0.88511, 0][-0.003292, -1.439, -0.002555][-0.00048, -0.98966, -0.14344][0.23009, 0.91587, 0][0.140381, -1.43414, -0.007115][-0.12029, -0.98215, -0.14461][0.24971, 0.91131, 0][0.134044, -1.3747, 0.233149][-0.12073, -0.95153, -0.28287][0.21413, 0.88135, 0][-0.005861, -1.3803, 0.238494][-0.00058, -0.95923, -0.28263][0.19425, 0.88511, 0][0.185478, -1.42785, -0.401472][-0.27892, -0.95688, 0.08115][0.31412, 0.94583, 0][0.13547, -1.44801, -0.271908][-0.11815, -0.99294, 0.01067][0.28905, 0.93786, 0][0.128847, -1.44022, -0.396161][-0.11725, -0.99126, 0.06044][0.30809, 0.94864, 0][0.185478, -1.42785, -0.401472][-0.27892, -0.95688, 0.08115][0.31412, 0.94583, 0][0.203112, -1.43401, -0.278805][-0.27887, -0.96000, 0.02521][0.29695, 0.93481, 0][0.13547, -1.44801, -0.271908][-0.11815, -0.99294, 0.01067][0.28905, 0.93786, 0][0.402636, -1.2967, -0.338969][-0.78171, -0.57011, 0.25279][0.32321, 0.92018, 0][0.441076, -1.31489, -0.09123][-0.68956, -0.72367, 0.02849][0.29170, 0.89851, 0][0.367509, -1.34102, -0.320154][-0.67769, -0.71387, 0.17642][0.31711, 0.92413, 0][0.402636, -1.2967, -0.338969][-0.78171, -0.57011, 0.25279][0.32321, 0.92018, 0][0.485356, -1.26533, -0.124733][-0.80546, -0.58078, 0.11803][0.30054, 0.89519, 0][0.441076, -1.31489, -0.09123][-0.68956, -0.72367, 0.02849][0.29170, 0.89851, 0][0.212363, -0.954738, -0.469763][-0.29207, 0.76327, 0.57629][0.38689, 0.89274, 0][0.314842, -0.914094, -0.349039][-0.43689, 0.74461, 0.50466][0.36928, 0.87515, 0][0.276815, -0.97927, -0.46039][-0.43838, 0.68824, 0.57805][0.37638, 0.89468, 0][0.212363, -0.954738, -0.469763][-0.29207, 0.76327, 0.57629][0.38689, 0.89274, 0][0.232563, -0.88796, -0.366391][-0.28719, 0.81939, 0.49611][0.38247, 0.87366, 0][0.314842, -0.914094, -0.349039][-0.43689, 0.74461, 0.50466][0.36928, 0.87515, 0][0.425272, -1.24827, -0.359345][-0.85659, -0.39290, 0.33448][0.32936, 0.91616, 0][0.485356, -1.26533, -0.124733][-0.80546, -0.58078, 0.11803][0.30054, 0.89519, 0][0.402636, -1.2967, -0.338969][-0.78171, -0.57011, 0.25279][0.32321, 0.92018, 0][0.425272, -1.24827, -0.359345][-0.85659, -0.39290, 0.33448][0.32936, 0.91616, 0][0.513033, -1.21107, -0.161094][-0.89085, -0.39912, 0.21699][0.30911, 0.89190, 0][0.485356, -1.26533, -0.124733][-0.80546, -0.58078, 0.11803][0.30054, 0.89519, 0][0.141835, -0.9395, -0.475228][-0.12801, 0.80645, 0.57728][0.39801, 0.89146, 0][0.232563, -0.88796, -0.366391][-0.28719, 0.81939, 0.49611][0.38247, 0.87366, 0][0.212363, -0.954738, -0.469763][-0.29207, 0.76327, 0.57629][0.38689, 0.89274, 0][0.141835, -0.9395, -0.475228][-0.12801, 0.80645, 0.57728][0.39801, 0.89146, 0][0.142952, -0.871926, -0.376629][-0.12661, 0.86067, 0.49318][0.39643, 0.87254, 0][0.232563, -0.88796, -0.366391][-0.28719, 0.81939, 0.49611][0.38247, 0.87366, 0][0.434363, -1.19755, -0.380237][-0.89116, -0.17998, 0.41646][0.33574, 0.91211, 0][0.513033, -1.21107, -0.161094][-0.89085, -0.39912, 0.21699][0.30911, 0.89190, 0][0.425272, -1.24827, -0.359345][-0.85659, -0.39290, 0.33448][0.32936, 0.91616, 0][0.434363, -1.19755, -0.380237][-0.89116, -0.17998, 0.41646][0.33574, 0.91211, 0][0.522976, -1.15412, -0.19925][-0.93136, -0.17703, 0.31816][0.31777, 0.88871, 0][0.513033, -1.21107, -0.161094][-0.89085, -0.39912, 0.21699][0.30911, 0.89190, 0][0.13547, -1.44801, -0.271908][-0.11815, -0.99294, 0.01067][0.28905, 0.93786, 0][-0.003292, -1.439, -0.002555][-0.00048, -0.98966, -0.14344][0.23009, 0.91587, 0][-0.000826, -1.45207, -0.268855][-0.00033, -0.99996, 0.00906][0.27186, 0.94313, 0][0.13547, -1.44801, -0.271908][-0.11815, -0.99294, 0.01067][0.28905, 0.93786, 0][0.140381, -1.43414, -0.007115][-0.12029, -0.98215, -0.14461][0.24971, 0.91131, 0][-0.003292, -1.439, -0.002555][-0.00048, -0.98966, -0.14344][0.23009, 0.91587, 0][-0.001524, -0.933837, -0.476674][0.00071, 0.81544, 0.57884][0.42054, 0.89083, 0][0.142952, -0.871926, -0.376629][-0.12661, 0.86067, 0.49318][0.39643, 0.87254, 0][0.141835, -0.9395, -0.475228][-0.12801, 0.80645, 0.57728][0.39801, 0.89146, 0][-0.001524, -0.933837, -0.476674][0.00071, 0.81544, 0.57884][0.42054, 0.89083, 0][-0.00343, -0.866399, -0.379928][0.00133, 0.86917, 0.49451][0.41925, 0.87167, 0][0.142952, -0.871926, -0.376629][-0.12661, 0.86067, 0.49318][0.39643, 0.87254, 0][0.429373, -1.14708, -0.398444][-0.87344, 0.04482, 0.48486][0.34229, 0.90797, 0][0.522976, -1.15412, -0.19925][-0.93136, -0.17703, 0.31816][0.31777, 0.88871, 0][0.434363, -1.19755, -0.380237][-0.89116, -0.17998, 0.41646][0.33574, 0.91211, 0][0.429373, -1.14708, -0.398444][-0.87344, 0.04482, 0.48486][0.34229, 0.90797, 0][0.514708, -1.09792, -0.233577][-0.91231, 0.06139, 0.40486][0.32630, 0.88540, 0][0.522976, -1.15412, -0.19925][-0.93136, -0.17703, 0.31816][0.31777, 0.88871, 0][0.203112, -1.43401, -0.278805][-0.27887, -0.96000, 0.02521][0.29695, 0.93481, 0][0.140381, -1.43414, -0.007115][-0.12029, -0.98215, -0.14461][0.24971, 0.91131, 0][0.13547, -1.44801, -0.271908][-0.11815, -0.99294, 0.01067][0.28905, 0.93786, 0][0.203112, -1.43401, -0.278805][-0.27887, -0.96000, 0.02521][0.29695, 0.93481, 0][0.228682, -1.41857, -0.01867][-0.27520, -0.95215, -0.13294][0.26135, 0.90823, 0][0.140381, -1.43414, -0.007115][-0.12029, -0.98215, -0.14461][0.24971, 0.91131, 0][0.410324, -1.09807, -0.416377][-0.80773, 0.25280, 0.53259][0.34957, 0.90404, 0][0.514708, -1.09792, -0.233577][-0.91231, 0.06139, 0.40486][0.32630, 0.88540, 0][0.429373, -1.14708, -0.398444][-0.87344, 0.04482, 0.48486][0.34229, 0.90797, 0][0.410324, -1.09807, -0.416377][-0.80773, 0.25280, 0.53259][0.34957, 0.90404, 0][0.488448, -1.04346, -0.267018][-0.83897, 0.28308, 0.46476][0.33559, 0.88230, 0][0.514708, -1.09792, -0.233577][-0.91231, 0.06139, 0.40486][0.32630, 0.88540, 0][0.265824, -1.41097, -0.289371][-0.41943, -0.90583, 0.05953][0.30415, 0.93148, 0][0.228682, -1.41857, -0.01867][-0.27520, -0.95215, -0.13294][0.26135, 0.90823, 0][0.203112, -1.43401, -0.278805][-0.27887, -0.96000, 0.02521][0.29695, 0.93481, 0][0.265824, -1.41097, -0.289371][-0.41943, -0.90583, 0.05953][0.30415, 0.93148, 0][0.310187, -1.39284, -0.037128][-0.41662, -0.90367, -0.09902][0.27222, 0.90506, 0][0.228682, -1.41857, -0.01867][-0.27520, -0.95215, -0.13294][0.26135, 0.90823, 0][0.377731, -1.05252, -0.433071][-0.70442, 0.43381, 0.56179][0.35766, 0.90043, 0][0.488448, -1.04346, -0.267018][-0.83897, 0.28308, 0.46476][0.33559, 0.88230, 0][0.410324, -1.09807, -0.416377][-0.80773, 0.25280, 0.53259][0.34957, 0.90404, 0][0.377731, -1.05252, -0.433071][-0.70442, 0.43381, 0.56179][0.35766, 0.90043, 0][0.445164, -0.993221, -0.298495][-0.72480, 0.47622, 0.49787][0.34584, 0.87952, 0][0.488448, -1.04346, -0.267018][-0.83897, 0.28308, 0.46476][0.33559, 0.88230, 0][0.321319, -1.37958, -0.303417][-0.55426, -0.82495, 0.11070][0.31083, 0.92791, 0][0.310187, -1.39284, -0.037128][-0.41662, -0.90367, -0.09902][0.27222, 0.90506, 0][0.265824, -1.41097, -0.289371][-0.41943, -0.90583, 0.05953][0.30415, 0.93148, 0][0.321319, -1.37958, -0.303417][-0.55426, -0.82495, 0.11070][0.31083, 0.92791, 0][0.381913, -1.35792, -0.06156][-0.55662, -0.82955, -0.04497][0.28230, 0.90180, 0][0.310187, -1.39284, -0.037128][-0.41662, -0.90367, -0.09902][0.27222, 0.90506, 0][0.332674, -1.01235, -0.44786][-0.57823, 0.57833, 0.57549][0.36660, 0.89727, 0][0.445164, -0.993221, -0.298495][-0.72480, 0.47622, 0.49787][0.34584, 0.87952, 0][0.377731, -1.05252, -0.433071][-0.70442, 0.43381, 0.56179][0.35766, 0.90043, 0][0.332674, -1.01235, -0.44786][-0.57823, 0.57833, 0.57549][0.36660, 0.89727, 0][0.386593, -0.949571, -0.32641][-0.58569, 0.63108, 0.50863][0.35707, 0.87715, 0][0.445164, -0.993221, -0.298495][-0.72480, 0.47622, 0.49787][0.34584, 0.87952, 0][0.367509, -1.34102, -0.320154][-0.67769, -0.71387, 0.17642][0.31711, 0.92413, 0][0.381913, -1.35792, -0.06156][-0.55662, -0.82955, -0.04497][0.28230, 0.90180, 0][0.321319, -1.37958, -0.303417][-0.55426, -0.82495, 0.11070][0.31083, 0.92791, 0][0.367509, -1.34102, -0.320154][-0.67769, -0.71387, 0.17642][0.31711, 0.92413, 0][0.441076, -1.31489, -0.09123][-0.68956, -0.72367, 0.02849][0.29170, 0.89851, 0][0.381913, -1.35792, -0.06156][-0.55662, -0.82955, -0.04497][0.28230, 0.90180, 0][0.287259, -1.31771, -0.590805][-0.75522, -0.51750, 0.40229][0.35018, 0.94761, 0][0.323189, -1.34538, -0.432904][-0.67115, -0.70545, 0.22783][0.32968, 0.93593, 0][0.263613, -1.35159, -0.583605][-0.65765, -0.67006, 0.34425][0.34701, 0.95104, 0][0.287259, -1.31771, -0.590805][-0.75522, -0.51750, 0.40229][0.35018, 0.94761, 0][0.352663, -1.30611, -0.447256][-0.77997, -0.54796, 0.30229][0.33466, 0.93225, 0][0.323189, -1.34538, -0.432904][-0.67115, -0.70545, 0.22783][0.32968, 0.93593, 0][0.359429, -1.13058, -0.50381][-0.79297, 0.27140, 0.54547][0.35732, 0.91700, 0][0.429373, -1.14708, -0.398444][-0.87344, 0.04482, 0.48486][0.34229, 0.90797, 0][0.375299, -1.17384, -0.49111][-0.85930, 0.07013, 0.50664][0.35098, 0.92072, 0][0.359429, -1.13058, -0.50381][-0.79297, 0.27140, 0.54547][0.35732, 0.91700, 0][0.410324, -1.09807, -0.416377][-0.80773, 0.25280, 0.53259][0.34957, 0.90404, 0][0.429373, -1.14708, -0.398444][-0.87344, 0.04482, 0.48486][0.34229, 0.90797, 0][0.237972, -1.40736, -0.409538][-0.41843, -0.90071, 0.11680][0.31960, 0.94276, 0][0.203112, -1.43401, -0.278805][-0.27887, -0.96000, 0.02521][0.29695, 0.93481, 0][0.185478, -1.42785, -0.401472][-0.27892, -0.95688, 0.08115][0.31412, 0.94583, 0][0.237972, -1.40736, -0.409538][-0.41843, -0.90071, 0.11680][0.31960, 0.94276, 0][0.265824, -1.41097, -0.289371][-0.41943, -0.90583, 0.05953][0.30415, 0.93148, 0][0.203112, -1.43401, -0.278805][-0.27887, -0.96000, 0.02521][0.29695, 0.93481, 0][0.332206, -1.09042, -0.515393][-0.69171, 0.44573, 0.56821][0.36433, 0.91356, 0][0.410324, -1.09807, -0.416377][-0.80773, 0.25280, 0.53259][0.34957, 0.90404, 0][0.359429, -1.13058, -0.50381][-0.79297, 0.27140, 0.54547][0.35732, 0.91700, 0][0.332206, -1.09042, -0.515393][-0.69171, 0.44573, 0.56821][0.36433, 0.91356, 0][0.377731, -1.05252, -0.433071][-0.70442, 0.43381, 0.56179][0.35766, 0.90043, 0][0.410324, -1.09807, -0.416377][-0.80773, 0.25280, 0.53259][0.34957, 0.90404, 0][0.284459, -1.37955, -0.42015][-0.55075, -0.81791, 0.16642][0.32472, 0.93945, 0][0.265824, -1.41097, -0.289371][-0.41943, -0.90583, 0.05953][0.30415, 0.93148, 0][0.237972, -1.40736, -0.409538][-0.41843, -0.90071, 0.11680][0.31960, 0.94276, 0][0.284459, -1.37955, -0.42015][-0.55075, -0.81791, 0.16642][0.32472, 0.93945, 0][0.321319, -1.37958, -0.303417][-0.55426, -0.82495, 0.11070][0.31083, 0.92791, 0][0.265824, -1.41097, -0.289371][-0.41943, -0.90583, 0.05953][0.30415, 0.93148, 0][0.29455, -1.05486, -0.525797][-0.56854, 0.58540, 0.57799][0.37207, 0.91056, 0][0.377731, -1.05252, -0.433071][-0.70442, 0.43381, 0.56179][0.35766, 0.90043, 0][0.332206, -1.09042, -0.515393][-0.69171, 0.44573, 0.56821][0.36433, 0.91356, 0][0.29455, -1.05486, -0.525797][-0.56854, 0.58540, 0.57799][0.37207, 0.91056, 0][0.332674, -1.01235, -0.44786][-0.57823, 0.57833, 0.57549][0.36660, 0.89727, 0][0.377731, -1.05252, -0.433071][-0.70442, 0.43381, 0.56179][0.35766, 0.90043, 0][0.323189, -1.34538, -0.432904][-0.67115, -0.70545, 0.22783][0.32968, 0.93593, 0][0.321319, -1.37958, -0.303417][-0.55426, -0.82495, 0.11070][0.31083, 0.92791, 0][0.284459, -1.37955, -0.42015][-0.55075, -0.81791, 0.16642][0.32472, 0.93945, 0][0.323189, -1.34538, -0.432904][-0.67115, -0.70545, 0.22783][0.32968, 0.93593, 0][0.367509, -1.34102, -0.320154][-0.67769, -0.71387, 0.17642][0.31711, 0.92413, 0][0.321319, -1.37958, -0.303417][-0.55426, -0.82495, 0.11070][0.31083, 0.92791, 0][0.247854, -1.02535, -0.534545][-0.43218, 0.69102, 0.57941][0.38047, 0.90810, 0][0.332674, -1.01235, -0.44786][-0.57823, 0.57833, 0.57549][0.36660, 0.89727, 0][0.29455, -1.05486, -0.525797][-0.56854, 0.58540, 0.57799][0.37207, 0.91056, 0][0.247854, -1.02535, -0.534545][-0.43218, 0.69102, 0.57941][0.38047, 0.90810, 0][0.276815, -0.97927, -0.46039][-0.43838, 0.68824, 0.57805][0.37638, 0.89468, 0][0.332674, -1.01235, -0.44786][-0.57823, 0.57833, 0.57549][0.36660, 0.89727, 0][0.352663, -1.30611, -0.447256][-0.77997, -0.54796, 0.30229][0.33466, 0.93225, 0][0.367509, -1.34102, -0.320154][-0.67769, -0.71387, 0.17642][0.31711, 0.92413, 0][0.323189, -1.34538, -0.432904][-0.67115, -0.70545, 0.22783][0.32968, 0.93593, 0][0.352663, -1.30611, -0.447256][-0.77997, -0.54796, 0.30229][0.33466, 0.93225, 0][0.402636, -1.2967, -0.338969][-0.78171, -0.57011, 0.25279][0.32321, 0.92018, 0][0.367509, -1.34102, -0.320154][-0.67769, -0.71387, 0.17642][0.31711, 0.92413, 0][0.193929, -1.00324, -0.540775][-0.29046, 0.76372, 0.57651][0.38943, 0.90623, 0][0.276815, -0.97927, -0.46039][-0.43838, 0.68824, 0.57805][0.37638, 0.89468, 0][0.247854, -1.02535, -0.534545][-0.43218, 0.69102, 0.57941][0.38047, 0.90810, 0][0.193929, -1.00324, -0.540775][-0.29046, 0.76372, 0.57651][0.38943, 0.90623, 0][0.212363, -0.954738, -0.469763][-0.29207, 0.76327, 0.57629][0.38689, 0.89274, 0][0.276815, -0.97927, -0.46039][-0.43838, 0.68824, 0.57805][0.37638, 0.89468, 0][0.371677, -1.26322, -0.462611][-0.85411, -0.35625, 0.37892][0.33983, 0.92846, 0][0.402636, -1.2967, -0.338969][-0.78171, -0.57011, 0.25279][0.32321, 0.92018, 0][0.352663, -1.30611, -0.447256][-0.77997, -0.54796, 0.30229][0.33466, 0.93225, 0][0.371677, -1.26322, -0.462611][-0.85411, -0.35625, 0.37892][0.33983, 0.92846, 0][0.425272, -1.24827, -0.359345][-0.85659, -0.39290, 0.33448][0.32936, 0.91616, 0][0.402636, -1.2967, -0.338969][-0.78171, -0.57011, 0.25279][0.32321, 0.92018, 0][0.134887, -0.989319, -0.544438][-0.12713, 0.81076, 0.57140][0.39883, 0.90506, 0][0.212363, -0.954738, -0.469763][-0.29207, 0.76327, 0.57629][0.38689, 0.89274, 0][0.193929, -1.00324, -0.540775][-0.29046, 0.76372, 0.57651][0.38943, 0.90623, 0][0.134887, -0.989319, -0.544438][-0.12713, 0.81076, 0.57140][0.39883, 0.90506, 0][0.141835, -0.9395, -0.475228][-0.12801, 0.80645, 0.57728][0.39801, 0.89146, 0][0.212363, -0.954738, -0.469763][-0.29207, 0.76327, 0.57629][0.38689, 0.89274, 0][0.379374, -1.21843, -0.477909][-0.88093, -0.14773, 0.44960][0.34527, 0.92462, 0][0.425272, -1.24827, -0.359345][-0.85659, -0.39290, 0.33448][0.32936, 0.91616, 0][0.371677, -1.26322, -0.462611][-0.85411, -0.35625, 0.37892][0.33983, 0.92846, 0][0.379374, -1.21843, -0.477909][-0.88093, -0.14773, 0.44960][0.34527, 0.92462, 0][0.434363, -1.19755, -0.380237][-0.89116, -0.17998, 0.41646][0.33574, 0.91211, 0][0.425272, -1.24827, -0.359345][-0.85659, -0.39290, 0.33448][0.32936, 0.91616, 0][0.128847, -1.44022, -0.396161][-0.11725, -0.99126, 0.06044][0.30809, 0.94864, 0][-0.000826, -1.45207, -0.268855][-0.00033, -0.99996, 0.00906][0.27186, 0.94313, 0][0.000184, -1.44367, -0.393649][-0.00019, -0.99855, 0.05376][0.29267, 0.95414, 0][0.128847, -1.44022, -0.396161][-0.11725, -0.99126, 0.06044][0.30809, 0.94864, 0][0.13547, -1.44801, -0.271908][-0.11815, -0.99294, 0.01067][0.28905, 0.93786, 0][-0.000826, -1.45207, -0.268855][-0.00033, -0.99996, 0.00906][0.27186, 0.94313, 0][-0.000525, -0.983871, -0.545095][0.00050, 0.82351, 0.56729][0.42009, 0.90470, 0][0.141835, -0.9395, -0.475228][-0.12801, 0.80645, 0.57728][0.39801, 0.89146, 0][0.134887, -0.989319, -0.544438][-0.12713, 0.81076, 0.57140][0.39883, 0.90506, 0][-0.000525, -0.983871, -0.545095][0.00050, 0.82351, 0.56729][0.42009, 0.90470, 0][-0.001524, -0.933837, -0.476674][0.00071, 0.81544, 0.57884][0.42054, 0.89083, 0][0.141835, -0.9395, -0.475228][-0.12801, 0.80645, 0.57728][0.39801, 0.89146, 0][0.375299, -1.17384, -0.49111][-0.85930, 0.07013, 0.50664][0.35098, 0.92072, 0][0.434363, -1.19755, -0.380237][-0.89116, -0.17998, 0.41646][0.33574, 0.91211, 0][0.379374, -1.21843, -0.477909][-0.88093, -0.14773, 0.44960][0.34527, 0.92462, 0][0.375299, -1.17384, -0.49111][-0.85930, 0.07013, 0.50664][0.35098, 0.92072, 0][0.429373, -1.14708, -0.398444][-0.87344, 0.04482, 0.48486][0.34229, 0.90797, 0][0.434363, -1.19755, -0.380237][-0.89116, -0.17998, 0.41646][0.33574, 0.91211, 0][0.210269, -1.20022, -0.736598][-0.69935, 0.22263, 0.67922][0.37699, 0.94905, 0][0.306138, -1.2038, -0.611904][-0.83115, 0.08398, 0.54967][0.36203, 0.93664, 0][0.218791, -1.22604, -0.732691][-0.74154, 0.04741, 0.66923][0.37339, 0.95138, 0][0.210269, -1.20022, -0.736598][-0.69935, 0.22263, 0.67922][0.37699, 0.94905, 0][0.29377, -1.16665, -0.617413][-0.77231, 0.27710, 0.57163][0.36703, 0.93304, 0][0.306138, -1.2038, -0.611904][-0.83115, 0.08398, 0.54967][0.36203, 0.93664, 0][0.162212, -1.05783, -0.631745][-0.29607, 0.77471, 0.55871][0.39284, 0.92259, 0][0.247854, -1.02535, -0.534545][-0.43218, 0.69102, 0.57941][0.38047, 0.90810, 0][0.205264, -1.07671, -0.62943][-0.43500, 0.69727, 0.56973][0.38563, 0.92436, 0][0.162212, -1.05783, -0.631745][-0.29607, 0.77471, 0.55871][0.39284, 0.92259, 0][0.193929, -1.00324, -0.540775][-0.29046, 0.76372, 0.57651][0.38943, 0.90623, 0][0.247854, -1.02535, -0.534545][-0.43218, 0.69102, 0.57941][0.38047, 0.90810, 0][0.302652, -1.2808, -0.598331][-0.82416, -0.32970, 0.46051][0.35368, 0.94403, 0][0.352663, -1.30611, -0.447256][-0.77997, -0.54796, 0.30229][0.33466, 0.93225, 0][0.287259, -1.31771, -0.590805][-0.75522, -0.51750, 0.40229][0.35018, 0.94761, 0][0.302652, -1.2808, -0.598331][-0.82416, -0.32970, 0.46051][0.35368, 0.94403, 0][0.371677, -1.26322, -0.462611][-0.85411, -0.35625, 0.37892][0.33983, 0.92846, 0][0.352663, -1.30611, -0.447256][-0.77997, -0.54796, 0.30229][0.33466, 0.93225, 0][0.115017, -1.04594, -0.633073][-0.12961, 0.82774, 0.54594][0.40035, 0.92153, 0][0.193929, -1.00324, -0.540775][-0.29046, 0.76372, 0.57651][0.38943, 0.90623, 0][0.162212, -1.05783, -0.631745][-0.29607, 0.77471, 0.55871][0.39284, 0.92259, 0][0.115017, -1.04594, -0.633073][-0.12961, 0.82774, 0.54594][0.40035, 0.92153, 0][0.134887, -0.989319, -0.544438][-0.12713, 0.81076, 0.57140][0.39883, 0.90506, 0][0.193929, -1.00324, -0.540775][-0.29046, 0.76372, 0.57651][0.38943, 0.90623, 0][0.309078, -1.24224, -0.605902][-0.84968, -0.12767, 0.51161][0.35765, 0.94037, 0][0.371677, -1.26322, -0.462611][-0.85411, -0.35625, 0.37892][0.33983, 0.92846, 0][0.302652, -1.2808, -0.598331][-0.82416, -0.32970, 0.46051][0.35368, 0.94403, 0][0.309078, -1.24224, -0.605902][-0.84968, -0.12767, 0.51161][0.35765, 0.94037, 0][0.379374, -1.21843, -0.477909][-0.88093, -0.14773, 0.44960][0.34527, 0.92462, 0][0.371677, -1.26322, -0.462611][-0.85411, -0.35625, 0.37892][0.33983, 0.92846, 0][0.109142, -1.43379, -0.564835][-0.11702, -0.97288, 0.19953][0.33454, 0.96254, 0][0.000184, -1.44367, -0.393649][-0.00019, -0.99855, 0.05376][0.29267, 0.95414, 0][0.001397, -1.43681, -0.563328][-0.00017, -0.98183, 0.18978][0.32440, 0.96805, 0][0.109142, -1.43379, -0.564835][-0.11702, -0.97288, 0.19953][0.33454, 0.96254, 0][0.128847, -1.44022, -0.396161][-0.11725, -0.99126, 0.06044][0.30809, 0.94864, 0][0.000184, -1.44367, -0.393649][-0.00019, -0.99855, 0.05376][0.29267, 0.95414, 0][0.000458, -1.0413, -0.632923][-0.00084, 0.84326, 0.53750][0.41803, 0.92145, 0][0.134887, -0.989319, -0.544438][-0.12713, 0.81076, 0.57140][0.39883, 0.90506, 0][0.115017, -1.04594, -0.633073][-0.12961, 0.82774, 0.54594][0.40035, 0.92153, 0][0.000458, -1.0413, -0.632923][-0.00084, 0.84326, 0.53750][0.41803, 0.92145, 0][-0.000525, -0.983871, -0.545095][0.00050, 0.82351, 0.56729][0.42009, 0.90470, 0][0.134887, -0.989319, -0.544438][-0.12713, 0.81076, 0.57140][0.39883, 0.90506, 0][0.306138, -1.2038, -0.611904][-0.83115, 0.08398, 0.54967][0.36203, 0.93664, 0][0.379374, -1.21843, -0.477909][-0.88093, -0.14773, 0.44960][0.34527, 0.92462, 0][0.309078, -1.24224, -0.605902][-0.84968, -0.12767, 0.51161][0.35765, 0.94037, 0][0.306138, -1.2038, -0.611904][-0.83115, 0.08398, 0.54967][0.36203, 0.93664, 0][0.375299, -1.17384, -0.49111][-0.85930, 0.07013, 0.50664][0.35098, 0.92072, 0][0.379374, -1.21843, -0.477909][-0.88093, -0.14773, 0.44960][0.34527, 0.92462, 0][0.154038, -1.42306, -0.567558][-0.28198, -0.93343, 0.22182][0.33804, 0.96000, 0][0.128847, -1.44022, -0.396161][-0.11725, -0.99126, 0.06044][0.30809, 0.94864, 0][0.109142, -1.43379, -0.564835][-0.11702, -0.97288, 0.19953][0.33454, 0.96254, 0][0.154038, -1.42306, -0.567558][-0.28198, -0.93343, 0.22182][0.33804, 0.96000, 0][0.185478, -1.42785, -0.401472][-0.27892, -0.95688, 0.08115][0.31412, 0.94583, 0][0.128847, -1.44022, -0.396161][-0.11725, -0.99126, 0.06044][0.30809, 0.94864, 0][0.29377, -1.16665, -0.617413][-0.77231, 0.27710, 0.57163][0.36703, 0.93304, 0][0.375299, -1.17384, -0.49111][-0.85930, 0.07013, 0.50664][0.35098, 0.92072, 0][0.306138, -1.2038, -0.611904][-0.83115, 0.08398, 0.54967][0.36203, 0.93664, 0][0.29377, -1.16665, -0.617413][-0.77231, 0.27710, 0.57163][0.36703, 0.93304, 0][0.359429, -1.13058, -0.50381][-0.79297, 0.27140, 0.54547][0.35732, 0.91700, 0][0.375299, -1.17384, -0.49111][-0.85930, 0.07013, 0.50664][0.35098, 0.92072, 0][0.195727, -1.40528, -0.571766][-0.42050, -0.87098, 0.25410][0.34113, 0.95724, 0][0.185478, -1.42785, -0.401472][-0.27892, -0.95688, 0.08115][0.31412, 0.94583, 0][0.154038, -1.42306, -0.567558][-0.28198, -0.93343, 0.22182][0.33804, 0.96000, 0][0.195727, -1.40528, -0.571766][-0.42050, -0.87098, 0.25410][0.34113, 0.95724, 0][0.237972, -1.40736, -0.409538][-0.41843, -0.90071, 0.11680][0.31960, 0.94276, 0][0.185478, -1.42785, -0.401472][-0.27892, -0.95688, 0.08115][0.31412, 0.94583, 0][0.272294, -1.13221, -0.622196][-0.68126, 0.44646, 0.58015][0.37265, 0.92971, 0][0.359429, -1.13058, -0.50381][-0.79297, 0.27140, 0.54547][0.35732, 0.91700, 0][0.29377, -1.16665, -0.617413][-0.77231, 0.27710, 0.57163][0.36703, 0.93304, 0][0.272294, -1.13221, -0.622196][-0.68126, 0.44646, 0.58015][0.37265, 0.92971, 0][0.332206, -1.09042, -0.515393][-0.69171, 0.44573, 0.56821][0.36433, 0.91356, 0][0.359429, -1.13058, -0.50381][-0.79297, 0.27140, 0.54547][0.35732, 0.91700, 0][0.232707, -1.38114, -0.57725][-0.54878, -0.78177, 0.29610][0.34407, 0.95426, 0][0.237972, -1.40736, -0.409538][-0.41843, -0.90071, 0.11680][0.31960, 0.94276, 0][0.195727, -1.40528, -0.571766][-0.42050, -0.87098, 0.25410][0.34113, 0.95724, 0][0.232707, -1.38114, -0.57725][-0.54878, -0.78177, 0.29610][0.34407, 0.95426, 0][0.284459, -1.37955, -0.42015][-0.55075, -0.81791, 0.16642][0.32472, 0.93945, 0][0.237972, -1.40736, -0.409538][-0.41843, -0.90071, 0.11680][0.31960, 0.94276, 0][0.242436, -1.10183, -0.626267][-0.56581, 0.58802, 0.57801][0.37887, 0.92678, 0][0.332206, -1.09042, -0.515393][-0.69171, 0.44573, 0.56821][0.36433, 0.91356, 0][0.272294, -1.13221, -0.622196][-0.68126, 0.44646, 0.58015][0.37265, 0.92971, 0][0.242436, -1.10183, -0.626267][-0.56581, 0.58802, 0.57801][0.37887, 0.92678, 0][0.29455, -1.05486, -0.525797][-0.56854, 0.58540, 0.57799][0.37207, 0.91056, 0][0.332206, -1.09042, -0.515393][-0.69171, 0.44573, 0.56821][0.36433, 0.91356, 0][0.263613, -1.35159, -0.583605][-0.65765, -0.67006, 0.34425][0.34701, 0.95104, 0][0.284459, -1.37955, -0.42015][-0.55075, -0.81791, 0.16642][0.32472, 0.93945, 0][0.232707, -1.38114, -0.57725][-0.54878, -0.78177, 0.29610][0.34407, 0.95426, 0][0.263613, -1.35159, -0.583605][-0.65765, -0.67006, 0.34425][0.34701, 0.95104, 0][0.323189, -1.34538, -0.432904][-0.67115, -0.70545, 0.22783][0.32968, 0.93593, 0][0.284459, -1.37955, -0.42015][-0.55075, -0.81791, 0.16642][0.32472, 0.93945, 0][0.205264, -1.07671, -0.62943][-0.43500, 0.69727, 0.56973][0.38563, 0.92436, 0][0.29455, -1.05486, -0.525797][-0.56854, 0.58540, 0.57799][0.37207, 0.91056, 0][0.242436, -1.10183, -0.626267][-0.56581, 0.58802, 0.57801][0.37887, 0.92678, 0][0.205264, -1.07671, -0.62943][-0.43500, 0.69727, 0.56973][0.38563, 0.92436, 0][0.247854, -1.02535, -0.534545][-0.43218, 0.69102, 0.57941][0.38047, 0.90810, 0][0.29455, -1.05486, -0.525797][-0.56854, 0.58540, 0.57799][0.37207, 0.91056, 0][0.04368, -1.20092, -0.848601][-0.13930, 0.89153, 0.43101][0.39766, 0.96197, 0][0.123133, -1.12477, -0.747197][-0.29119, 0.71855, 0.63159][0.39462, 0.94253, 0][0.057576, -1.2047, -0.84807][-0.32948, 0.83107, 0.44807][0.39546, 0.96218, 0][0.04368, -1.20092, -0.848601][-0.13930, 0.89153, 0.43101][0.39766, 0.96197, 0][0.092247, -1.11656, -0.748166][-0.12542, 0.78431, 0.60756][0.39948, 0.94196, 0][0.123133, -1.12477, -0.747197][-0.29119, 0.71855, 0.63159][0.39462, 0.94253, 0][0.147091, -1.36638, -0.705438][-0.39943, -0.79287, 0.46023][0.35891, 0.96552, 0][0.154038, -1.42306, -0.567558][-0.28198, -0.93343, 0.22182][0.33804, 0.96000, 0][0.11935, -1.37876, -0.702717][-0.27270, -0.86232, 0.42666][0.35727, 0.96752, 0][0.147091, -1.36638, -0.705438][-0.39943, -0.79287, 0.46023][0.35891, 0.96552, 0][0.195727, -1.40528, -0.571766][-0.42050, -0.87098, 0.25410][0.34113, 0.95724, 0][0.154038, -1.42306, -0.567558][-0.28198, -0.93343, 0.22182][0.33804, 0.96000, 0][0.195822, -1.17632, -0.740108][-0.63106, 0.37630, 0.67835][0.38096, 0.94691, 0][0.29377, -1.16665, -0.617413][-0.77231, 0.27710, 0.57163][0.36703, 0.93304, 0][0.210269, -1.20022, -0.736598][-0.69935, 0.22263, 0.67922][0.37699, 0.94905, 0][0.195822, -1.17632, -0.740108][-0.63106, 0.37630, 0.67835][0.38096, 0.94691, 0][0.272294, -1.13221, -0.622196][-0.68126, 0.44646, 0.58015][0.37265, 0.92971, 0][0.29377, -1.16665, -0.617413][-0.77231, 0.27710, 0.57163][0.36703, 0.93304, 0][0.171604, -1.34956, -0.709018][-0.51244, -0.69942, 0.49822][0.36064, 0.96338, 0][0.195727, -1.40528, -0.571766][-0.42050, -0.87098, 0.25410][0.34113, 0.95724, 0][0.147091, -1.36638, -0.705438][-0.39943, -0.79287, 0.46023][0.35891, 0.96552, 0][0.171604, -1.34956, -0.709018][-0.51244, -0.69942, 0.49822][0.36064, 0.96338, 0][0.232707, -1.38114, -0.57725][-0.54878, -0.78177, 0.29610][0.34407, 0.95426, 0][0.195727, -1.40528, -0.571766][-0.42050, -0.87098, 0.25410][0.34113, 0.95724, 0][0.175955, -1.15525, -0.743108][-0.53835, 0.51263, 0.66887][0.38527, 0.94507, 0][0.272294, -1.13221, -0.622196][-0.68126, 0.44646, 0.58015][0.37265, 0.92971, 0][0.195822, -1.17632, -0.740108][-0.63106, 0.37630, 0.67835][0.38096, 0.94691, 0][0.175955, -1.15525, -0.743108][-0.53835, 0.51263, 0.66887][0.38527, 0.94507, 0][0.242436, -1.10183, -0.626267][-0.56581, 0.58802, 0.57801][0.37887, 0.92678, 0][0.272294, -1.13221, -0.622196][-0.68126, 0.44646, 0.58015][0.37265, 0.92971, 0][0.191966, -1.32896, -0.713306][-0.60361, -0.58933, 0.53697][0.36257, 0.96111, 0][0.232707, -1.38114, -0.57725][-0.54878, -0.78177, 0.29610][0.34407, 0.95426, 0][0.171604, -1.34956, -0.709018][-0.51244, -0.69942, 0.49822][0.36064, 0.96338, 0][0.191966, -1.32896, -0.713306][-0.60361, -0.58933, 0.53697][0.36257, 0.96111, 0][0.263613, -1.35159, -0.583605][-0.65765, -0.67006, 0.34425][0.34701, 0.95104, 0][0.232707, -1.38114, -0.57725][-0.54878, -0.78177, 0.29610][0.34407, 0.95426, 0][0.15141, -1.13784, -0.745495][-0.42324, 0.62898, 0.65211][0.38985, 0.94358, 0][0.242436, -1.10183, -0.626267][-0.56581, 0.58802, 0.57801][0.37887, 0.92678, 0][0.175955, -1.15525, -0.743108][-0.53835, 0.51263, 0.66887][0.38527, 0.94507, 0][0.15141, -1.13784, -0.745495][-0.42324, 0.62898, 0.65211][0.38985, 0.94358, 0][0.205264, -1.07671, -0.62943][-0.43500, 0.69727, 0.56973][0.38563, 0.92436, 0][0.242436, -1.10183, -0.626267][-0.56581, 0.58802, 0.57801][0.37887, 0.92678, 0][0.20739, -1.30534, -0.718126][-0.67488, -0.46108, 0.57614][0.36477, 0.95874, 0][0.263613, -1.35159, -0.583605][-0.65765, -0.67006, 0.34425][0.34701, 0.95104, 0][0.191966, -1.32896, -0.713306][-0.60361, -0.58933, 0.53697][0.36257, 0.96111, 0][0.20739, -1.30534, -0.718126][-0.67488, -0.46108, 0.57614][0.36477, 0.95874, 0][0.287259, -1.31771, -0.590805][-0.75522, -0.51750, 0.40229][0.35018, 0.94761, 0][0.263613, -1.35159, -0.583605][-0.65765, -0.67006, 0.34425][0.34701, 0.95104, 0][0.123133, -1.12477, -0.747197][-0.29119, 0.71855, 0.63159][0.39462, 0.94253, 0][0.205264, -1.07671, -0.62943][-0.43500, 0.69727, 0.56973][0.38563, 0.92436, 0][0.15141, -1.13784, -0.745495][-0.42324, 0.62898, 0.65211][0.38985, 0.94358, 0][0.123133, -1.12477, -0.747197][-0.29119, 0.71855, 0.63159][0.39462, 0.94253, 0][0.162212, -1.05783, -0.631745][-0.29607, 0.77471, 0.55871][0.39284, 0.92259, 0][0.205264, -1.07671, -0.62943][-0.43500, 0.69727, 0.56973][0.38563, 0.92436, 0][0.217254, -1.27962, -0.72327][-0.72564, -0.31300, 0.61276][0.36730, 0.95630, 0][0.287259, -1.31771, -0.590805][-0.75522, -0.51750, 0.40229][0.35018, 0.94761, 0][0.20739, -1.30534, -0.718126][-0.67488, -0.46108, 0.57614][0.36477, 0.95874, 0][0.217254, -1.27962, -0.72327][-0.72564, -0.31300, 0.61276][0.36730, 0.95630, 0][0.302652, -1.2808, -0.598331][-0.82416, -0.32970, 0.46051][0.35368, 0.94403, 0][0.287259, -1.31771, -0.590805][-0.75522, -0.51750, 0.40229][0.35018, 0.94761, 0][0.092247, -1.11656, -0.748166][-0.12542, 0.78431, 0.60756][0.39948, 0.94196, 0][0.162212, -1.05783, -0.631745][-0.29607, 0.77471, 0.55871][0.39284, 0.92259, 0][0.123133, -1.12477, -0.747197][-0.29119, 0.71855, 0.63159][0.39462, 0.94253, 0][0.092247, -1.11656, -0.748166][-0.12542, 0.78431, 0.60756][0.39948, 0.94196, 0][0.115017, -1.04594, -0.633073][-0.12961, 0.82774, 0.54594][0.40035, 0.92153, 0][0.162212, -1.05783, -0.631745][-0.29607, 0.77471, 0.55871][0.39284, 0.92259, 0][0.221125, -1.25283, -0.728273][-0.75022, -0.14106, 0.64596][0.37017, 0.95383, 0][0.302652, -1.2808, -0.598331][-0.82416, -0.32970, 0.46051][0.35368, 0.94403, 0][0.217254, -1.27962, -0.72327][-0.72564, -0.31300, 0.61276][0.36730, 0.95630, 0][0.221125, -1.25283, -0.728273][-0.75022, -0.14106, 0.64596][0.37017, 0.95383, 0][0.309078, -1.24224, -0.605902][-0.84968, -0.12767, 0.51161][0.35765, 0.94037, 0][0.302652, -1.2808, -0.598331][-0.82416, -0.32970, 0.46051][0.35368, 0.94403, 0][0.089404, -1.38623, -0.700971][-0.11301, -0.91138, 0.39575][0.35556, 0.96941, 0][0.001397, -1.43681, -0.563328][-0.00017, -0.98183, 0.18978][0.32440, 0.96805, 0][0.002125, -1.38829, -0.699873][-0.00024, -0.92579, 0.37804][0.34963, 0.97452, 0][0.089404, -1.38623, -0.700971][-0.11301, -0.91138, 0.39575][0.35556, 0.96941, 0][0.109142, -1.43379, -0.564835][-0.11702, -0.97288, 0.19953][0.33454, 0.96254, 0][0.001397, -1.43681, -0.563328][-0.00017, -0.98183, 0.18978][0.32440, 0.96805, 0][0.001512, -1.1133, -0.74791][-0.00060, 0.80629, 0.59152][0.41300, 0.94233, 0][0.115017, -1.04594, -0.633073][-0.12961, 0.82774, 0.54594][0.40035, 0.92153, 0][0.092247, -1.11656, -0.748166][-0.12542, 0.78431, 0.60756][0.39948, 0.94196, 0][0.001512, -1.1133, -0.74791][-0.00060, 0.80629, 0.59152][0.41300, 0.94233, 0][0.000458, -1.0413, -0.632923][-0.00084, 0.84326, 0.53750][0.41803, 0.92145, 0][0.115017, -1.04594, -0.633073][-0.12961, 0.82774, 0.54594][0.40035, 0.92153, 0][0.218791, -1.22604, -0.732691][-0.74154, 0.04741, 0.66923][0.37339, 0.95138, 0][0.309078, -1.24224, -0.605902][-0.84968, -0.12767, 0.51161][0.35765, 0.94037, 0][0.221125, -1.25283, -0.728273][-0.75022, -0.14106, 0.64596][0.37017, 0.95383, 0][0.218791, -1.22604, -0.732691][-0.74154, 0.04741, 0.66923][0.37339, 0.95138, 0][0.306138, -1.2038, -0.611904][-0.83115, 0.08398, 0.54967][0.36203, 0.93664, 0][0.309078, -1.24224, -0.605902][-0.84968, -0.12767, 0.51161][0.35765, 0.94037, 0][0.11935, -1.37876, -0.702717][-0.27270, -0.86232, 0.42666][0.35727, 0.96752, 0][0.109142, -1.43379, -0.564835][-0.11702, -0.97288, 0.19953][0.33454, 0.96254, 0][0.089404, -1.38623, -0.700971][-0.11301, -0.91138, 0.39575][0.35556, 0.96941, 0][0.11935, -1.37876, -0.702717][-0.27270, -0.86232, 0.42666][0.35727, 0.96752, 0][0.154038, -1.42306, -0.567558][-0.28198, -0.93343, 0.22182][0.33804, 0.96000, 0][0.109142, -1.43379, -0.564835][-0.11702, -0.97288, 0.19953][0.33454, 0.96254, 0][0.080222, -1.31459, -0.851533][-0.66159, -0.74930, 0.02906][0.84403, 0.89262, 0][0.069636, -1.31921, -0.828125][-0.47631, -0.85231, 0.21612][0.84006, 0.89417, 0][0.06917, -1.3227, -0.850334][-0.51250, -0.85862, -0.01065][0.84506, 0.89395, 0][0.080222, -1.31459, -0.851533][-0.66159, -0.74930, 0.02906][0.84403, 0.89262, 0][0.080774, -1.31117, -0.829737][-0.61463, -0.74738, 0.25230][0.83893, 0.89195, 0][0.069636, -1.31921, -0.828125][-0.47631, -0.85231, 0.21612][0.84006, 0.89417, 0][0.102673, -1.26516, -0.838366][-0.91001, -0.08678, 0.40541][0.38334, 0.96748, 0][0.217254, -1.27962, -0.72327][-0.72564, -0.31300, 0.61276][0.36730, 0.95630, 0][0.101126, -1.27789, -0.835995][-0.88597, -0.27968, 0.36990][0.38179, 0.96874, 0][0.102673, -1.26516, -0.838366][-0.91001, -0.08678, 0.40541][0.38334, 0.96748, 0][0.221125, -1.25283, -0.728273][-0.75022, -0.14106, 0.64596][0.37017, 0.95383, 0][0.217254, -1.27962, -0.72327][-0.72564, -0.31300, 0.61276][0.36730, 0.95630, 0][0.043273, -1.32882, -0.826158][-0.13569, -0.97858, 0.15481][0.37605, 0.97562, 0][0.002125, -1.38829, -0.699873][-0.00024, -0.92579, 0.37804][0.34963, 0.97452, 0][0.0026, -1.32994, -0.825789][-0.00022, -0.99035, 0.13858][0.37372, 0.97826, 0][0.043273, -1.32882, -0.826158][-0.13569, -0.97858, 0.15481][0.37605, 0.97562, 0][0.089404, -1.38623, -0.700971][-0.11301, -0.91138, 0.39575][0.35556, 0.96941, 0][0.002125, -1.38829, -0.699873][-0.00024, -0.92579, 0.37804][0.34963, 0.97452, 0][0.002323, -1.19953, -0.848668][0.00072, 0.90861, 0.41766][0.40372, 0.96230, 0][0.092247, -1.11656, -0.748166][-0.12542, 0.78431, 0.60756][0.39948, 0.94196, 0][0.04368, -1.20092, -0.848601][-0.13930, 0.89153, 0.43101][0.39766, 0.96197, 0][0.002323, -1.19953, -0.848668][0.00072, 0.90861, 0.41766][0.40372, 0.96230, 0][0.001512, -1.1133, -0.74791][-0.00060, 0.80629, 0.59152][0.41300, 0.94233, 0][0.092247, -1.11656, -0.748166][-0.12542, 0.78431, 0.60756][0.39948, 0.94196, 0][0.101397, -1.25246, -0.840466][-0.89272, 0.11919, 0.43456][0.38506, 0.96626, 0][0.221125, -1.25283, -0.728273][-0.75022, -0.14106, 0.64596][0.37017, 0.95383, 0][0.102673, -1.26516, -0.838366][-0.91001, -0.08678, 0.40541][0.38334, 0.96748, 0][0.101397, -1.25246, -0.840466][-0.89272, 0.11919, 0.43456][0.38506, 0.96626, 0][0.218791, -1.22604, -0.732691][-0.74154, 0.04741, 0.66923][0.37339, 0.95138, 0][0.221125, -1.25283, -0.728273][-0.75022, -0.14106, 0.64596][0.37017, 0.95383, 0][0.056978, -1.32518, -0.826926][-0.32429, -0.92778, 0.18455][0.37672, 0.97465, 0][0.089404, -1.38623, -0.700971][-0.11301, -0.91138, 0.39575][0.35556, 0.96941, 0][0.043273, -1.32882, -0.826158][-0.13569, -0.97858, 0.15481][0.37605, 0.97562, 0][0.056978, -1.32518, -0.826926][-0.32429, -0.92778, 0.18455][0.37672, 0.97465, 0][0.11935, -1.37876, -0.702717][-0.27270, -0.86232, 0.42666][0.35727, 0.96752, 0][0.089404, -1.38623, -0.700971][-0.11301, -0.91138, 0.39575][0.35556, 0.96941, 0][0.097331, -1.24022, -0.842478][-0.83391, 0.31414, 0.45377][0.38694, 0.96513, 0][0.218791, -1.22604, -0.732691][-0.74154, 0.04741, 0.66923][0.37339, 0.95138, 0][0.101397, -1.25246, -0.840466][-0.89272, 0.11919, 0.43456][0.38506, 0.96626, 0][0.097331, -1.24022, -0.842478][-0.83391, 0.31414, 0.45377][0.38694, 0.96513, 0][0.210269, -1.20022, -0.736598][-0.69935, 0.22263, 0.67922][0.37699, 0.94905, 0][0.218791, -1.22604, -0.732691][-0.74154, 0.04741, 0.66923][0.37339, 0.95138, 0][0.069636, -1.31921, -0.828125][-0.47631, -0.85231, 0.21612][0.37743, 0.97361, 0][0.11935, -1.37876, -0.702717][-0.27270, -0.86232, 0.42666][0.35727, 0.96752, 0][0.056978, -1.32518, -0.826926][-0.32429, -0.92778, 0.18455][0.37672, 0.97465, 0][0.069636, -1.31921, -0.828125][-0.47631, -0.85231, 0.21612][0.37743, 0.97361, 0][0.147091, -1.36638, -0.705438][-0.39943, -0.79287, 0.46023][0.35891, 0.96552, 0][0.11935, -1.37876, -0.702717][-0.27270, -0.86232, 0.42666][0.35727, 0.96752, 0][0.090621, -1.22891, -0.844326][-0.74298, 0.48280, 0.46357][0.38895, 0.96413, 0][0.210269, -1.20022, -0.736598][-0.69935, 0.22263, 0.67922][0.37699, 0.94905, 0][0.097331, -1.24022, -0.842478][-0.83391, 0.31414, 0.45377][0.38694, 0.96513, 0][0.090621, -1.22891, -0.844326][-0.74298, 0.48280, 0.46357][0.38895, 0.96413, 0][0.195822, -1.17632, -0.740108][-0.63106, 0.37630, 0.67835][0.38096, 0.94691, 0][0.210269, -1.20022, -0.736598][-0.69935, 0.22263, 0.67922][0.37699, 0.94905, 0][0.080774, -1.31117, -0.829737][-0.61463, -0.74738, 0.25230][0.37826, 0.97248, 0][0.147091, -1.36638, -0.705438][-0.39943, -0.79287, 0.46023][0.35891, 0.96552, 0][0.069636, -1.31921, -0.828125][-0.47631, -0.85231, 0.21612][0.37743, 0.97361, 0][0.080774, -1.31117, -0.829737][-0.61463, -0.74738, 0.25230][0.37826, 0.97248, 0][0.171604, -1.34956, -0.709018][-0.51244, -0.69942, 0.49822][0.36064, 0.96338, 0][0.147091, -1.36638, -0.705438][-0.39943, -0.79287, 0.46023][0.35891, 0.96552, 0][0.081515, -1.21897, -0.845925][-0.62531, 0.62639, 0.46543][0.39106, 0.96328, 0][0.195822, -1.17632, -0.740108][-0.63106, 0.37630, 0.67835][0.38096, 0.94691, 0][0.090621, -1.22891, -0.844326][-0.74298, 0.48280, 0.46357][0.38895, 0.96413, 0][0.081515, -1.21897, -0.845925][-0.62531, 0.62639, 0.46543][0.39106, 0.96328, 0][0.175955, -1.15525, -0.743108][-0.53835, 0.51263, 0.66887][0.38527, 0.94507, 0][0.195822, -1.17632, -0.740108][-0.63106, 0.37630, 0.67835][0.38096, 0.94691, 0][0.089953, -1.30134, -0.831595][-0.73427, -0.61301, 0.29167][0.37925, 0.97127, 0][0.171604, -1.34956, -0.709018][-0.51244, -0.69942, 0.49822][0.36064, 0.96338, 0][0.080774, -1.31117, -0.829737][-0.61463, -0.74738, 0.25230][0.37826, 0.97248, 0][0.089953, -1.30134, -0.831595][-0.73427, -0.61301, 0.29167][0.37925, 0.97127, 0][0.191966, -1.32896, -0.713306][-0.60361, -0.58933, 0.53697][0.36257, 0.96111, 0][0.171604, -1.34956, -0.709018][-0.51244, -0.69942, 0.49822][0.36064, 0.96338, 0][0.070352, -1.21079, -0.847158][-0.48490, 0.74410, 0.45954][0.39325, 0.96262, 0][0.175955, -1.15525, -0.743108][-0.53835, 0.51263, 0.66887][0.38527, 0.94507, 0][0.081515, -1.21897, -0.845925][-0.62531, 0.62639, 0.46543][0.39106, 0.96328, 0][0.070352, -1.21079, -0.847158][-0.48490, 0.74410, 0.45954][0.39325, 0.96262, 0][0.15141, -1.13784, -0.745495][-0.42324, 0.62898, 0.65211][0.38985, 0.94358, 0][0.175955, -1.15525, -0.743108][-0.53835, 0.51263, 0.66887][0.38527, 0.94507, 0][0.096827, -1.29011, -0.833708][-0.82696, -0.45390, 0.33184][0.38042, 0.97002, 0][0.191966, -1.32896, -0.713306][-0.60361, -0.58933, 0.53697][0.36257, 0.96111, 0][0.089953, -1.30134, -0.831595][-0.73427, -0.61301, 0.29167][0.37925, 0.97127, 0][0.096827, -1.29011, -0.833708][-0.82696, -0.45390, 0.33184][0.38042, 0.97002, 0][0.20739, -1.30534, -0.718126][-0.67488, -0.46108, 0.57614][0.36477, 0.95874, 0][0.191966, -1.32896, -0.713306][-0.60361, -0.58933, 0.53697][0.36257, 0.96111, 0][0.057576, -1.2047, -0.84807][-0.32948, 0.83107, 0.44807][0.39546, 0.96218, 0][0.15141, -1.13784, -0.745495][-0.42324, 0.62898, 0.65211][0.38985, 0.94358, 0][0.070352, -1.21079, -0.847158][-0.48490, 0.74410, 0.45954][0.39325, 0.96262, 0][0.057576, -1.2047, -0.84807][-0.32948, 0.83107, 0.44807][0.39546, 0.96218, 0][0.123133, -1.12477, -0.747197][-0.29119, 0.71855, 0.63159][0.39462, 0.94253, 0][0.15141, -1.13784, -0.745495][-0.42324, 0.62898, 0.65211][0.38985, 0.94358, 0][0.101126, -1.27789, -0.835995][-0.88597, -0.27968, 0.36990][0.38179, 0.96874, 0][0.20739, -1.30534, -0.718126][-0.67488, -0.46108, 0.57614][0.36477, 0.95874, 0][0.096827, -1.29011, -0.833708][-0.82696, -0.45390, 0.33184][0.38042, 0.97002, 0][0.101126, -1.27789, -0.835995][-0.88597, -0.27968, 0.36990][0.38179, 0.96874, 0][0.217254, -1.27962, -0.72327][-0.72564, -0.31300, 0.61276][0.36730, 0.95630, 0][0.20739, -1.30534, -0.718126][-0.67488, -0.46108, 0.57614][0.36477, 0.95874, 0][0.056613, -1.32872, -0.849507][-0.34833, -0.93630, -0.04482][0.84606, 0.89506, 0][0.043273, -1.32882, -0.826158][-0.13569, -0.97858, 0.15481][0.84225, 0.89782, 0][0.04302, -1.33241, -0.848998][-0.14626, -0.98671, -0.07076][0.84707, 0.89609, 0][0.056613, -1.32872, -0.849507][-0.34833, -0.93630, -0.04482][0.84606, 0.89506, 0][0.056978, -1.32518, -0.826926][-0.32429, -0.92778, 0.18455][0.84121, 0.89609, 0][0.043273, -1.32882, -0.826158][-0.13569, -0.97858, 0.15481][0.84225, 0.89782, 0][0.080935, -1.22235, -0.867743][-0.66759, 0.69859, 0.25748][0.84124, 0.87313, 0][0.090621, -1.22891, -0.844326][-0.74298, 0.48280, 0.46357][0.83725, 0.87062, 0][0.089979, -1.23223, -0.865768][-0.79801, 0.54648, 0.25403][0.84051, 0.87555, 0][0.080935, -1.22235, -0.867743][-0.66759, 0.69859, 0.25748][0.84124, 0.87313, 0][0.081515, -1.21897, -0.845925][-0.62531, 0.62639, 0.46543][0.83823, 0.86787, 0][0.090621, -1.22891, -0.844326][-0.74298, 0.48280, 0.46357][0.83725, 0.87062, 0][0.089335, -1.3047, -0.853021][-0.79062, -0.60812, 0.07146][0.84296, 0.89096, 0][0.080774, -1.31117, -0.829737][-0.61463, -0.74738, 0.25230][0.83893, 0.89195, 0][0.080222, -1.31459, -0.851533][-0.66159, -0.74930, 0.02906][0.84403, 0.89262, 0][0.089335, -1.3047, -0.853021][-0.79062, -0.60812, 0.07146][0.84296, 0.89096, 0][0.089953, -1.30134, -0.831595][-0.73427, -0.61301, 0.29167][0.83789, 0.88938, 0][0.080774, -1.31117, -0.829737][-0.61463, -0.74738, 0.25230][0.83893, 0.89195, 0][0.069856, -1.21423, -0.869394][-0.51620, 0.81808, 0.25353][0.84228, 0.87101, 0][0.081515, -1.21897, -0.845925][-0.62531, 0.62639, 0.46543][0.83823, 0.86787, 0][0.080935, -1.22235, -0.867743][-0.66759, 0.69859, 0.25748][0.84124, 0.87313, 0][0.069856, -1.21423, -0.869394][-0.51620, 0.81808, 0.25353][0.84228, 0.87101, 0][0.070352, -1.21079, -0.847158][-0.48490, 0.74410, 0.45954][0.83945, 0.86546, 0][0.081515, -1.21897, -0.845925][-0.62531, 0.62639, 0.46543][0.83823, 0.86787, 0][0.096159, -1.29342, -0.854832][-0.89121, -0.43903, 0.11398][0.84194, 0.88892, 0][0.089953, -1.30134, -0.831595][-0.73427, -0.61301, 0.29167][0.83789, 0.88938, 0][0.089335, -1.3047, -0.853021][-0.79062, -0.60812, 0.07146][0.84296, 0.89096, 0][0.096159, -1.29342, -0.854832][-0.89121, -0.43903, 0.11398][0.84194, 0.88892, 0][0.096827, -1.29011, -0.833708][-0.82696, -0.45390, 0.33184][0.83704, 0.88650, 0][0.089953, -1.30134, -0.831595][-0.73427, -0.61301, 0.29167][0.83789, 0.88938, 0][0.057184, -1.2082, -0.870682][-0.35165, 0.90365, 0.24446][0.84359, 0.86927, 0][0.070352, -1.21079, -0.847158][-0.48490, 0.74410, 0.45954][0.83945, 0.86546, 0][0.069856, -1.21423, -0.869394][-0.51620, 0.81808, 0.25353][0.84228, 0.87101, 0][0.057184, -1.2082, -0.870682][-0.35165, 0.90365, 0.24446][0.84359, 0.86927, 0][0.057576, -1.2047, -0.84807][-0.32948, 0.83107, 0.44807][0.84092, 0.86347, 0][0.070352, -1.21079, -0.847158][-0.48490, 0.74410, 0.45954][0.83945, 0.86546, 0][0.100426, -1.28117, -0.856925][-0.95612, -0.24891, 0.15454][0.84106, 0.88651, 0][0.096827, -1.29011, -0.833708][-0.82696, -0.45390, 0.33184][0.83704, 0.88650, 0][0.096159, -1.29342, -0.854832][-0.89121, -0.43903, 0.11398][0.84194, 0.88892, 0][0.100426, -1.28117, -0.856925][-0.95612, -0.24891, 0.15454][0.84106, 0.88651, 0][0.101126, -1.27789, -0.835995][-0.88597, -0.27968, 0.36990][0.83646, 0.88338, 0][0.096827, -1.29011, -0.833708][-0.82696, -0.45390, 0.33184][0.83704, 0.88650, 0][0.043407, -1.20446, -0.871474][-0.15055, 0.96027, 0.23500][0.84514, 0.86793, 0][0.057576, -1.2047, -0.84807][-0.32948, 0.83107, 0.44807][0.84092, 0.86347, 0][0.057184, -1.2082, -0.870682][-0.35165, 0.90365, 0.24446][0.84359, 0.86927, 0][0.043407, -1.20446, -0.871474][-0.15055, 0.96027, 0.23500][0.84514, 0.86793, 0][0.04368, -1.20092, -0.848601][-0.13930, 0.89153, 0.43101][0.84259, 0.86195, 0][0.057576, -1.2047, -0.84807][-0.32948, 0.83107, 0.44807][0.84092, 0.86347, 0][0.101959, -1.26843, -0.85922][-0.98063, -0.04293, 0.19109][0.84044, 0.88384, 0][0.101126, -1.27789, -0.835995][-0.88597, -0.27968, 0.36990][0.83646, 0.88338, 0][0.100426, -1.28117, -0.856925][-0.95612, -0.24891, 0.15454][0.84106, 0.88651, 0][0.101959, -1.26843, -0.85922][-0.98063, -0.04293, 0.19109][0.84044, 0.88384, 0][0.102673, -1.26516, -0.838366][-0.91001, -0.08678, 0.40541][0.83619, 0.88014, 0][0.101126, -1.27789, -0.835995][-0.88597, -0.27968, 0.36990][0.83646, 0.88338, 0][0.00242, -1.20308, -0.871632][0.00043, 0.97349, 0.22872][0.85040, 0.86590, 0][0.04368, -1.20092, -0.848601][-0.13930, 0.89153, 0.43101][0.84259, 0.86195, 0][0.043407, -1.20446, -0.871474][-0.15055, 0.96027, 0.23500][0.84514, 0.86793, 0][0.00242, -1.20308, -0.871632][0.00043, 0.97349, 0.22872][0.85040, 0.86590, 0][0.002323, -1.19953, -0.848668][0.00072, 0.90861, 0.41766][0.84811, 0.85960, 0][0.04368, -1.20092, -0.848601][-0.13930, 0.89153, 0.43101][0.84259, 0.86195, 0][0.100687, -1.25572, -0.861401][-0.96086, 0.16707, 0.22097][0.84010, 0.88102, 0][0.102673, -1.26516, -0.838366][-0.91001, -0.08678, 0.40541][0.83619, 0.88014, 0][0.101959, -1.26843, -0.85922][-0.98063, -0.04293, 0.19109][0.84044, 0.88384, 0][0.100687, -1.25572, -0.861401][-0.96086, 0.16707, 0.22097][0.84010, 0.88102, 0][0.101397, -1.25246, -0.840466][-0.89272, 0.11919, 0.43456][0.83621, 0.87684, 0][0.102673, -1.26516, -0.838366][-0.91001, -0.08678, 0.40541][0.83619, 0.88014, 0][0.041449, -1.32464, -0.865884][-0.07343, -0.37909, 0.92244][0.84844, 0.89439, 0][0.059852, -1.31342, -0.868032][-0.10715, -0.29683, 0.94890][0.84717, 0.89291, 0][0.050639, -1.32022, -0.866739][-0.09428, -0.33533, 0.93737][0.84784, 0.89381, 0][0.041449, -1.32464, -0.865884][-0.07343, -0.37909, 0.92244][0.84844, 0.89439, 0][0.067923, -1.30459, -0.869696][-0.11477, -0.26345, 0.95782][0.84649, 0.89169, 0][0.059852, -1.31342, -0.868032][-0.10715, -0.29683, 0.94890][0.84717, 0.89291, 0][0.041449, -1.32464, -0.865884][-0.07343, -0.37909, 0.92244][0.84844, 0.89439, 0][0.074143, -1.2942, -0.871649][-0.11965, -0.23375, 0.96491][0.84585, 0.89012, 0][0.067923, -1.30459, -0.869696][-0.11477, -0.26345, 0.95782][0.84649, 0.89169, 0][0.041449, -1.32464, -0.865884][-0.07343, -0.37909, 0.92244][0.84844, 0.89439, 0][0.078076, -1.28275, -0.873793][-0.12393, -0.20595, 0.97068][0.84532, 0.88819, 0][0.074143, -1.2942, -0.871649][-0.11965, -0.23375, 0.96491][0.84585, 0.89012, 0][0.041449, -1.32464, -0.865884][-0.07343, -0.37909, 0.92244][0.84844, 0.89439, 0][0.079475, -1.27076, -0.876018][-0.12666, -0.17310, 0.97673][0.84498, 0.88594, 0][0.078076, -1.28275, -0.873793][-0.12393, -0.20595, 0.97068][0.84532, 0.88819, 0][0.041449, -1.32464, -0.865884][-0.07343, -0.37909, 0.92244][0.84844, 0.89439, 0][0.07825, -1.25879, -0.878006][-0.12637, -0.14034, 0.98201][0.84465, 0.88342, 0][0.079475, -1.27076, -0.876018][-0.12666, -0.17310, 0.97673][0.84498, 0.88594, 0][0.041449, -1.32464, -0.865884][-0.07343, -0.37909, 0.92244][0.84844, 0.89439, 0][0.07446, -1.24735, -0.879887][-0.12281, -0.11125, 0.98617][0.84461, 0.88094, 0][0.07825, -1.25879, -0.878006][-0.12637, -0.14034, 0.98201][0.84465, 0.88342, 0][0.041449, -1.32464, -0.865884][-0.07343, -0.37909, 0.92244][0.84844, 0.89439, 0][0.06833, -1.23695, -0.881589][-0.11742, -0.07882, 0.98995][0.84486, 0.87860, 0][0.07446, -1.24735, -0.879887][-0.12281, -0.11125, 0.98617][0.84461, 0.88094, 0][0.041449, -1.32464, -0.865884][-0.07343, -0.37909, 0.92244][0.84844, 0.89439, 0][0.06028, -1.2281, -0.883031][-0.11053, -0.04242, 0.99297][0.84541, 0.87650, 0][0.06833, -1.23695, -0.881589][-0.11742, -0.07882, 0.98995][0.84486, 0.87860, 0][0.041449, -1.32464, -0.865884][-0.07343, -0.37909, 0.92244][0.84844, 0.89439, 0][0.051023, -1.22126, -0.884132][-0.09823, 0.00145, 0.99516][0.84620, 0.87478, 0][0.06028, -1.2281, -0.883031][-0.11053, -0.04242, 0.99297][0.84541, 0.87650, 0][0.041449, -1.32464, -0.865884][-0.07343, -0.37909, 0.92244][0.84844, 0.89439, 0][0.041743, -1.2168, -0.884839][-0.07676, 0.05154, 0.99572][0.84710, 0.87355, 0][0.051023, -1.22126, -0.884132][-0.09823, 0.00145, 0.99516][0.84620, 0.87478, 0][0.041449, -1.32464, -0.865884][-0.07343, -0.37909, 0.92244][0.84844, 0.89439, 0][0.035502, -1.21509, -0.885096][-0.03506, 0.09944, 0.99443][0.84778, 0.87300, 0][0.041743, -1.2168, -0.884839][-0.07676, 0.05154, 0.99572][0.84710, 0.87355, 0][0.041449, -1.32464, -0.865884][-0.07343, -0.37909, 0.92244][0.84844, 0.89439, 0][0.002504, -1.21398, -0.885178][-0.00007, 0.04715, 0.99889][0.85195, 0.87181, 0][0.035502, -1.21509, -0.885096][-0.03506, 0.09944, 0.99443][0.84778, 0.87300, 0][0.041449, -1.32464, -0.865884][-0.07343, -0.37909, 0.92244][0.84844, 0.89439, 0][0.002742, -1.32724, -0.865274][-0.00011, -0.37776, 0.92590][0.85195, 0.89511, 0][0.002504, -1.21398, -0.885178][-0.00007, 0.04715, 0.99889][0.85195, 0.87181, 0][0.041449, -1.32464, -0.865884][-0.07343, -0.37909, 0.92244][0.84844, 0.89439, 0][0.035284, -1.32631, -0.865548][-0.03280, -0.42294, 0.90557][0.84886, 0.89461, 0][0.002742, -1.32724, -0.865274][-0.00011, -0.37776, 0.92590][0.85195, 0.89511, 0][0.096645, -1.2435, -0.863614][-0.89829, 0.36668, 0.24214][0.84012, 0.87822, 0][0.101397, -1.25246, -0.840466][-0.89272, 0.11919, 0.43456][0.83621, 0.87684, 0][0.100687, -1.25572, -0.861401][-0.96086, 0.16707, 0.22097][0.84010, 0.88102, 0][0.096645, -1.2435, -0.863614][-0.89829, 0.36668, 0.24214][0.84012, 0.87822, 0][0.097331, -1.24022, -0.842478][-0.83391, 0.31414, 0.45377][0.83657, 0.87364, 0][0.101397, -1.25246, -0.840466][-0.89272, 0.11919, 0.43456][0.83621, 0.87684, 0][0.06917, -1.3227, -0.850334][-0.51250, -0.85862, -0.01065][0.84506, 0.89395, 0][0.056978, -1.32518, -0.826926][-0.32429, -0.92778, 0.18455][0.84121, 0.89609, 0][0.056613, -1.32872, -0.849507][-0.34833, -0.93630, -0.04482][0.84606, 0.89506, 0][0.06917, -1.3227, -0.850334][-0.51250, -0.85862, -0.01065][0.84506, 0.89395, 0][0.069636, -1.31921, -0.828125][-0.47631, -0.85231, 0.21612][0.84006, 0.89417, 0][0.056978, -1.32518, -0.826926][-0.32429, -0.92778, 0.18455][0.84121, 0.89609, 0][0.089979, -1.23223, -0.865768][-0.79801, 0.54648, 0.25403][0.84051, 0.87555, 0][0.097331, -1.24022, -0.842478][-0.83391, 0.31414, 0.45377][0.83657, 0.87364, 0][0.096645, -1.2435, -0.863614][-0.89829, 0.36668, 0.24214][0.84012, 0.87822, 0][0.089979, -1.23223, -0.865768][-0.79801, 0.54648, 0.25403][0.84051, 0.87555, 0][0.090621, -1.22891, -0.844326][-0.74298, 0.48280, 0.46357][0.83725, 0.87062, 0][0.097331, -1.24022, -0.842478][-0.83391, 0.31414, 0.45377][0.83657, 0.87364, 0][0.041921, -1.33248, -0.856754][-0.13541, -0.96917, 0.20585][0.84804, 0.89536, 0][0.002696, -1.33355, -0.84872][-0.00017, -0.99675, -0.08053][0.85090, 0.89833, 0][0.002724, -1.33359, -0.856444][-0.00019, -0.98401, 0.17813][0.85162, 0.89668, 0][0.041921, -1.33248, -0.856754][-0.13541, -0.96917, 0.20585][0.84804, 0.89536, 0][0.04302, -1.33241, -0.848998][-0.14626, -0.98671, -0.07076][0.84707, 0.89609, 0][0.002696, -1.33355, -0.84872][-0.00017, -0.99675, -0.08053][0.85090, 0.89833, 0][0.039091, -1.33025, -0.862811][-0.08914, -0.75774, 0.64643][0.84854, 0.89495, 0][0.002724, -1.33359, -0.856444][-0.00019, -0.98401, 0.17813][0.85162, 0.89668, 0][0.002741, -1.33128, -0.862504][-0.00014, -0.78582, 0.61845][0.85187, 0.89574, 0][0.039091, -1.33025, -0.862811][-0.08914, -0.75774, 0.64643][0.84854, 0.89495, 0][0.041921, -1.33248, -0.856754][-0.13541, -0.96917, 0.20585][0.84804, 0.89536, 0][0.002724, -1.33359, -0.856444][-0.00019, -0.98401, 0.17813][0.85162, 0.89668, 0][0.035284, -1.32631, -0.865548][-0.03280, -0.42294, 0.90557][0.84886, 0.89461, 0][0.002741, -1.33128, -0.862504][-0.00014, -0.78582, 0.61845][0.85187, 0.89574, 0][0.002742, -1.32724, -0.865274][-0.00011, -0.37776, 0.92590][0.85195, 0.89511, 0][0.035284, -1.32631, -0.865548][-0.03280, -0.42294, 0.90557][0.84886, 0.89461, 0][0.039091, -1.33025, -0.862811][-0.08914, -0.75774, 0.64643][0.84854, 0.89495, 0][0.002741, -1.33128, -0.862504][-0.00014, -0.78582, 0.61845][0.85187, 0.89574, 0][0.054487, -1.32908, -0.857332][-0.31823, -0.90985, 0.26628][0.84719, 0.89472, 0][0.04302, -1.33241, -0.848998][-0.14626, -0.98671, -0.07076][0.84707, 0.89609, 0][0.041921, -1.33248, -0.856754][-0.13541, -0.96917, 0.20585][0.84804, 0.89536, 0][0.054487, -1.32908, -0.857332][-0.31823, -0.90985, 0.26628][0.84719, 0.89472, 0][0.056613, -1.32872, -0.849507][-0.34833, -0.93630, -0.04482][0.84606, 0.89506, 0][0.04302, -1.33241, -0.848998][-0.14626, -0.98671, -0.07076][0.84707, 0.89609, 0][0.048939, -1.32759, -0.863323][-0.20176, -0.68509, 0.69995][0.84790, 0.89459, 0][0.041921, -1.33248, -0.856754][-0.13541, -0.96917, 0.20585][0.84804, 0.89536, 0][0.039091, -1.33025, -0.862811][-0.08914, -0.75774, 0.64643][0.84854, 0.89495, 0][0.048939, -1.32759, -0.863323][-0.20176, -0.68509, 0.69995][0.84790, 0.89459, 0][0.054487, -1.32908, -0.857332][-0.31823, -0.90985, 0.26628][0.84719, 0.89472, 0][0.041921, -1.33248, -0.856754][-0.13541, -0.96917, 0.20585][0.84804, 0.89536, 0][0.041449, -1.32464, -0.865884][-0.07343, -0.37909, 0.92244][0.84844, 0.89439, 0][0.039091, -1.33025, -0.862811][-0.08914, -0.75774, 0.64643][0.84854, 0.89495, 0][0.035284, -1.32631, -0.865548][-0.03280, -0.42294, 0.90557][0.84886, 0.89461, 0][0.041449, -1.32464, -0.865884][-0.07343, -0.37909, 0.92244][0.84844, 0.89439, 0][0.048939, -1.32759, -0.863323][-0.20176, -0.68509, 0.69995][0.84790, 0.89459, 0][0.039091, -1.33025, -0.862811][-0.08914, -0.75774, 0.64643][0.84854, 0.89495, 0][0.066561, -1.32329, -0.858293][-0.45612, -0.82421, 0.33562][0.84632, 0.89389, 0][0.056613, -1.32872, -0.849507][-0.34833, -0.93630, -0.04482][0.84606, 0.89506, 0][0.054487, -1.32908, -0.857332][-0.31823, -0.90985, 0.26628][0.84719, 0.89472, 0][0.066561, -1.32329, -0.858293][-0.45612, -0.82421, 0.33562][0.84632, 0.89389, 0][0.06917, -1.3227, -0.850334][-0.51250, -0.85862, -0.01065][0.84506, 0.89395, 0][0.056613, -1.32872, -0.849507][-0.34833, -0.93630, -0.04482][0.84606, 0.89506, 0][0.059781, -1.32238, -0.864293][-0.27197, -0.59936, 0.75286][0.84717, 0.89394, 0][0.054487, -1.32908, -0.857332][-0.31823, -0.90985, 0.26628][0.84719, 0.89472, 0][0.048939, -1.32759, -0.863323][-0.20176, -0.68509, 0.69995][0.84790, 0.89459, 0][0.059781, -1.32238, -0.864293][-0.27197, -0.59936, 0.75286][0.84717, 0.89394, 0][0.066561, -1.32329, -0.858293][-0.45612, -0.82421, 0.33562][0.84632, 0.89389, 0][0.054487, -1.32908, -0.857332][-0.31823, -0.90985, 0.26628][0.84719, 0.89472, 0][0.050639, -1.32022, -0.866739][-0.09428, -0.33533, 0.93737][0.84784, 0.89381, 0][0.048939, -1.32759, -0.863323][-0.20176, -0.68509, 0.69995][0.84790, 0.89459, 0][0.041449, -1.32464, -0.865884][-0.07343, -0.37909, 0.92244][0.84844, 0.89439, 0][0.050639, -1.32022, -0.866739][-0.09428, -0.33533, 0.93737][0.84784, 0.89381, 0][0.059781, -1.32238, -0.864293][-0.27197, -0.59936, 0.75286][0.84717, 0.89394, 0][0.048939, -1.32759, -0.863323][-0.20176, -0.68509, 0.69995][0.84790, 0.89459, 0][0.077338, -1.31537, -0.859641][-0.57209, -0.71435, 0.40301][0.84541, 0.89281, 0][0.06917, -1.3227, -0.850334][-0.51250, -0.85862, -0.01065][0.84506, 0.89395, 0][0.066561, -1.32329, -0.858293][-0.45612, -0.82421, 0.33562][0.84632, 0.89389, 0][0.077338, -1.31537, -0.859641][-0.57209, -0.71435, 0.40301][0.84541, 0.89281, 0][0.080222, -1.31459, -0.851533][-0.66159, -0.74930, 0.02906][0.84403, 0.89262, 0][0.06917, -1.3227, -0.850334][-0.51250, -0.85862, -0.01065][0.84506, 0.89395, 0][0.069882, -1.31494, -0.865669][-0.32181, -0.51100, 0.79707][0.84638, 0.89299, 0][0.066561, -1.32329, -0.858293][-0.45612, -0.82421, 0.33562][0.84632, 0.89389, 0][0.059781, -1.32238, -0.864293][-0.27197, -0.59936, 0.75286][0.84717, 0.89394, 0][0.069882, -1.31494, -0.865669][-0.32181, -0.51100, 0.79707][0.84638, 0.89299, 0][0.077338, -1.31537, -0.859641][-0.57209, -0.71435, 0.40301][0.84541, 0.89281, 0][0.066561, -1.32329, -0.858293][-0.45612, -0.82421, 0.33562][0.84632, 0.89389, 0][0.059852, -1.31342, -0.868032][-0.10715, -0.29683, 0.94890][0.84717, 0.89291, 0][0.059781, -1.32238, -0.864293][-0.27197, -0.59936, 0.75286][0.84717, 0.89394, 0][0.050639, -1.32022, -0.866739][-0.09428, -0.33533, 0.93737][0.84784, 0.89381, 0][0.059852, -1.31342, -0.868032][-0.10715, -0.29683, 0.94890][0.84717, 0.89291, 0][0.069882, -1.31494, -0.865669][-0.32181, -0.51100, 0.79707][0.84638, 0.89299, 0][0.059781, -1.32238, -0.864293][-0.27197, -0.59936, 0.75286][0.84717, 0.89394, 0][0.086288, -1.30565, -0.861308][-0.66612, -0.58488, 0.46281][0.84447, 0.89141, 0][0.080222, -1.31459, -0.851533][-0.66159, -0.74930, 0.02906][0.84403, 0.89262, 0][0.077338, -1.31537, -0.859641][-0.57209, -0.71435, 0.40301][0.84541, 0.89281, 0][0.086288, -1.30565, -0.861308][-0.66612, -0.58488, 0.46281][0.84447, 0.89141, 0][0.089335, -1.3047, -0.853021][-0.79062, -0.60812, 0.07146][0.84296, 0.89096, 0][0.080222, -1.31459, -0.851533][-0.66159, -0.74930, 0.02906][0.84403, 0.89262, 0][0.078453, -1.30561, -0.867415][-0.35707, -0.42440, 0.83210][0.84558, 0.89173, 0][0.077338, -1.31537, -0.859641][-0.57209, -0.71435, 0.40301][0.84541, 0.89281, 0][0.069882, -1.31494, -0.865669][-0.32181, -0.51100, 0.79707][0.84638, 0.89299, 0][0.078453, -1.30561, -0.867415][-0.35707, -0.42440, 0.83210][0.84558, 0.89173, 0][0.086288, -1.30565, -0.861308][-0.66612, -0.58488, 0.46281][0.84447, 0.89141, 0][0.077338, -1.31537, -0.859641][-0.57209, -0.71435, 0.40301][0.84541, 0.89281, 0][0.067923, -1.30459, -0.869696][-0.11477, -0.26345, 0.95782][0.84649, 0.89169, 0][0.069882, -1.31494, -0.865669][-0.32181, -0.51100, 0.79707][0.84638, 0.89299, 0][0.059852, -1.31342, -0.868032][-0.10715, -0.29683, 0.94890][0.84717, 0.89291, 0][0.067923, -1.30459, -0.869696][-0.11477, -0.26345, 0.95782][0.84649, 0.89169, 0][0.078453, -1.30561, -0.867415][-0.35707, -0.42440, 0.83210][0.84558, 0.89173, 0][0.069882, -1.31494, -0.865669][-0.32181, -0.51100, 0.79707][0.84638, 0.89299, 0][0.09301, -1.2945, -0.863239][-0.73723, -0.43929, 0.51335][0.84355, 0.88964, 0][0.089335, -1.3047, -0.853021][-0.79062, -0.60812, 0.07146][0.84296, 0.89096, 0][0.086288, -1.30565, -0.861308][-0.66612, -0.58488, 0.46281][0.84447, 0.89141, 0][0.09301, -1.2945, -0.863239][-0.73723, -0.43929, 0.51335][0.84355, 0.88964, 0][0.096159, -1.29342, -0.854832][-0.89121, -0.43903, 0.11398][0.84194, 0.88892, 0][0.089335, -1.3047, -0.853021][-0.79062, -0.60812, 0.07146][0.84296, 0.89096, 0][0.084957, -1.29479, -0.869417][-0.38247, -0.33933, 0.85940][0.84481, 0.89010, 0][0.086288, -1.30565, -0.861308][-0.66612, -0.58488, 0.46281][0.84447, 0.89141, 0][0.078453, -1.30561, -0.867415][-0.35707, -0.42440, 0.83210][0.84558, 0.89173, 0][0.084957, -1.29479, -0.869417][-0.38247, -0.33933, 0.85940][0.84481, 0.89010, 0][0.09301, -1.2945, -0.863239][-0.73723, -0.43929, 0.51335][0.84355, 0.88964, 0][0.086288, -1.30565, -0.861308][-0.66612, -0.58488, 0.46281][0.84447, 0.89141, 0][0.074143, -1.2942, -0.871649][-0.11965, -0.23375, 0.96491][0.84585, 0.89012, 0][0.078453, -1.30561, -0.867415][-0.35707, -0.42440, 0.83210][0.84558, 0.89173, 0][0.067923, -1.30459, -0.869696][-0.11477, -0.26345, 0.95782][0.84649, 0.89169, 0][0.074143, -1.2942, -0.871649][-0.11965, -0.23375, 0.96491][0.84585, 0.89012, 0][0.084957, -1.29479, -0.869417][-0.38247, -0.33933, 0.85940][0.84481, 0.89010, 0][0.078453, -1.30561, -0.867415][-0.35707, -0.42440, 0.83210][0.84558, 0.89173, 0][0.097218, -1.28237, -0.8654][-0.78246, -0.28173, 0.55532][0.84275, 0.88750, 0][0.096159, -1.29342, -0.854832][-0.89121, -0.43903, 0.11398][0.84194, 0.88892, 0][0.09301, -1.2945, -0.863239][-0.73723, -0.43929, 0.51335][0.84355, 0.88964, 0][0.097218, -1.28237, -0.8654][-0.78246, -0.28173, 0.55532][0.84275, 0.88750, 0][0.100426, -1.28117, -0.856925][-0.95612, -0.24891, 0.15454][0.84106, 0.88651, 0][0.096159, -1.29342, -0.854832][-0.89121, -0.43903, 0.11398][0.84194, 0.88892, 0][0.089042, -1.28295, -0.871587][-0.39917, -0.25473, 0.88078][0.84414, 0.88811, 0][0.09301, -1.2945, -0.863239][-0.73723, -0.43929, 0.51335][0.84355, 0.88964, 0][0.084957, -1.29479, -0.869417][-0.38247, -0.33933, 0.85940][0.84481, 0.89010, 0][0.089042, -1.28295, -0.871587][-0.39917, -0.25473, 0.88078][0.84414, 0.88811, 0][0.097218, -1.28237, -0.8654][-0.78246, -0.28173, 0.55532][0.84275, 0.88750, 0][0.09301, -1.2945, -0.863239][-0.73723, -0.43929, 0.51335][0.84355, 0.88964, 0][0.078076, -1.28275, -0.873793][-0.12393, -0.20595, 0.97068][0.84532, 0.88819, 0][0.084957, -1.29479, -0.869417][-0.38247, -0.33933, 0.85940][0.84481, 0.89010, 0][0.074143, -1.2942, -0.871649][-0.11965, -0.23375, 0.96491][0.84585, 0.89012, 0][0.078076, -1.28275, -0.873793][-0.12393, -0.20595, 0.97068][0.84532, 0.88819, 0][0.089042, -1.28295, -0.871587][-0.39917, -0.25473, 0.88078][0.84414, 0.88811, 0][0.084957, -1.29479, -0.869417][-0.38247, -0.33933, 0.85940][0.84481, 0.89010, 0][0.098728, -1.26973, -0.867708][-0.80047, -0.11075, 0.58905][0.84213, 0.88505, 0][0.100426, -1.28117, -0.856925][-0.95612, -0.24891, 0.15454][0.84106, 0.88651, 0][0.097218, -1.28237, -0.8654][-0.78246, -0.28173, 0.55532][0.84275, 0.88750, 0][0.098728, -1.26973, -0.867708][-0.80047, -0.11075, 0.58905][0.84213, 0.88505, 0][0.101959, -1.26843, -0.85922][-0.98063, -0.04293, 0.19109][0.84044, 0.88384, 0][0.100426, -1.28117, -0.856925][-0.95612, -0.24891, 0.15454][0.84106, 0.88651, 0][0.090501, -1.27058, -0.873866][-0.40683, -0.16170, 0.89908][0.84364, 0.88581, 0][0.097218, -1.28237, -0.8654][-0.78246, -0.28173, 0.55532][0.84275, 0.88750, 0][0.089042, -1.28295, -0.871587][-0.39917, -0.25473, 0.88078][0.84414, 0.88811, 0][0.090501, -1.27058, -0.873866][-0.40683, -0.16170, 0.89908][0.84364, 0.88581, 0][0.098728, -1.26973, -0.867708][-0.80047, -0.11075, 0.58905][0.84213, 0.88505, 0][0.097218, -1.28237, -0.8654][-0.78246, -0.28173, 0.55532][0.84275, 0.88750, 0][0.079475, -1.27076, -0.876018][-0.12666, -0.17310, 0.97673][0.84498, 0.88594, 0][0.089042, -1.28295, -0.871587][-0.39917, -0.25473, 0.88078][0.84414, 0.88811, 0][0.078076, -1.28275, -0.873793][-0.12393, -0.20595, 0.97068][0.84532, 0.88819, 0][0.079475, -1.27076, -0.876018][-0.12666, -0.17310, 0.97673][0.84498, 0.88594, 0][0.090501, -1.27058, -0.873866][-0.40683, -0.16170, 0.89908][0.84364, 0.88581, 0][0.089042, -1.28295, -0.871587][-0.39917, -0.25473, 0.88078][0.84414, 0.88811, 0][0.097465, -1.25712, -0.869844][-0.78886, 0.06467, 0.61116][0.84172, 0.88241, 0][0.101959, -1.26843, -0.85922][-0.98063, -0.04293, 0.19109][0.84044, 0.88384, 0][0.098728, -1.26973, -0.867708][-0.80047, -0.11075, 0.58905][0.84213, 0.88505, 0][0.097465, -1.25712, -0.869844][-0.78886, 0.06467, 0.61116][0.84172, 0.88241, 0][0.100687, -1.25572, -0.861401][-0.96086, 0.16707, 0.22097][0.84010, 0.88102, 0][0.101959, -1.26843, -0.85922][-0.98063, -0.04293, 0.19109][0.84044, 0.88384, 0][0.089255, -1.25824, -0.875935][-0.40437, -0.06686, 0.91215][0.84327, 0.88327, 0][0.098728, -1.26973, -0.867708][-0.80047, -0.11075, 0.58905][0.84213, 0.88505, 0][0.090501, -1.27058, -0.873866][-0.40683, -0.16170, 0.89908][0.84364, 0.88581, 0][0.089255, -1.25824, -0.875935][-0.40437, -0.06686, 0.91215][0.84327, 0.88327, 0][0.097465, -1.25712, -0.869844][-0.78886, 0.06467, 0.61116][0.84172, 0.88241, 0][0.098728, -1.26973, -0.867708][-0.80047, -0.11075, 0.58905][0.84213, 0.88505, 0][0.07825, -1.25879, -0.878006][-0.12637, -0.14034, 0.98201][0.84465, 0.88342, 0][0.090501, -1.27058, -0.873866][-0.40683, -0.16170, 0.89908][0.84364, 0.88581, 0][0.079475, -1.27076, -0.876018][-0.12666, -0.17310, 0.97673][0.84498, 0.88594, 0][0.07825, -1.25879, -0.878006][-0.12637, -0.14034, 0.98201][0.84465, 0.88342, 0][0.089255, -1.25824, -0.875935][-0.40437, -0.06686, 0.91215][0.84327, 0.88327, 0][0.090501, -1.27058, -0.873866][-0.40683, -0.16170, 0.89908][0.84364, 0.88581, 0][0.093468, -1.24499, -0.871952][-0.74835, 0.23441, 0.62051][0.84165, 0.87975, 0][0.100687, -1.25572, -0.861401][-0.96086, 0.16707, 0.22097][0.84010, 0.88102, 0][0.097465, -1.25712, -0.869844][-0.78886, 0.06467, 0.61116][0.84172, 0.88241, 0][0.093468, -1.24499, -0.871952][-0.74835, 0.23441, 0.62051][0.84165, 0.87975, 0][0.096645, -1.2435, -0.863614][-0.89829, 0.36668, 0.24214][0.84012, 0.87822, 0][0.100687, -1.25572, -0.861401][-0.96086, 0.16707, 0.22097][0.84010, 0.88102, 0][0.085352, -1.2464, -0.877934][-0.39152, 0.02450, 0.91984][0.84320, 0.88072, 0][0.097465, -1.25712, -0.869844][-0.78886, 0.06467, 0.61116][0.84172, 0.88241, 0][0.089255, -1.25824, -0.875935][-0.40437, -0.06686, 0.91215][0.84327, 0.88327, 0][0.085352, -1.2464, -0.877934][-0.39152, 0.02450, 0.91984][0.84320, 0.88072, 0][0.093468, -1.24499, -0.871952][-0.74835, 0.23441, 0.62051][0.84165, 0.87975, 0][0.097465, -1.25712, -0.869844][-0.78886, 0.06467, 0.61116][0.84172, 0.88241, 0][0.07446, -1.24735, -0.879887][-0.12281, -0.11125, 0.98617][0.84461, 0.88094, 0][0.089255, -1.25824, -0.875935][-0.40437, -0.06686, 0.91215][0.84327, 0.88327, 0][0.07825, -1.25879, -0.878006][-0.12637, -0.14034, 0.98201][0.84465, 0.88342, 0][0.07446, -1.24735, -0.879887][-0.12281, -0.11125, 0.98617][0.84461, 0.88094, 0][0.085352, -1.2464, -0.877934][-0.39152, 0.02450, 0.91984][0.84320, 0.88072, 0][0.089255, -1.25824, -0.875935][-0.40437, -0.06686, 0.91215][0.84327, 0.88327, 0][0.086892, -1.23382, -0.873947][-0.67894, 0.39715, 0.61750][0.84193, 0.87719, 0][0.096645, -1.2435, -0.863614][-0.89829, 0.36668, 0.24214][0.84012, 0.87822, 0][0.093468, -1.24499, -0.871952][-0.74835, 0.23441, 0.62051][0.84165, 0.87975, 0][0.086892, -1.23382, -0.873947][-0.67894, 0.39715, 0.61750][0.84193, 0.87719, 0][0.089979, -1.23223, -0.865768][-0.79801, 0.54648, 0.25403][0.84051, 0.87555, 0][0.096645, -1.2435, -0.863614][-0.89829, 0.36668, 0.24214][0.84012, 0.87822, 0][0.078968, -1.23554, -0.879734][-0.36755, 0.12016, 0.92221][0.84345, 0.87827, 0][0.093468, -1.24499, -0.871952][-0.74835, 0.23441, 0.62051][0.84165, 0.87975, 0][0.085352, -1.2464, -0.877934][-0.39152, 0.02450, 0.91984][0.84320, 0.88072, 0][0.078968, -1.23554, -0.879734][-0.36755, 0.12016, 0.92221][0.84345, 0.87827, 0][0.086892, -1.23382, -0.873947][-0.67894, 0.39715, 0.61750][0.84193, 0.87719, 0][0.093468, -1.24499, -0.871952][-0.74835, 0.23441, 0.62051][0.84165, 0.87975, 0][0.06833, -1.23695, -0.881589][-0.11742, -0.07882, 0.98995][0.84486, 0.87860, 0][0.085352, -1.2464, -0.877934][-0.39152, 0.02450, 0.91984][0.84320, 0.88072, 0][0.07446, -1.24735, -0.879887][-0.12281, -0.11125, 0.98617][0.84461, 0.88094, 0][0.06833, -1.23695, -0.881589][-0.11742, -0.07882, 0.98995][0.84486, 0.87860, 0][0.078968, -1.23554, -0.879734][-0.36755, 0.12016, 0.92221][0.84345, 0.87827, 0][0.085352, -1.2464, -0.877934][-0.39152, 0.02450, 0.91984][0.84320, 0.88072, 0][0.078002, -1.22405, -0.875693][-0.58307, 0.54602, 0.60158][0.84255, 0.87485, 0][0.089979, -1.23223, -0.865768][-0.79801, 0.54648, 0.25403][0.84051, 0.87555, 0][0.086892, -1.23382, -0.873947][-0.67894, 0.39715, 0.61750][0.84193, 0.87719, 0][0.078002, -1.22405, -0.875693][-0.58307, 0.54602, 0.60158][0.84255, 0.87485, 0][0.080935, -1.22235, -0.867743][-0.66759, 0.69859, 0.25748][0.84124, 0.87313, 0][0.089979, -1.23223, -0.865768][-0.79801, 0.54648, 0.25403][0.84051, 0.87555, 0][0.07044, -1.22616, -0.88128][-0.33212, 0.21890, 0.91749][0.84401, 0.87604, 0][0.086892, -1.23382, -0.873947][-0.67894, 0.39715, 0.61750][0.84193, 0.87719, 0][0.078968, -1.23554, -0.879734][-0.36755, 0.12016, 0.92221][0.84345, 0.87827, 0][0.07044, -1.22616, -0.88128][-0.33212, 0.21890, 0.91749][0.84401, 0.87604, 0][0.078002, -1.22405, -0.875693][-0.58307, 0.54602, 0.60158][0.84255, 0.87485, 0][0.086892, -1.23382, -0.873947][-0.67894, 0.39715, 0.61750][0.84193, 0.87719, 0][0.06028, -1.2281, -0.883031][-0.11053, -0.04242, 0.99297][0.84541, 0.87650, 0][0.078968, -1.23554, -0.879734][-0.36755, 0.12016, 0.92221][0.84345, 0.87827, 0][0.06833, -1.23695, -0.881589][-0.11742, -0.07882, 0.98995][0.84486, 0.87860, 0][0.06028, -1.2281, -0.883031][-0.11053, -0.04242, 0.99297][0.84541, 0.87650, 0][0.07044, -1.22616, -0.88128][-0.33212, 0.21890, 0.91749][0.84401, 0.87604, 0][0.078968, -1.23554, -0.879734][-0.36755, 0.12016, 0.92221][0.84345, 0.87827, 0][0.067197, -1.21609, -0.877137][-0.46425, 0.67659, 0.57157][0.84347, 0.87282, 0][0.080935, -1.22235, -0.867743][-0.66759, 0.69859, 0.25748][0.84124, 0.87313, 0][0.078002, -1.22405, -0.875693][-0.58307, 0.54602, 0.60158][0.84255, 0.87485, 0][0.067197, -1.21609, -0.877137][-0.46425, 0.67659, 0.57157][0.84347, 0.87282, 0][0.069856, -1.21423, -0.869394][-0.51620, 0.81808, 0.25353][0.84228, 0.87101, 0][0.080935, -1.22235, -0.867743][-0.66759, 0.69859, 0.25748][0.84124, 0.87313, 0][0.060303, -1.21866, -0.882526][-0.28129, 0.32323, 0.90355][0.84485, 0.87416, 0][0.078002, -1.22405, -0.875693][-0.58307, 0.54602, 0.60158][0.84255, 0.87485, 0][0.07044, -1.22616, -0.88128][-0.33212, 0.21890, 0.91749][0.84401, 0.87604, 0][0.060303, -1.21866, -0.882526][-0.28129, 0.32323, 0.90355][0.84485, 0.87416, 0][0.067197, -1.21609, -0.877137][-0.46425, 0.67659, 0.57157][0.84347, 0.87282, 0][0.078002, -1.22405, -0.875693][-0.58307, 0.54602, 0.60158][0.84255, 0.87485, 0][0.051023, -1.22126, -0.884132][-0.09823, 0.00145, 0.99516][0.84620, 0.87478, 0][0.07044, -1.22616, -0.88128][-0.33212, 0.21890, 0.91749][0.84401, 0.87604, 0][0.06028, -1.2281, -0.883031][-0.11053, -0.04242, 0.99297][0.84541, 0.87650, 0][0.051023, -1.22126, -0.884132][-0.09823, 0.00145, 0.99516][0.84620, 0.87478, 0][0.060303, -1.21866, -0.882526][-0.28129, 0.32323, 0.90355][0.84485, 0.87416, 0][0.07044, -1.22616, -0.88128][-0.33212, 0.21890, 0.91749][0.84401, 0.87604, 0][0.055011, -1.21024, -0.878217][-0.32462, 0.78230, 0.53163][0.84466, 0.87118, 0][0.069856, -1.21423, -0.869394][-0.51620, 0.81808, 0.25353][0.84228, 0.87101, 0][0.067197, -1.21609, -0.877137][-0.46425, 0.67659, 0.57157][0.84347, 0.87282, 0][0.055011, -1.21024, -0.878217][-0.32462, 0.78230, 0.53163][0.84466, 0.87118, 0][0.057184, -1.2082, -0.870682][-0.35165, 0.90365, 0.24446][0.84359, 0.86927, 0][0.069856, -1.21423, -0.869394][-0.51620, 0.81808, 0.25353][0.84228, 0.87101, 0][0.049359, -1.21339, -0.883395][-0.20923, 0.42655, 0.87993][0.84591, 0.87270, 0][0.067197, -1.21609, -0.877137][-0.46425, 0.67659, 0.57157][0.84347, 0.87282, 0][0.060303, -1.21866, -0.882526][-0.28129, 0.32323, 0.90355][0.84485, 0.87416, 0][0.049359, -1.21339, -0.883395][-0.20923, 0.42655, 0.87993][0.84591, 0.87270, 0][0.055011, -1.21024, -0.878217][-0.32462, 0.78230, 0.53163][0.84466, 0.87118, 0][0.067197, -1.21609, -0.877137][-0.46425, 0.67659, 0.57157][0.84347, 0.87282, 0][0.041743, -1.2168, -0.884839][-0.07676, 0.05154, 0.99572][0.84710, 0.87355, 0][0.060303, -1.21866, -0.882526][-0.28129, 0.32323, 0.90355][0.84485, 0.87416, 0][0.051023, -1.22126, -0.884132][-0.09823, 0.00145, 0.99516][0.84620, 0.87478, 0][0.041743, -1.2168, -0.884839][-0.07676, 0.05154, 0.99572][0.84710, 0.87355, 0][0.049359, -1.21339, -0.883395][-0.20923, 0.42655, 0.87993][0.84591, 0.87270, 0][0.060303, -1.21866, -0.882526][-0.28129, 0.32323, 0.90355][0.84485, 0.87416, 0][0.042278, -1.20676, -0.878846][-0.14072, 0.85842, 0.49326][0.84603, 0.86998, 0][0.057184, -1.2082, -0.870682][-0.35165, 0.90365, 0.24446][0.84359, 0.86927, 0][0.055011, -1.21024, -0.878217][-0.32462, 0.78230, 0.53163][0.84466, 0.87118, 0][0.042278, -1.20676, -0.878846][-0.14072, 0.85842, 0.49326][0.84603, 0.86998, 0][0.043407, -1.20446, -0.871474][-0.15055, 0.96027, 0.23500][0.84514, 0.86793, 0][0.057184, -1.2082, -0.870682][-0.35165, 0.90365, 0.24446][0.84359, 0.86927, 0][0.039384, -1.21065, -0.883831][-0.09415, 0.51389, 0.85267][0.84698, 0.87179, 0][0.055011, -1.21024, -0.878217][-0.32462, 0.78230, 0.53163][0.84466, 0.87118, 0][0.049359, -1.21339, -0.883395][-0.20923, 0.42655, 0.87993][0.84591, 0.87270, 0][0.039384, -1.21065, -0.883831][-0.09415, 0.51389, 0.85267][0.84698, 0.87179, 0][0.042278, -1.20676, -0.878846][-0.14072, 0.85842, 0.49326][0.84603, 0.86998, 0][0.055011, -1.21024, -0.878217][-0.32462, 0.78230, 0.53163][0.84466, 0.87118, 0][0.035502, -1.21509, -0.885096][-0.03506, 0.09944, 0.99443][0.84778, 0.87300, 0][0.049359, -1.21339, -0.883395][-0.20923, 0.42655, 0.87993][0.84591, 0.87270, 0][0.041743, -1.2168, -0.884839][-0.07676, 0.05154, 0.99572][0.84710, 0.87355, 0][0.035502, -1.21509, -0.885096][-0.03506, 0.09944, 0.99443][0.84778, 0.87300, 0][0.039384, -1.21065, -0.883831][-0.09415, 0.51389, 0.85267][0.84698, 0.87179, 0][0.049359, -1.21339, -0.883395][-0.20923, 0.42655, 0.87993][0.84591, 0.87270, 0][0.002454, -1.20542, -0.878962][0.00026, 0.88119, 0.47277][0.85110, 0.86817, 0][0.043407, -1.20446, -0.871474][-0.15055, 0.96027, 0.23500][0.84514, 0.86793, 0][0.042278, -1.20676, -0.878846][-0.14072, 0.85842, 0.49326][0.84603, 0.86998, 0][0.002454, -1.20542, -0.878962][0.00026, 0.88119, 0.47277][0.85110, 0.86817, 0][0.00242, -1.20308, -0.871632][0.00043, 0.97349, 0.22872][0.85040, 0.86590, 0][0.043407, -1.20446, -0.871474][-0.15055, 0.96027, 0.23500][0.84514, 0.86793, 0][0.002484, -1.20941, -0.88392][0.00010, 0.54888, 0.83590][0.85163, 0.87033, 0][0.042278, -1.20676, -0.878846][-0.14072, 0.85842, 0.49326][0.84603, 0.86998, 0][0.039384, -1.21065, -0.883831][-0.09415, 0.51389, 0.85267][0.84698, 0.87179, 0][0.002484, -1.20941, -0.88392][0.00010, 0.54888, 0.83590][0.85163, 0.87033, 0][0.002454, -1.20542, -0.878962][0.00026, 0.88119, 0.47277][0.85110, 0.86817, 0][0.042278, -1.20676, -0.878846][-0.14072, 0.85842, 0.49326][0.84603, 0.86998, 0][0.002504, -1.21398, -0.885178][-0.00007, 0.04715, 0.99889][0.85195, 0.87181, 0][0.039384, -1.21065, -0.883831][-0.09415, 0.51389, 0.85267][0.84698, 0.87179, 0][0.035502, -1.21509, -0.885096][-0.03506, 0.09944, 0.99443][0.84778, 0.87300, 0][0.002504, -1.21398, -0.885178][-0.00007, 0.04715, 0.99889][0.85195, 0.87181, 0][0.002484, -1.20941, -0.88392][0.00010, 0.54888, 0.83590][0.85163, 0.87033, 0][0.039384, -1.21065, -0.883831][-0.09415, 0.51389, 0.85267][0.84698, 0.87179, 0][0.04302, -1.33241, -0.848998][-0.14626, -0.98671, -0.07076][0.84707, 0.89609, 0][0.0026, -1.32994, -0.825789][-0.00022, -0.99035, 0.13858][0.84569, 0.90282, 0][0.002696, -1.33355, -0.84872][-0.00017, -0.99675, -0.08053][0.85090, 0.89833, 0][0.04302, -1.33241, -0.848998][-0.14626, -0.98671, -0.07076][0.84707, 0.89609, 0][0.043273, -1.32882, -0.826158][-0.13569, -0.97858, 0.15481][0.84225, 0.89782, 0][0.0026, -1.32994, -0.825789][-0.00022, -0.99035, 0.13858][0.84569, 0.90282, 0][-0.02513, -0.72151, 1.26412][-0.00064, -0.43665, -0.89963][0.77916, 0.70126, 0][-0.191528, -0.500854, 1.3103][0.20510, -0.15244, -0.96680][0.75702, 0.66746, 0][-0.189869, -0.71898, 1.24709][0.19455, -0.43099, -0.88113][0.75312, 0.70148, 0][-0.02513, -0.72151, 1.26412][-0.00064, -0.43665, -0.89963][0.77916, 0.70126, 0][-0.02682, -0.501042, 1.32868][0.00175, -0.15929, -0.98723][0.78303, 0.66567, 0][-0.191528, -0.500854, 1.3103][0.20510, -0.15244, -0.96680][0.75702, 0.66746, 0][-0.189869, -0.71898, 1.24709][0.19455, -0.43099, -0.88113][0.75312, 0.70148, 0][-0.349384, -0.49654, 1.26005][0.38169, -0.14257, -0.91323][0.73157, 0.67145, 0][-0.347463, -0.712029, 1.19823][0.37026, -0.41479, -0.83118][0.72720, 0.70419, 0][-0.189869, -0.71898, 1.24709][0.19455, -0.43099, -0.88113][0.75312, 0.70148, 0][-0.191528, -0.500854, 1.3103][0.20510, -0.15244, -0.96680][0.75702, 0.66746, 0][-0.349384, -0.49654, 1.26005][0.38169, -0.14257, -0.91323][0.73157, 0.67145, 0][-0.347463, -0.712029, 1.19823][0.37026, -0.41479, -0.83118][0.72720, 0.70419, 0][-0.493837, -0.488402, 1.18464][0.53098, -0.13210, -0.83702][0.70668, 0.67698, 0][-0.491223, -0.700523, 1.12356][0.52006, -0.39202, -0.75885][0.70177, 0.70870, 0][-0.347463, -0.712029, 1.19823][0.37026, -0.41479, -0.83118][0.72720, 0.70419, 0][-0.349384, -0.49654, 1.26005][0.38169, -0.14257, -0.91323][0.73157, 0.67145, 0][-0.493837, -0.488402, 1.18464][0.53098, -0.13210, -0.83702][0.70668, 0.67698, 0][-0.491223, -0.700523, 1.12356][0.52006, -0.39202, -0.75885][0.70177, 0.70870, 0][-0.618907, -0.476253, 1.09175][0.66099, -0.11856, -0.74097][0.68272, 0.68337, 0][-0.615276, -0.684786, 1.03141][0.65043, -0.36299, -0.66722][0.67746, 0.71427, 0][-0.491223, -0.700523, 1.12356][0.52006, -0.39202, -0.75885][0.70177, 0.70870, 0][-0.493837, -0.488402, 1.18464][0.53098, -0.13210, -0.83702][0.70668, 0.67698, 0][-0.618907, -0.476253, 1.09175][0.66099, -0.11856, -0.74097][0.68272, 0.68337, 0][-0.615276, -0.684786, 1.03141][0.65043, -0.36299, -0.66722][0.67746, 0.71427, 0][-0.719601, -0.460639, 0.988346][0.78034, -0.09827, -0.61759][0.66019, 0.69013, 0][-0.714733, -0.665138, 0.929153][0.77090, -0.32380, -0.54852][0.65488, 0.72034, 0][-0.615276, -0.684786, 1.03141][0.65043, -0.36299, -0.66722][0.67746, 0.71427, 0][-0.618907, -0.476253, 1.09175][0.66099, -0.11856, -0.74097][0.68272, 0.68337, 0][-0.719601, -0.460639, 0.988346][0.78034, -0.09827, -0.61759][0.66019, 0.69013, 0][-0.714733, -0.665138, 0.929153][0.77090, -0.32380, -0.54852][0.65488, 0.72034, 0][-0.792133, -0.441871, 0.880472][0.88964, -0.06805, -0.45157][0.63948, 0.69688, 0][-0.785982, -0.642515, 0.822667][0.88191, -0.26739, -0.38825][0.63443, 0.72658, 0][-0.714733, -0.665138, 0.929153][0.77090, -0.32380, -0.54852][0.65488, 0.72034, 0][-0.719601, -0.460639, 0.988346][0.78034, -0.09827, -0.61759][0.66019, 0.69013, 0][-0.792133, -0.441871, 0.880472][0.88964, -0.06805, -0.45157][0.63948, 0.69688, 0][-0.785982, -0.642515, 0.822667][0.88191, -0.26739, -0.38825][0.63443, 0.72658, 0][-0.834142, -0.420869, 0.772699][0.97298, -0.02618, -0.22940][0.62064, 0.70342, 0][-0.826805, -0.618034, 0.716729][0.96709, -0.18628, -0.17331][0.61617, 0.73274, 0][-0.785982, -0.642515, 0.822667][0.88191, -0.26739, -0.38825][0.63443, 0.72658, 0][-0.792133, -0.441871, 0.880472][0.88964, -0.06805, -0.45157][0.63948, 0.69688, 0][-0.834142, -0.420869, 0.772699][0.97298, -0.02618, -0.22940][0.62064, 0.70342, 0][-0.826805, -0.618034, 0.716729][0.96709, -0.18628, -0.17331][0.61617, 0.73274, 0][-0.844602, -0.399704, 0.673261][0.99815, 0.02524, 0.05527][0.60410, 0.70934, 0][-0.836259, -0.593557, 0.619132][0.99266, -0.07341, 0.09608][0.60036, 0.73839, 0][-0.826805, -0.618034, 0.716729][0.96709, -0.18628, -0.17331][0.61617, 0.73274, 0][-0.834142, -0.420869, 0.772699][0.97298, -0.02618, -0.22940][0.62064, 0.70342, 0][-0.844602, -0.399704, 0.673261][0.99815, 0.02524, 0.05527][0.60410, 0.70934, 0][-0.836259, -0.593557, 0.619132][0.99266, -0.07341, 0.09608][0.60036, 0.73839, 0][-0.823941, -0.379467, 0.581611][0.92988, 0.07782, 0.35953][0.58857, 0.71482, 0][-0.814788, -0.570024, 0.529606][0.92538, 0.05496, 0.37502][0.58560, 0.74362, 0][-0.836259, -0.593557, 0.619132][0.99266, -0.07341, 0.09608][0.60036, 0.73839, 0][-0.844602, -0.399704, 0.673261][0.99815, 0.02524, 0.05527][0.60410, 0.70934, 0][-0.823941, -0.379467, 0.581611][0.92988, 0.07782, 0.35953][0.58857, 0.71482, 0][-0.814788, -0.570024, 0.529606][0.92538, 0.05496, 0.37502][0.58560, 0.74362, 0][-0.773428, -0.360227, 0.498567][0.78408, 0.12014, 0.60892][0.57274, 0.71977, 0][-0.763889, -0.547744, 0.448396][0.78373, 0.17259, 0.59663][0.57037, 0.74839, 0][-0.814788, -0.570024, 0.529606][0.92538, 0.05496, 0.37502][0.58560, 0.74362, 0][-0.823941, -0.379467, 0.581611][0.92988, 0.07782, 0.35953][0.58857, 0.71482, 0][-0.773428, -0.360227, 0.498567][0.78408, 0.12014, 0.60892][0.57274, 0.71977, 0][-0.763889, -0.547744, 0.448396][0.78373, 0.17259, 0.59663][0.57037, 0.74839, 0][-0.695451, -0.342735, 0.426054][0.61673, 0.15098, 0.77256][0.55569, 0.72411, 0][-0.685956, -0.527764, 0.37684][0.60500, 0.28957, 0.74170][0.55365, 0.75262, 0][-0.763889, -0.547744, 0.448396][0.78373, 0.17259, 0.59663][0.57037, 0.74839, 0][-0.773428, -0.360227, 0.498567][0.78408, 0.12014, 0.60892][0.57274, 0.71977, 0][-0.695451, -0.342735, 0.426054][0.61673, 0.15098, 0.77256][0.55569, 0.72411, 0][-0.685956, -0.527764, 0.37684][0.60500, 0.28957, 0.74170][0.55365, 0.75262, 0][-0.612171, -0.330017, 0.377199][0.53372, 0.16390, 0.82962][0.54040, 0.72697, 0][-0.590389, -0.510188, 0.317327][0.37763, 0.40136, 0.83445][0.53584, 0.75602, 0][-0.685956, -0.527764, 0.37684][0.60500, 0.28957, 0.74170][0.55365, 0.75262, 0][-0.695451, -0.342735, 0.426054][0.61673, 0.15098, 0.77256][0.55569, 0.72411, 0][-0.612171, -0.330017, 0.377199][0.53372, 0.16390, 0.82962][0.54040, 0.72697, 0][-0.191528, -0.500854, 1.3103][0.20510, -0.15244, -0.96680][0.75702, 0.66746, 0][-0.026381, -0.302382, 1.33531][0.00933, 0.05051, -0.99868][0.77869, 0.63834, 0][-0.187161, -0.305508, 1.31699][0.22390, 0.05610, -0.97300][0.75396, 0.64150, 0][-0.191528, -0.500854, 1.3103][0.20510, -0.15244, -0.96680][0.75702, 0.66746, 0][-0.02682, -0.501042, 1.32868][0.00175, -0.15929, -0.98723][0.78303, 0.66567, 0][-0.026381, -0.302382, 1.33531][0.00933, 0.05051, -0.99868][0.77869, 0.63834, 0][-0.189869, -0.71898, 1.24709][0.19455, -0.43099, -0.88113][0.75312, 0.70148, 0][-0.329401, -0.956324, 1.02584][0.32443, -0.68504, -0.65227][0.71011, 0.75083, 0][-0.178227, -0.969909, 1.06856][0.16717, -0.70633, -0.68786][0.73481, 0.75034, 0][-0.189869, -0.71898, 1.24709][0.19455, -0.43099, -0.88113][0.75312, 0.70148, 0][-0.347463, -0.712029, 1.19823][0.37026, -0.41479, -0.83118][0.72720, 0.70419, 0][-0.329401, -0.956324, 1.02584][0.32443, -0.68504, -0.65227][0.71011, 0.75083, 0][-0.690263, -0.230275, 0.440034][0.62407, 0.02761, 0.78088][0.55510, 0.70815, 0][-0.74156, -0.055024, 0.48349][0.81963, 0.02195, 0.57247][0.56611, 0.68156, 0][-0.668706, -0.050353, 0.408717][0.65758, -0.05726, 0.75121][0.54824, 0.68721, 0][-0.690263, -0.230275, 0.440034][0.62407, 0.02761, 0.78088][0.55510, 0.70815, 0][-0.766683, -0.23978, 0.513774][0.79890, 0.06353, 0.59810][0.57262, 0.70288, 0][-0.74156, -0.055024, 0.48349][0.81963, 0.02195, 0.57247][0.56611, 0.68156, 0][-0.792133, -0.441871, 0.880472][0.88964, -0.06805, -0.45157][0.63948, 0.69688, 0][-0.707065, -0.293425, 1.00519][0.76856, 0.09937, -0.63202][0.66174, 0.66826, 0][-0.779839, -0.283293, 0.898395][0.87633, 0.10901, -0.46921][0.64131, 0.67593, 0][-0.792133, -0.441871, 0.880472][0.88964, -0.06805, -0.45157][0.63948, 0.69688, 0][-0.719601, -0.460639, 0.988346][0.78034, -0.09827, -0.61759][0.66019, 0.69013, 0][-0.707065, -0.293425, 1.00519][0.76856, 0.09937, -0.63202][0.66174, 0.66826, 0][-0.695451, -0.342735, 0.426054][0.61673, 0.15098, 0.77256][0.55569, 0.72411, 0][-0.766683, -0.23978, 0.513774][0.79890, 0.06353, 0.59810][0.57262, 0.70288, 0][-0.690263, -0.230275, 0.440034][0.62407, 0.02761, 0.78088][0.55510, 0.70815, 0][-0.695451, -0.342735, 0.426054][0.61673, 0.15098, 0.77256][0.55569, 0.72411, 0][-0.773428, -0.360227, 0.498567][0.78408, 0.12014, 0.60892][0.57274, 0.71977, 0][-0.766683, -0.23978, 0.513774][0.79890, 0.06353, 0.59810][0.57262, 0.70288, 0][-0.618907, -0.476253, 1.09175][0.66099, -0.11856, -0.74097][0.68272, 0.68337, 0][-0.483523, -0.30544, 1.19644][0.52945, 0.08971, -0.84359][0.70641, 0.65325, 0][-0.607003, -0.301124, 1.10642][0.64919, 0.09346, -0.75486][0.68355, 0.66061, 0][-0.618907, -0.476253, 1.09175][0.66099, -0.11856, -0.74097][0.68272, 0.68337, 0][-0.493837, -0.488402, 1.18464][0.53098, -0.13210, -0.83702][0.70668, 0.67698, 0][-0.483523, -0.30544, 1.19644][0.52945, 0.08971, -0.84359][0.70641, 0.65325, 0][-0.823941, -0.379467, 0.581611][0.92988, 0.07782, 0.35953][0.58857, 0.71482, 0][-0.834614, -0.26082, 0.690448][0.99309, 0.11469, 0.02490][0.60527, 0.69048, 0][-0.815473, -0.249921, 0.598089][0.93743, 0.09693, 0.33441][0.58911, 0.69692, 0][-0.823941, -0.379467, 0.581611][0.92988, 0.07782, 0.35953][0.58857, 0.71482, 0][-0.844602, -0.399704, 0.673261][0.99815, 0.02524, 0.05527][0.60410, 0.70934, 0][-0.834614, -0.26082, 0.690448][0.99309, 0.11469, 0.02490][0.60527, 0.69048, 0][-0.349384, -0.49654, 1.26005][0.38169, -0.14257, -0.91323][0.73157, 0.67145, 0][-0.187161, -0.305508, 1.31699][0.22390, 0.05610, -0.97300][0.75396, 0.64150, 0][-0.341644, -0.306736, 1.26859][0.39506, 0.07560, -0.91554][0.72992, 0.64670, 0][-0.349384, -0.49654, 1.26005][0.38169, -0.14257, -0.91323][0.73157, 0.67145, 0][-0.191528, -0.500854, 1.3103][0.20510, -0.15244, -0.96680][0.75702, 0.66746, 0][-0.187161, -0.305508, 1.31699][0.22390, 0.05610, -0.97300][0.75396, 0.64150, 0][-0.834142, -0.420869, 0.772699][0.97298, -0.02618, -0.22940][0.62064, 0.70342, 0][-0.779839, -0.283293, 0.898395][0.87633, 0.10901, -0.46921][0.64131, 0.67593, 0][-0.822809, -0.272113, 0.790695][0.95930, 0.11818, -0.25646][0.62232, 0.68351, 0][-0.834142, -0.420869, 0.772699][0.97298, -0.02618, -0.22940][0.62064, 0.70342, 0][-0.792133, -0.441871, 0.880472][0.88964, -0.06805, -0.45157][0.63948, 0.69688, 0][-0.779839, -0.283293, 0.898395][0.87633, 0.10901, -0.46921][0.64131, 0.67593, 0][-0.612171, -0.330017, 0.377199][0.53372, 0.16390, 0.82962][0.54040, 0.72697, 0][-0.690263, -0.230275, 0.440034][0.62407, 0.02761, 0.78088][0.55510, 0.70815, 0][-0.609629, -0.223077, 0.391201][0.53166, 0.01265, 0.84686][0.53989, 0.71163, 0][-0.612171, -0.330017, 0.377199][0.53372, 0.16390, 0.82962][0.54040, 0.72697, 0][-0.695451, -0.342735, 0.426054][0.61673, 0.15098, 0.77256][0.55569, 0.72411, 0][-0.690263, -0.230275, 0.440034][0.62407, 0.02761, 0.78088][0.55510, 0.70815, 0][-0.719601, -0.460639, 0.988346][0.78034, -0.09827, -0.61759][0.66019, 0.69013, 0][-0.607003, -0.301124, 1.10642][0.64919, 0.09346, -0.75486][0.68355, 0.66061, 0][-0.707065, -0.293425, 1.00519][0.76856, 0.09937, -0.63202][0.66174, 0.66826, 0][-0.719601, -0.460639, 0.988346][0.78034, -0.09827, -0.61759][0.66019, 0.69013, 0][-0.618907, -0.476253, 1.09175][0.66099, -0.11856, -0.74097][0.68272, 0.68337, 0][-0.607003, -0.301124, 1.10642][0.64919, 0.09346, -0.75486][0.68355, 0.66061, 0][-0.773428, -0.360227, 0.498567][0.78408, 0.12014, 0.60892][0.57274, 0.71977, 0][-0.815473, -0.249921, 0.598089][0.93743, 0.09693, 0.33441][0.58911, 0.69692, 0][-0.766683, -0.23978, 0.513774][0.79890, 0.06353, 0.59810][0.57262, 0.70288, 0][-0.773428, -0.360227, 0.498567][0.78408, 0.12014, 0.60892][0.57274, 0.71977, 0][-0.823941, -0.379467, 0.581611][0.92988, 0.07782, 0.35953][0.58857, 0.71482, 0][-0.815473, -0.249921, 0.598089][0.93743, 0.09693, 0.33441][0.58911, 0.69692, 0][-0.493837, -0.488402, 1.18464][0.53098, -0.13210, -0.83702][0.70668, 0.67698, 0][-0.341644, -0.306736, 1.26859][0.39506, 0.07560, -0.91554][0.72992, 0.64670, 0][-0.483523, -0.30544, 1.19644][0.52945, 0.08971, -0.84359][0.70641, 0.65325, 0][-0.493837, -0.488402, 1.18464][0.53098, -0.13210, -0.83702][0.70668, 0.67698, 0][-0.349384, -0.49654, 1.26005][0.38169, -0.14257, -0.91323][0.73157, 0.67145, 0][-0.341644, -0.306736, 1.26859][0.39506, 0.07560, -0.91554][0.72992, 0.64670, 0][-0.844602, -0.399704, 0.673261][0.99815, 0.02524, 0.05527][0.60410, 0.70934, 0][-0.822809, -0.272113, 0.790695][0.95930, 0.11818, -0.25646][0.62232, 0.68351, 0][-0.834614, -0.26082, 0.690448][0.99309, 0.11469, 0.02490][0.60527, 0.69048, 0][-0.844602, -0.399704, 0.673261][0.99815, 0.02524, 0.05527][0.60410, 0.70934, 0][-0.834142, -0.420869, 0.772699][0.97298, -0.02618, -0.22940][0.62064, 0.70342, 0][-0.822809, -0.272113, 0.790695][0.95930, 0.11818, -0.25646][0.62232, 0.68351, 0][-0.607003, -0.301124, 1.10642][0.64919, 0.09346, -0.75486][0.68355, 0.66061, 0][-0.45962, -0.057026, 1.15199][0.54710, 0.21202, -0.80977][0.69898, 0.62579, 0][-0.578632, -0.061494, 1.06541][0.64738, 0.22424, -0.72843][0.67741, 0.63424, 0][-0.607003, -0.301124, 1.10642][0.64919, 0.09346, -0.75486][0.68355, 0.66061, 0][-0.483523, -0.30544, 1.19644][0.52945, 0.08971, -0.84359][0.70641, 0.65325, 0][-0.45962, -0.057026, 1.15199][0.54710, 0.21202, -0.80977][0.69898, 0.62579, 0][-0.609629, -0.223077, 0.391201][0.53166, 0.01265, 0.84686][0.53989, 0.71163, 0][-0.668706, -0.050353, 0.408717][0.65758, -0.05726, 0.75121][0.54824, 0.68721, 0][-0.59098, -0.046181, 0.358716][0.57357, -0.08474, 0.81476][0.53302, 0.69097, 0][-0.609629, -0.223077, 0.391201][0.53166, 0.01265, 0.84686][0.53989, 0.71163, 0][-0.690263, -0.230275, 0.440034][0.62407, 0.02761, 0.78088][0.55510, 0.70815, 0][-0.668706, -0.050353, 0.408717][0.65758, -0.05726, 0.75121][0.54824, 0.68721, 0][-0.707065, -0.293425, 1.00519][0.76856, 0.09937, -0.63202][0.66174, 0.66826, 0][-0.578632, -0.061494, 1.06541][0.64738, 0.22424, -0.72843][0.67741, 0.63424, 0][-0.675812, -0.063186, 0.969027][0.75599, 0.23020, -0.61277][0.65661, 0.64278, 0][-0.707065, -0.293425, 1.00519][0.76856, 0.09937, -0.63202][0.66174, 0.66826, 0][-0.607003, -0.301124, 1.10642][0.64919, 0.09346, -0.75486][0.68355, 0.66061, 0][-0.578632, -0.061494, 1.06541][0.64738, 0.22424, -0.72843][0.67741, 0.63424, 0][-0.779839, -0.283293, 0.898395][0.87633, 0.10901, -0.46921][0.64131, 0.67593, 0][-0.675812, -0.063186, 0.969027][0.75599, 0.23020, -0.61277][0.65661, 0.64278, 0][-0.747301, -0.073869, 0.86575][0.85836, 0.22685, -0.46016][0.63666, 0.65271, 0][-0.779839, -0.283293, 0.898395][0.87633, 0.10901, -0.46921][0.64131, 0.67593, 0][-0.707065, -0.293425, 1.00519][0.76856, 0.09937, -0.63202][0.66174, 0.66826, 0][-0.675812, -0.063186, 0.969027][0.75599, 0.23020, -0.61277][0.65661, 0.64278, 0][-0.822809, -0.272113, 0.790695][0.95930, 0.11818, -0.25646][0.62232, 0.68351, 0][-0.747301, -0.073869, 0.86575][0.85836, 0.22685, -0.46016][0.63666, 0.65271, 0][-0.79048, -0.069756, 0.76049][0.94162, 0.21199, -0.26156][0.61758, 0.66084, 0][-0.822809, -0.272113, 0.790695][0.95930, 0.11818, -0.25646][0.62232, 0.68351, 0][-0.779839, -0.283293, 0.898395][0.87633, 0.10901, -0.46921][0.64131, 0.67593, 0][-0.747301, -0.073869, 0.86575][0.85836, 0.22685, -0.46016][0.63666, 0.65271, 0][-0.834614, -0.26082, 0.690448][0.99309, 0.11469, 0.02490][0.60527, 0.69048, 0][-0.79048, -0.069756, 0.76049][0.94162, 0.21199, -0.26156][0.61758, 0.66084, 0][-0.803829, -0.064287, 0.660501][0.98475, 0.17378, 0.00846][0.59991, 0.66829, 0][-0.834614, -0.26082, 0.690448][0.99309, 0.11469, 0.02490][0.60527, 0.69048, 0][-0.822809, -0.272113, 0.790695][0.95930, 0.11818, -0.25646][0.62232, 0.68351, 0][-0.79048, -0.069756, 0.76049][0.94162, 0.21199, -0.26156][0.61758, 0.66084, 0][-0.187161, -0.305508, 1.31699][0.22390, 0.05610, -0.97300][0.75396, 0.64150, 0][-0.023066, -0.048603, 1.30141][0.01063, 0.16799, -0.98573][0.76675, 0.60767, 0][-0.176122, -0.052663, 1.28063][0.24977, 0.16841, -0.95355][0.74399, 0.61186, 0][-0.187161, -0.305508, 1.31699][0.22390, 0.05610, -0.97300][0.75396, 0.64150, 0][-0.026381, -0.302382, 1.33531][0.00933, 0.05051, -0.99868][0.77869, 0.63834, 0][-0.023066, -0.048603, 1.30141][0.01063, 0.16799, -0.98573][0.76675, 0.60767, 0][-0.815473, -0.249921, 0.598089][0.93743, 0.09693, 0.33441][0.58911, 0.69692, 0][-0.803829, -0.064287, 0.660501][0.98475, 0.17378, 0.00846][0.59991, 0.66829, 0][-0.787223, -0.059419, 0.568322][0.94420, 0.11075, 0.31018][0.58314, 0.67516, 0][-0.815473, -0.249921, 0.598089][0.93743, 0.09693, 0.33441][0.58911, 0.69692, 0][-0.834614, -0.26082, 0.690448][0.99309, 0.11469, 0.02490][0.60527, 0.69048, 0][-0.803829, -0.064287, 0.660501][0.98475, 0.17378, 0.00846][0.59991, 0.66829, 0][-0.341644, -0.306736, 1.26859][0.39506, 0.07560, -0.91554][0.72992, 0.64670, 0][-0.176122, -0.052663, 1.28063][0.24977, 0.16841, -0.95355][0.74399, 0.61186, 0][-0.323608, -0.057085, 1.22739][0.42502, 0.19035, -0.88495][0.72154, 0.61840, 0][-0.341644, -0.306736, 1.26859][0.39506, 0.07560, -0.91554][0.72992, 0.64670, 0][-0.187161, -0.305508, 1.31699][0.22390, 0.05610, -0.97300][0.75396, 0.64150, 0][-0.176122, -0.052663, 1.28063][0.24977, 0.16841, -0.95355][0.74399, 0.61186, 0][-0.766683, -0.23978, 0.513774][0.79890, 0.06353, 0.59810][0.57262, 0.70288, 0][-0.787223, -0.059419, 0.568322][0.94420, 0.11075, 0.31018][0.58314, 0.67516, 0][-0.74156, -0.055024, 0.48349][0.81963, 0.02195, 0.57247][0.56611, 0.68156, 0][-0.766683, -0.23978, 0.513774][0.79890, 0.06353, 0.59810][0.57262, 0.70288, 0][-0.815473, -0.249921, 0.598089][0.93743, 0.09693, 0.33441][0.58911, 0.69692, 0][-0.787223, -0.059419, 0.568322][0.94420, 0.11075, 0.31018][0.58314, 0.67516, 0][-0.483523, -0.30544, 1.19644][0.52945, 0.08971, -0.84359][0.70641, 0.65325, 0][-0.323608, -0.057085, 1.22739][0.42502, 0.19035, -0.88495][0.72154, 0.61840, 0][-0.45962, -0.057026, 1.15199][0.54710, 0.21202, -0.80977][0.69898, 0.62579, 0][-0.483523, -0.30544, 1.19644][0.52945, 0.08971, -0.84359][0.70641, 0.65325, 0][-0.341644, -0.306736, 1.26859][0.39506, 0.07560, -0.91554][0.72992, 0.64670, 0][-0.323608, -0.057085, 1.22739][0.42502, 0.19035, -0.88495][0.72154, 0.61840, 0][-0.160712, 0.219851, 1.22731][0.25427, 0.26445, -0.93028][0.72853, 0.58164, 0][-0.012381, 0.547674, 1.1319][-0.00773, 0.46499, -0.88528][0.71845, 0.54554, 0][-0.14876, 0.540195, 1.11393][0.25003, 0.45433, -0.85502][0.70169, 0.55169, 0][-0.160712, 0.219851, 1.22731][0.25427, 0.26445, -0.93028][0.72853, 0.58164, 0][-0.017924, 0.222885, 1.24917][0.00500, 0.26972, -0.96293][0.74870, 0.57686, 0][-0.012381, 0.547674, 1.1319][-0.00773, 0.46499, -0.88528][0.71845, 0.54554, 0][-0.747301, -0.073869, 0.86575][0.85836, 0.22685, -0.46016][0.63666, 0.65271, 0][-0.631936, 0.177179, 0.917904][0.75756, 0.28660, -0.58648][0.64959, 0.61709, 0][-0.701188, 0.164289, 0.819724][0.85689, 0.27544, -0.43573][0.63077, 0.62686, 0][-0.747301, -0.073869, 0.86575][0.85836, 0.22685, -0.46016][0.63666, 0.65271, 0][-0.675812, -0.063186, 0.969027][0.75599, 0.23020, -0.61277][0.65661, 0.64278, 0][-0.631936, 0.177179, 0.917904][0.75756, 0.28660, -0.58648][0.64959, 0.61709, 0][-0.79048, -0.069756, 0.76049][0.94162, 0.21199, -0.26156][0.61758, 0.66084, 0][-0.701188, 0.164289, 0.819724][0.85689, 0.27544, -0.43573][0.63077, 0.62686, 0][-0.744251, 0.162558, 0.718475][0.93707, 0.24969, -0.24404][0.61231, 0.63525, 0][-0.79048, -0.069756, 0.76049][0.94162, 0.21199, -0.26156][0.61758, 0.66084, 0][-0.747301, -0.073869, 0.86575][0.85836, 0.22685, -0.46016][0.63666, 0.65271, 0][-0.701188, 0.164289, 0.819724][0.85689, 0.27544, -0.43573][0.63077, 0.62686, 0][-0.803829, -0.064287, 0.660501][0.98475, 0.17378, 0.00846][0.59991, 0.66829, 0][-0.744251, 0.162558, 0.718475][0.93707, 0.24969, -0.24404][0.61231, 0.63525, 0][-0.759302, 0.161666, 0.618869][0.97886, 0.20452, 0.00124][0.59435, 0.64323, 0][-0.803829, -0.064287, 0.660501][0.98475, 0.17378, 0.00846][0.59991, 0.66829, 0][-0.79048, -0.069756, 0.76049][0.94162, 0.21199, -0.26156][0.61758, 0.66084, 0][-0.744251, 0.162558, 0.718475][0.93707, 0.24969, -0.24404][0.61231, 0.63525, 0][-0.176122, -0.052663, 1.28063][0.24977, 0.16841, -0.95355][0.74399, 0.61186, 0][-0.017924, 0.222885, 1.24917][0.00500, 0.26972, -0.96293][0.74870, 0.57686, 0][-0.160712, 0.219851, 1.22731][0.25427, 0.26445, -0.93028][0.72853, 0.58164, 0][-0.176122, -0.052663, 1.28063][0.24977, 0.16841, -0.95355][0.74399, 0.61186, 0][-0.023066, -0.048603, 1.30141][0.01063, 0.16799, -0.98573][0.76675, 0.60767, 0][-0.017924, 0.222885, 1.24917][0.00500, 0.26972, -0.96293][0.74870, 0.57686, 0][-0.787223, -0.059419, 0.568322][0.94420, 0.11075, 0.31018][0.58314, 0.67516, 0][-0.759302, 0.161666, 0.618869][0.97886, 0.20452, 0.00124][0.59435, 0.64323, 0][-0.745589, 0.160803, 0.527394][0.95309, 0.12749, 0.27452][0.57724, 0.65048, 0][-0.787223, -0.059419, 0.568322][0.94420, 0.11075, 0.31018][0.58314, 0.67516, 0][-0.803829, -0.064287, 0.660501][0.98475, 0.17378, 0.00846][0.59991, 0.66829, 0][-0.759302, 0.161666, 0.618869][0.97886, 0.20452, 0.00124][0.59435, 0.64323, 0][-0.323608, -0.057085, 1.22739][0.42502, 0.19035, -0.88495][0.72154, 0.61840, 0][-0.160712, 0.219851, 1.22731][0.25427, 0.26445, -0.93028][0.72853, 0.58164, 0][-0.298715, 0.21567, 1.17306][0.44435, 0.26158, -0.85681][0.70858, 0.58859, 0][-0.323608, -0.057085, 1.22739][0.42502, 0.19035, -0.88495][0.72154, 0.61840, 0][-0.176122, -0.052663, 1.28063][0.24977, 0.16841, -0.95355][0.74399, 0.61186, 0][-0.160712, 0.219851, 1.22731][0.25427, 0.26445, -0.93028][0.72853, 0.58164, 0][-0.74156, -0.055024, 0.48349][0.81963, 0.02195, 0.57247][0.56611, 0.68156, 0][-0.745589, 0.160803, 0.527394][0.95309, 0.12749, 0.27452][0.57724, 0.65048, 0][-0.703907, 0.160151, 0.441814][0.85410, 0.02166, 0.51966][0.55968, 0.65722, 0][-0.74156, -0.055024, 0.48349][0.81963, 0.02195, 0.57247][0.56611, 0.68156, 0][-0.787223, -0.059419, 0.568322][0.94420, 0.11075, 0.31018][0.58314, 0.67516, 0][-0.745589, 0.160803, 0.527394][0.95309, 0.12749, 0.27452][0.57724, 0.65048, 0][-0.45962, -0.057026, 1.15199][0.54710, 0.21202, -0.80977][0.69898, 0.62579, 0][-0.298715, 0.21567, 1.17306][0.44435, 0.26158, -0.85681][0.70858, 0.58859, 0][-0.426551, 0.202567, 1.09711][0.57457, 0.26734, -0.77356][0.68861, 0.59784, 0][-0.45962, -0.057026, 1.15199][0.54710, 0.21202, -0.80977][0.69898, 0.62579, 0][-0.323608, -0.057085, 1.22739][0.42502, 0.19035, -0.88495][0.72154, 0.61840, 0][-0.298715, 0.21567, 1.17306][0.44435, 0.26158, -0.85681][0.70858, 0.58859, 0][-0.668706, -0.050353, 0.408717][0.65758, -0.05726, 0.75121][0.54824, 0.68721, 0][-0.703907, 0.160151, 0.441814][0.85410, 0.02166, 0.51966][0.55968, 0.65722, 0][-0.636068, 0.160087, 0.364324][0.71564, -0.08918, 0.69276][0.54126, 0.66331, 0][-0.668706, -0.050353, 0.408717][0.65758, -0.05726, 0.75121][0.54824, 0.68721, 0][-0.74156, -0.055024, 0.48349][0.81963, 0.02195, 0.57247][0.56611, 0.68156, 0][-0.703907, 0.160151, 0.441814][0.85410, 0.02166, 0.51966][0.55968, 0.65722, 0][-0.578632, -0.061494, 1.06541][0.64738, 0.22424, -0.72843][0.67741, 0.63424, 0][-0.426551, 0.202567, 1.09711][0.57457, 0.26734, -0.77356][0.68861, 0.59784, 0][-0.539135, 0.190684, 1.00963][0.66283, 0.28005, -0.69442][0.66868, 0.60741, 0][-0.578632, -0.061494, 1.06541][0.64738, 0.22424, -0.72843][0.67741, 0.63424, 0][-0.45962, -0.057026, 1.15199][0.54710, 0.21202, -0.80977][0.69898, 0.62579, 0][-0.426551, 0.202567, 1.09711][0.57457, 0.26734, -0.77356][0.68861, 0.59784, 0][-0.59098, -0.046181, 0.358716][0.57357, -0.08474, 0.81476][0.53302, 0.69097, 0][-0.544626, 0.16045, 0.293402][0.57861, -0.19385, 0.79223][0.52125, 0.66896, 0][-0.553052, 0.096302, 0.309897][0.57429, -0.10774, 0.81153][0.52342, 0.67612, 0][-0.59098, -0.046181, 0.358716][0.57357, -0.08474, 0.81476][0.53302, 0.69097, 0][-0.636068, 0.160087, 0.364324][0.71564, -0.08918, 0.69276][0.54126, 0.66331, 0][-0.544626, 0.16045, 0.293402][0.57861, -0.19385, 0.79223][0.52125, 0.66896, 0][-0.59098, -0.046181, 0.358716][0.57357, -0.08474, 0.81476][0.53302, 0.69097, 0][-0.668706, -0.050353, 0.408717][0.65758, -0.05726, 0.75121][0.54824, 0.68721, 0][-0.636068, 0.160087, 0.364324][0.71564, -0.08918, 0.69276][0.54126, 0.66331, 0][-0.675812, -0.063186, 0.969027][0.75599, 0.23020, -0.61277][0.65661, 0.64278, 0][-0.539135, 0.190684, 1.00963][0.66283, 0.28005, -0.69442][0.66868, 0.60741, 0][-0.631936, 0.177179, 0.917904][0.75756, 0.28660, -0.58648][0.64959, 0.61709, 0][-0.675812, -0.063186, 0.969027][0.75599, 0.23020, -0.61277][0.65661, 0.64278, 0][-0.578632, -0.061494, 1.06541][0.64738, 0.22424, -0.72843][0.67741, 0.63424, 0][-0.539135, 0.190684, 1.00963][0.66283, 0.28005, -0.69442][0.66868, 0.60741, 0][-0.575689, 0.479359, 0.826435][0.75223, 0.43932, -0.49106][0.63565, 0.58743, 0][-0.409817, 0.740947, 0.758952][0.67350, 0.55222, -0.49138][0.63008, 0.55901, 0][-0.481855, 0.718167, 0.675832][0.74263, 0.54590, -0.38794][0.61368, 0.56884, 0][-0.575689, 0.479359, 0.826435][0.75223, 0.43932, -0.49106][0.63565, 0.58743, 0][-0.490371, 0.493228, 0.914698][0.67547, 0.43166, -0.59784][0.65270, 0.57806, 0][-0.409817, 0.740947, 0.758952][0.67350, 0.55222, -0.49138][0.63008, 0.55901, 0][-0.745589, 0.160803, 0.527394][0.95309, 0.12749, 0.27452][0.57724, 0.65048, 0][-0.695382, 0.447237, 0.526714][0.94766, 0.31905, 0.01179][0.58184, 0.61501, 0][-0.684196, 0.440677, 0.431114][0.94508, 0.21515, 0.24606][0.56402, 0.62294, 0][-0.745589, 0.160803, 0.527394][0.95309, 0.12749, 0.27452][0.57724, 0.65048, 0][-0.759302, 0.161666, 0.618869][0.97886, 0.20452, 0.00124][0.59435, 0.64323, 0][-0.695382, 0.447237, 0.526714][0.94766, 0.31905, 0.01179][0.58184, 0.61501, 0][-0.298715, 0.21567, 1.17306][0.44435, 0.26158, -0.85681][0.70858, 0.58859, 0][-0.14876, 0.540195, 1.11393][0.25003, 0.45433, -0.85502][0.70169, 0.55169, 0][-0.27278, 0.534294, 1.06659][0.45511, 0.43531, -0.77677][0.68585, 0.55854, 0][-0.298715, 0.21567, 1.17306][0.44435, 0.26158, -0.85681][0.70858, 0.58859, 0][-0.160712, 0.219851, 1.22731][0.25427, 0.26445, -0.93028][0.72853, 0.58164, 0][-0.14876, 0.540195, 1.11393][0.25003, 0.45433, -0.85502][0.70169, 0.55169, 0][-0.703907, 0.160151, 0.441814][0.85410, 0.02166, 0.51966][0.55968, 0.65722, 0][-0.684196, 0.440677, 0.431114][0.94508, 0.21515, 0.24606][0.56402, 0.62294, 0][-0.647366, 0.432715, 0.33883][0.87904, 0.08245, 0.46957][0.54541, 0.63070, 0][-0.703907, 0.160151, 0.441814][0.85410, 0.02166, 0.51966][0.55968, 0.65722, 0][-0.745589, 0.160803, 0.527394][0.95309, 0.12749, 0.27452][0.57724, 0.65048, 0][-0.684196, 0.440677, 0.431114][0.94508, 0.21515, 0.24606][0.56402, 0.62294, 0][-0.426551, 0.202567, 1.09711][0.57457, 0.26734, -0.77356][0.68861, 0.59784, 0][-0.27278, 0.534294, 1.06659][0.45511, 0.43531, -0.77677][0.68585, 0.55854, 0][-0.388109, 0.512077, 0.99655][0.59049, 0.42485, -0.68617][0.66964, 0.56823, 0][-0.426551, 0.202567, 1.09711][0.57457, 0.26734, -0.77356][0.68861, 0.59784, 0][-0.298715, 0.21567, 1.17306][0.44435, 0.26158, -0.85681][0.70858, 0.58859, 0][-0.27278, 0.534294, 1.06659][0.45511, 0.43531, -0.77677][0.68585, 0.55854, 0][-0.636068, 0.160087, 0.364324][0.71564, -0.08918, 0.69276][0.54126, 0.66331, 0][-0.647366, 0.432715, 0.33883][0.87904, 0.08245, 0.46957][0.54541, 0.63070, 0][-0.586567, 0.427891, 0.255414][0.75731, -0.06339, 0.64997][0.52657, 0.63738, 0][-0.636068, 0.160087, 0.364324][0.71564, -0.08918, 0.69276][0.54126, 0.66331, 0][-0.703907, 0.160151, 0.441814][0.85410, 0.02166, 0.51966][0.55968, 0.65722, 0][-0.647366, 0.432715, 0.33883][0.87904, 0.08245, 0.46957][0.54541, 0.63070, 0][-0.539135, 0.190684, 1.00963][0.66283, 0.28005, -0.69442][0.66868, 0.60741, 0][-0.388109, 0.512077, 0.99655][0.59049, 0.42485, -0.68617][0.66964, 0.56823, 0][-0.490371, 0.493228, 0.914698][0.67547, 0.43166, -0.59784][0.65270, 0.57806, 0][-0.539135, 0.190684, 1.00963][0.66283, 0.28005, -0.69442][0.66868, 0.60741, 0][-0.426551, 0.202567, 1.09711][0.57457, 0.26734, -0.77356][0.68861, 0.59784, 0][-0.388109, 0.512077, 0.99655][0.59049, 0.42485, -0.68617][0.66964, 0.56823, 0][-0.544626, 0.16045, 0.293402][0.57861, -0.19385, 0.79223][0.52125, 0.66896, 0][-0.586567, 0.427891, 0.255414][0.75731, -0.06339, 0.64997][0.52657, 0.63738, 0][-0.503949, 0.424113, 0.179434][0.61596, -0.17026, 0.76916][0.50679, 0.64341, 0][-0.544626, 0.16045, 0.293402][0.57861, -0.19385, 0.79223][0.52125, 0.66896, 0][-0.636068, 0.160087, 0.364324][0.71564, -0.08918, 0.69276][0.54126, 0.66331, 0][-0.586567, 0.427891, 0.255414][0.75731, -0.06339, 0.64997][0.52657, 0.63738, 0][-0.631936, 0.177179, 0.917904][0.75756, 0.28660, -0.58648][0.64959, 0.61709, 0][-0.490371, 0.493228, 0.914698][0.67547, 0.43166, -0.59784][0.65270, 0.57806, 0][-0.575689, 0.479359, 0.826435][0.75223, 0.43932, -0.49106][0.63565, 0.58743, 0][-0.631936, 0.177179, 0.917904][0.75756, 0.28660, -0.58648][0.64959, 0.61709, 0][-0.539135, 0.190684, 1.00963][0.66283, 0.28005, -0.69442][0.66868, 0.60741, 0][-0.490371, 0.493228, 0.914698][0.67547, 0.43166, -0.59784][0.65270, 0.57806, 0][0.444668, 0.162207, 0.25784][-0.51754, -0.25489, 0.81682][0.54851, 0.54758, 0][0.45648, 0.420255, 0.170875][-0.55947, -0.25737, 0.78788][0.55913, 0.63297, 0][0.492761, 0.161087, 0.288602][-0.57394, -0.21506, 0.79015][0.53079, 0.54720, 0][-0.701188, 0.164289, 0.819724][0.85689, 0.27544, -0.43573][0.63077, 0.62686, 0][-0.575689, 0.479359, 0.826435][0.75223, 0.43932, -0.49106][0.63565, 0.58743, 0][-0.64004, 0.465947, 0.73084][0.83331, 0.42067, -0.35864][0.61822, 0.59691, 0][-0.701188, 0.164289, 0.819724][0.85689, 0.27544, -0.43573][0.63077, 0.62686, 0][-0.631936, 0.177179, 0.917904][0.75756, 0.28660, -0.58648][0.64959, 0.61709, 0][-0.575689, 0.479359, 0.826435][0.75223, 0.43932, -0.49106][0.63565, 0.58743, 0][-0.744251, 0.162558, 0.718475][0.93707, 0.24969, -0.24404][0.61231, 0.63525, 0][-0.64004, 0.465947, 0.73084][0.83331, 0.42067, -0.35864][0.61822, 0.59691, 0][-0.680481, 0.453089, 0.629249][0.90307, 0.38289, -0.19458][0.60014, 0.60646, 0][-0.744251, 0.162558, 0.718475][0.93707, 0.24969, -0.24404][0.61231, 0.63525, 0][-0.701188, 0.164289, 0.819724][0.85689, 0.27544, -0.43573][0.63077, 0.62686, 0][-0.64004, 0.465947, 0.73084][0.83331, 0.42067, -0.35864][0.61822, 0.59691, 0][-0.759302, 0.161666, 0.618869][0.97886, 0.20452, 0.00124][0.59435, 0.64323, 0][-0.680481, 0.453089, 0.629249][0.90307, 0.38289, -0.19458][0.60014, 0.60646, 0][-0.695382, 0.447237, 0.526714][0.94766, 0.31905, 0.01179][0.58184, 0.61501, 0][-0.759302, 0.161666, 0.618869][0.97886, 0.20452, 0.00124][0.59435, 0.64323, 0][-0.744251, 0.162558, 0.718475][0.93707, 0.24969, -0.24404][0.61231, 0.63525, 0][-0.680481, 0.453089, 0.629249][0.90307, 0.38289, -0.19458][0.60014, 0.60646, 0][-0.581775, 0.658862, 0.317265][0.91911, 0.30272, 0.25218][0.54540, 0.60402, 0][-0.496851, 0.866148, 0.290688][0.91066, 0.40768, 0.06705][0.54444, 0.57961, 0][-0.493256, 0.842933, 0.219524][0.90682, 0.32779, 0.26500][0.52970, 0.58781, 0][-0.581775, 0.658862, 0.317265][0.91911, 0.30272, 0.25218][0.54540, 0.60402, 0][-0.588378, 0.671511, 0.402719][0.91106, 0.40991, 0.04408][0.56206, 0.59610, 0][-0.496851, 0.866148, 0.290688][0.91066, 0.40768, 0.06705][0.54444, 0.57961, 0][-0.403109, 0.422186, 0.111037][0.49621, -0.24319, 0.83345][0.48598, 0.64871, 0][-0.437602, 0.633162, 0.096883][0.62409, -0.08050, 0.77719][0.49458, 0.62295, 0][-0.35465, 0.62836, 0.042794][0.47403, -0.15029, 0.86759][0.47739, 0.62733, 0][-0.403109, 0.422186, 0.111037][0.49621, -0.24319, 0.83345][0.48598, 0.64871, 0][-0.503949, 0.424113, 0.179434][0.61596, -0.17026, 0.76916][0.50679, 0.64341, 0][-0.437602, 0.633162, 0.096883][0.62409, -0.08050, 0.77719][0.49458, 0.62295, 0][-0.64004, 0.465947, 0.73084][0.83331, 0.42067, -0.35864][0.61822, 0.59691, 0][-0.481855, 0.718167, 0.675832][0.74263, 0.54590, -0.38794][0.61368, 0.56884, 0][-0.537109, 0.699372, 0.586589][0.80537, 0.52453, -0.27613][0.59662, 0.57841, 0][-0.64004, 0.465947, 0.73084][0.83331, 0.42067, -0.35864][0.61822, 0.59691, 0][-0.575689, 0.479359, 0.826435][0.75223, 0.43932, -0.49106][0.63565, 0.58743, 0][-0.481855, 0.718167, 0.675832][0.74263, 0.54590, -0.38794][0.61368, 0.56884, 0][-0.288366, 0.42061, 0.05316][0.34986, -0.25167, 0.90237][0.46468, 0.65327, 0][-0.35465, 0.62836, 0.042794][0.47403, -0.15029, 0.86759][0.47739, 0.62733, 0][-0.259006, 0.625776, 1.2e-005][0.32489, -0.18325, 0.92783][0.45990, 0.63065, 0][-0.288366, 0.42061, 0.05316][0.34986, -0.25167, 0.90237][0.46468, 0.65327, 0][-0.403109, 0.422186, 0.111037][0.49621, -0.24319, 0.83345][0.48598, 0.64871, 0][-0.35465, 0.62836, 0.042794][0.47403, -0.15029, 0.86759][0.47739, 0.62733, 0][-0.680481, 0.453089, 0.629249][0.90307, 0.38289, -0.19458][0.60014, 0.60646, 0][-0.537109, 0.699372, 0.586589][0.80537, 0.52453, -0.27613][0.59662, 0.57841, 0][-0.573173, 0.684451, 0.494968][0.86551, 0.48186, -0.13676][0.57943, 0.58746, 0][-0.680481, 0.453089, 0.629249][0.90307, 0.38289, -0.19458][0.60014, 0.60646, 0][-0.64004, 0.465947, 0.73084][0.83331, 0.42067, -0.35864][0.61822, 0.59691, 0][-0.537109, 0.699372, 0.586589][0.80537, 0.52453, -0.27613][0.59662, 0.57841, 0][-0.163605, 0.420856, 0.01231][0.18859, -0.26001, 0.94701][0.44359, 0.65641, 0][-0.259006, 0.625776, 1.2e-005][0.32489, -0.18325, 0.92783][0.45990, 0.63065, 0][-0.154194, 0.624565, -0.028607][0.16769, -0.19752, 0.96585][0.44228, 0.63280, 0][-0.163605, 0.420856, 0.01231][0.18859, -0.26001, 0.94701][0.44359, 0.65641, 0][-0.288366, 0.42061, 0.05316][0.34986, -0.25167, 0.90237][0.46468, 0.65327, 0][-0.259006, 0.625776, 1.2e-005][0.32489, -0.18325, 0.92783][0.45990, 0.63065, 0][-0.695382, 0.447237, 0.526714][0.94766, 0.31905, 0.01179][0.58184, 0.61501, 0][-0.573173, 0.684451, 0.494968][0.86551, 0.48186, -0.13676][0.57943, 0.58746, 0][-0.588378, 0.671511, 0.402719][0.91106, 0.40991, 0.04408][0.56206, 0.59610, 0][-0.695382, 0.447237, 0.526714][0.94766, 0.31905, 0.01179][0.58184, 0.61501, 0][-0.680481, 0.453089, 0.629249][0.90307, 0.38289, -0.19458][0.60014, 0.60646, 0][-0.573173, 0.684451, 0.494968][0.86551, 0.48186, -0.13676][0.57943, 0.58746, 0][-0.14876, 0.540195, 1.11393][0.25003, 0.45433, -0.85502][0.70169, 0.55169, 0][0.00472, 0.82157, 0.938185][-0.02399, 0.64720, -0.76194][0.68242, 0.52571, 0][-0.125548, 0.812887, 0.925379][0.22927, 0.63449, -0.73814][0.66969, 0.53280, 0][-0.14876, 0.540195, 1.11393][0.25003, 0.45433, -0.85502][0.70169, 0.55169, 0][-0.012381, 0.547674, 1.1319][-0.00773, 0.46499, -0.88528][0.71845, 0.54554, 0][0.00472, 0.82157, 0.938185][-0.02399, 0.64720, -0.76194][0.68242, 0.52571, 0][-0.025299, 0.420971, -0.003441][0.00333, -0.25700, 0.96640][0.42156, 0.65784, 0][-0.154194, 0.624565, -0.028607][0.16769, -0.19752, 0.96585][0.44228, 0.63280, 0][-0.019116, 0.624552, -0.040866][0.00842, -0.20365, 0.97901][0.42059, 0.63355, 0][-0.025299, 0.420971, -0.003441][0.00333, -0.25700, 0.96640][0.42156, 0.65784, 0][-0.163605, 0.420856, 0.01231][0.18859, -0.26001, 0.94701][0.44359, 0.65641, 0][-0.154194, 0.624565, -0.028607][0.16769, -0.19752, 0.96585][0.44228, 0.63280, 0][-0.684196, 0.440677, 0.431114][0.94508, 0.21515, 0.24606][0.56402, 0.62294, 0][-0.588378, 0.671511, 0.402719][0.91106, 0.40991, 0.04408][0.56206, 0.59610, 0][-0.581775, 0.658862, 0.317265][0.91911, 0.30272, 0.25218][0.54540, 0.60402, 0][-0.684196, 0.440677, 0.431114][0.94508, 0.21515, 0.24606][0.56402, 0.62294, 0][-0.695382, 0.447237, 0.526714][0.94766, 0.31905, 0.01179][0.58184, 0.61501, 0][-0.588378, 0.671511, 0.402719][0.91106, 0.40991, 0.04408][0.56206, 0.59610, 0][-0.27278, 0.534294, 1.06659][0.45511, 0.43531, -0.77677][0.68585, 0.55854, 0][-0.125548, 0.812887, 0.925379][0.22927, 0.63449, -0.73814][0.66969, 0.53280, 0][-0.228109, 0.793836, 0.888086][0.43496, 0.60209, -0.66955][0.65844, 0.54026, 0][-0.27278, 0.534294, 1.06659][0.45511, 0.43531, -0.77677][0.68585, 0.55854, 0][-0.14876, 0.540195, 1.11393][0.25003, 0.45433, -0.85502][0.70169, 0.55169, 0][-0.125548, 0.812887, 0.925379][0.22927, 0.63449, -0.73814][0.66969, 0.53280, 0][-0.647366, 0.432715, 0.33883][0.87904, 0.08245, 0.46957][0.54541, 0.63070, 0][-0.581775, 0.658862, 0.317265][0.91911, 0.30272, 0.25218][0.54540, 0.60402, 0][-0.553608, 0.647963, 0.235547][0.87129, 0.17071, 0.46011][0.52847, 0.61130, 0][-0.647366, 0.432715, 0.33883][0.87904, 0.08245, 0.46957][0.54541, 0.63070, 0][-0.684196, 0.440677, 0.431114][0.94508, 0.21515, 0.24606][0.56402, 0.62294, 0][-0.581775, 0.658862, 0.317265][0.91911, 0.30272, 0.25218][0.54540, 0.60402, 0][-0.388109, 0.512077, 0.99655][0.59049, 0.42485, -0.68617][0.66964, 0.56823, 0][-0.228109, 0.793836, 0.888086][0.43496, 0.60209, -0.66955][0.65844, 0.54026, 0][-0.324094, 0.76697, 0.83162][0.57655, 0.57005, -0.58535][0.64524, 0.54930, 0][-0.388109, 0.512077, 0.99655][0.59049, 0.42485, -0.68617][0.66964, 0.56823, 0][-0.27278, 0.534294, 1.06659][0.45511, 0.43531, -0.77677][0.68585, 0.55854, 0][-0.228109, 0.793836, 0.888086][0.43496, 0.60209, -0.66955][0.65844, 0.54026, 0][-0.586567, 0.427891, 0.255414][0.75731, -0.06339, 0.64997][0.52657, 0.63738, 0][-0.553608, 0.647963, 0.235547][0.87129, 0.17071, 0.46011][0.52847, 0.61130, 0][-0.504884, 0.639341, 0.160706][0.76588, 0.03299, 0.64214][0.51143, 0.61770, 0][-0.586567, 0.427891, 0.255414][0.75731, -0.06339, 0.64997][0.52657, 0.63738, 0][-0.647366, 0.432715, 0.33883][0.87904, 0.08245, 0.46957][0.54541, 0.63070, 0][-0.553608, 0.647963, 0.235547][0.87129, 0.17071, 0.46011][0.52847, 0.61130, 0][-0.490371, 0.493228, 0.914698][0.67547, 0.43166, -0.59784][0.65270, 0.57806, 0][-0.324094, 0.76697, 0.83162][0.57655, 0.57005, -0.58535][0.64524, 0.54930, 0][-0.409817, 0.740947, 0.758952][0.67350, 0.55222, -0.49138][0.63008, 0.55901, 0][-0.490371, 0.493228, 0.914698][0.67547, 0.43166, -0.59784][0.65270, 0.57806, 0][-0.388109, 0.512077, 0.99655][0.59049, 0.42485, -0.68617][0.66964, 0.56823, 0][-0.324094, 0.76697, 0.83162][0.57655, 0.57005, -0.58535][0.64524, 0.54930, 0][-0.503949, 0.424113, 0.179434][0.61596, -0.17026, 0.76916][0.50679, 0.64341, 0][-0.504884, 0.639341, 0.160706][0.76588, 0.03299, 0.64214][0.51143, 0.61770, 0][-0.437602, 0.633162, 0.096883][0.62409, -0.08050, 0.77719][0.49458, 0.62295, 0][-0.503949, 0.424113, 0.179434][0.61596, -0.17026, 0.76916][0.50679, 0.64341, 0][-0.586567, 0.427891, 0.255414][0.75731, -0.06339, 0.64997][0.52657, 0.63738, 0][-0.504884, 0.639341, 0.160706][0.76588, 0.03299, 0.64214][0.51143, 0.61770, 0][-0.305907, 0.776266, -0.00844][0.48183, -0.07508, 0.87304][0.47040, 0.61208, 0][-0.32493, 0.931621, 0.010178][0.62329, 0.14435, 0.76855][0.48249, 0.59099, 0][-0.263805, 0.920336, -0.032054][0.48659, 0.05724, 0.87175][0.46856, 0.59517, 0][-0.305907, 0.776266, -0.00844][0.48183, -0.07508, 0.87304][0.47040, 0.61208, 0][-0.37592, 0.788613, 0.036038][0.63284, 0.01082, 0.77421][0.48527, 0.60757, 0][-0.32493, 0.931621, 0.010178][0.62329, 0.14435, 0.76855][0.48249, 0.59099, 0][-0.228109, 0.793836, 0.888086][0.43496, 0.60209, -0.66955][0.65844, 0.54026, 0][-0.104144, 1.03764, 0.706626][0.19852, 0.68613, -0.69987][0.63336, 0.52094, 0][-0.189644, 1.02287, 0.6798][0.39701, 0.65174, -0.64623][0.62538, 0.52723, 0][-0.228109, 0.793836, 0.888086][0.43496, 0.60209, -0.66955][0.65844, 0.54026, 0][-0.125548, 0.812887, 0.925379][0.22927, 0.63449, -0.73814][0.66969, 0.53280, 0][-0.104144, 1.03764, 0.706626][0.19852, 0.68613, -0.69987][0.63336, 0.52094, 0][-0.553608, 0.647963, 0.235547][0.87129, 0.17071, 0.46011][0.52847, 0.61130, 0][-0.493256, 0.842933, 0.219524][0.90682, 0.32779, 0.26500][0.52970, 0.58781, 0][-0.471311, 0.822169, 0.152172][0.85748, 0.22749, 0.46149][0.51495, 0.59528, 0][-0.553608, 0.647963, 0.235547][0.87129, 0.17071, 0.46011][0.52847, 0.61130, 0][-0.581775, 0.658862, 0.317265][0.91911, 0.30272, 0.25218][0.54540, 0.60402, 0][-0.493256, 0.842933, 0.219524][0.90682, 0.32779, 0.26500][0.52970, 0.58781, 0][-0.324094, 0.76697, 0.83162][0.57655, 0.57005, -0.58535][0.64524, 0.54930, 0][-0.189644, 1.02287, 0.6798][0.39701, 0.65174, -0.64623][0.62538, 0.52723, 0][-0.269652, 1.00103, 0.636492][0.55051, 0.60662, -0.57355][0.61528, 0.53463, 0][-0.324094, 0.76697, 0.83162][0.57655, 0.57005, -0.58535][0.64524, 0.54930, 0][-0.228109, 0.793836, 0.888086][0.43496, 0.60209, -0.66955][0.65844, 0.54026, 0][-0.189644, 1.02287, 0.6798][0.39701, 0.65174, -0.64623][0.62538, 0.52723, 0][-0.504884, 0.639341, 0.160706][0.76588, 0.03299, 0.64214][0.51143, 0.61770, 0][-0.471311, 0.822169, 0.152172][0.85748, 0.22749, 0.46149][0.51495, 0.59528, 0][-0.431645, 0.804296, 0.090523][0.76324, 0.11712, 0.63541][0.50018, 0.60186, 0][-0.504884, 0.639341, 0.160706][0.76588, 0.03299, 0.64214][0.51143, 0.61770, 0][-0.553608, 0.647963, 0.235547][0.87129, 0.17071, 0.46011][0.52847, 0.61130, 0][-0.471311, 0.822169, 0.152172][0.85748, 0.22749, 0.46149][0.51495, 0.59528, 0][-0.409817, 0.740947, 0.758952][0.67350, 0.55222, -0.49138][0.63008, 0.55901, 0][-0.269652, 1.00103, 0.636492][0.55051, 0.60662, -0.57355][0.61528, 0.53463, 0][-0.34162, 0.972965, 0.580326][0.66828, 0.56251, -0.48682][0.60315, 0.54321, 0][-0.409817, 0.740947, 0.758952][0.67350, 0.55222, -0.49138][0.63008, 0.55901, 0][-0.324094, 0.76697, 0.83162][0.57655, 0.57005, -0.58535][0.64524, 0.54930, 0][-0.269652, 1.00103, 0.636492][0.55051, 0.60662, -0.57355][0.61528, 0.53463, 0][-0.437602, 0.633162, 0.096883][0.62409, -0.08050, 0.77719][0.49458, 0.62295, 0][-0.431645, 0.804296, 0.090523][0.76324, 0.11712, 0.63541][0.50018, 0.60186, 0][-0.37592, 0.788613, 0.036038][0.63284, 0.01082, 0.77421][0.48527, 0.60757, 0][-0.437602, 0.633162, 0.096883][0.62409, -0.08050, 0.77719][0.49458, 0.62295, 0][-0.504884, 0.639341, 0.160706][0.76588, 0.03299, 0.64214][0.51143, 0.61770, 0][-0.431645, 0.804296, 0.090523][0.76324, 0.11712, 0.63541][0.50018, 0.60186, 0][-0.481855, 0.718167, 0.675832][0.74263, 0.54590, -0.38794][0.61368, 0.56884, 0][-0.34162, 0.972965, 0.580326][0.66828, 0.56251, -0.48682][0.60315, 0.54321, 0][-0.402664, 0.943524, 0.514408][0.75594, 0.52931, -0.38522][0.58945, 0.55239, 0][-0.481855, 0.718167, 0.675832][0.74263, 0.54590, -0.38794][0.61368, 0.56884, 0][-0.409817, 0.740947, 0.758952][0.67350, 0.55222, -0.49138][0.63008, 0.55901, 0][-0.34162, 0.972965, 0.580326][0.66828, 0.56251, -0.48682][0.60315, 0.54321, 0][-0.35465, 0.62836, 0.042794][0.47403, -0.15029, 0.86759][0.47739, 0.62733, 0][-0.37592, 0.788613, 0.036038][0.63284, 0.01082, 0.77421][0.48527, 0.60757, 0][-0.305907, 0.776266, -0.00844][0.48183, -0.07508, 0.87304][0.47040, 0.61208, 0][-0.35465, 0.62836, 0.042794][0.47403, -0.15029, 0.86759][0.47739, 0.62733, 0][-0.437602, 0.633162, 0.096883][0.62409, -0.08050, 0.77719][0.49458, 0.62295, 0][-0.37592, 0.788613, 0.036038][0.63284, 0.01082, 0.77421][0.48527, 0.60757, 0][-0.537109, 0.699372, 0.586589][0.80537, 0.52453, -0.27613][0.59662, 0.57841, 0][-0.402664, 0.943524, 0.514408][0.75594, 0.52931, -0.38522][0.58945, 0.55239, 0][-0.45022, 0.915768, 0.442556][0.82554, 0.50000, -0.26169][0.57487, 0.56165, 0][-0.537109, 0.699372, 0.586589][0.80537, 0.52453, -0.27613][0.59662, 0.57841, 0][-0.481855, 0.718167, 0.675832][0.74263, 0.54590, -0.38794][0.61368, 0.56884, 0][-0.402664, 0.943524, 0.514408][0.75594, 0.52931, -0.38522][0.58945, 0.55239, 0][-0.259006, 0.625776, 1.2e-005][0.32489, -0.18325, 0.92783][0.45990, 0.63065, 0][-0.305907, 0.776266, -0.00844][0.48183, -0.07508, 0.87304][0.47040, 0.61208, 0][-0.224325, 0.767299, -0.041907][0.32658, -0.13320, 0.93574][0.45544, 0.61536, 0][-0.259006, 0.625776, 1.2e-005][0.32489, -0.18325, 0.92783][0.45990, 0.63065, 0][-0.35465, 0.62836, 0.042794][0.47403, -0.15029, 0.86759][0.47739, 0.62733, 0][-0.305907, 0.776266, -0.00844][0.48183, -0.07508, 0.87304][0.47040, 0.61208, 0][-0.573173, 0.684451, 0.494968][0.86551, 0.48186, -0.13676][0.57943, 0.58746, 0][-0.45022, 0.915768, 0.442556][0.82554, 0.50000, -0.26169][0.57487, 0.56165, 0][-0.482165, 0.890295, 0.367545][0.87959, 0.46243, -0.11173][0.55987, 0.57072, 0][-0.573173, 0.684451, 0.494968][0.86551, 0.48186, -0.13676][0.57943, 0.58746, 0][-0.537109, 0.699372, 0.586589][0.80537, 0.52453, -0.27613][0.59662, 0.57841, 0][-0.45022, 0.915768, 0.442556][0.82554, 0.50000, -0.26169][0.57487, 0.56165, 0][-0.154194, 0.624565, -0.028607][0.16769, -0.19752, 0.96585][0.44228, 0.63280, 0][-0.224325, 0.767299, -0.041907][0.32658, -0.13320, 0.93574][0.45544, 0.61536, 0][-0.134478, 0.762077, -0.063336][0.16761, -0.16949, 0.97118][0.44038, 0.61728, 0][-0.154194, 0.624565, -0.028607][0.16769, -0.19752, 0.96585][0.44228, 0.63280, 0][-0.259006, 0.625776, 1.2e-005][0.32489, -0.18325, 0.92783][0.45990, 0.63065, 0][-0.224325, 0.767299, -0.041907][0.32658, -0.13320, 0.93574][0.45544, 0.61536, 0][-0.588378, 0.671511, 0.402719][0.91106, 0.40991, 0.04408][0.56206, 0.59610, 0][-0.482165, 0.890295, 0.367545][0.87959, 0.46243, -0.11173][0.55987, 0.57072, 0][-0.496851, 0.866148, 0.290688][0.91066, 0.40768, 0.06705][0.54444, 0.57961, 0][-0.588378, 0.671511, 0.402719][0.91106, 0.40991, 0.04408][0.56206, 0.59610, 0][-0.573173, 0.684451, 0.494968][0.86551, 0.48186, -0.13676][0.57943, 0.58746, 0][-0.482165, 0.890295, 0.367545][0.87959, 0.46243, -0.11173][0.55987, 0.57072, 0][-0.125548, 0.812887, 0.925379][0.22927, 0.63449, -0.73814][0.66969, 0.53280, 0][0.003285, 1.04357, 0.714502][-0.02598, 0.69355, -0.71994][0.64157, 0.51443, 0][-0.104144, 1.03764, 0.706626][0.19852, 0.68613, -0.69987][0.63336, 0.52094, 0][-0.125548, 0.812887, 0.925379][0.22927, 0.63449, -0.73814][0.66969, 0.53280, 0][0.00472, 0.82157, 0.938185][-0.02399, 0.64720, -0.76194][0.68242, 0.52571, 0][0.003285, 1.04357, 0.714502][-0.02598, 0.69355, -0.71994][0.64157, 0.51443, 0][-0.019116, 0.624552, -0.040866][0.00842, -0.20365, 0.97901][0.42059, 0.63355, 0][-0.134478, 0.762077, -0.063336][0.16761, -0.16949, 0.97118][0.44038, 0.61728, 0][-0.019252, 0.760506, -0.072447][0.02629, -0.18338, 0.98269][0.42188, 0.61772, 0][-0.019116, 0.624552, -0.040866][0.00842, -0.20365, 0.97901][0.42059, 0.63355, 0][-0.154194, 0.624565, -0.028607][0.16769, -0.19752, 0.96585][0.44228, 0.63280, 0][-0.134478, 0.762077, -0.063336][0.16761, -0.16949, 0.97118][0.44038, 0.61728, 0][-0.373716, 0.945738, 0.061341][0.73672, 0.24067, 0.63192][0.49662, 0.58572, 0][-0.329596, 1.06849, 0.080054][0.77226, 0.40274, 0.49133][0.50303, 0.56794, 0][-0.302357, 1.05131, 0.032728][0.70718, 0.30495, 0.63789][0.49059, 0.57349, 0][-0.373716, 0.945738, 0.061341][0.73672, 0.24067, 0.63192][0.49662, 0.58572, 0][-0.408362, 0.962532, 0.119936][0.81670, 0.33547, 0.46954][0.51097, 0.57947, 0][-0.329596, 1.06849, 0.080054][0.77226, 0.40274, 0.49133][0.50303, 0.56794, 0][-0.45022, 0.915768, 0.442556][0.82554, 0.50000, -0.26169][0.57487, 0.56165, 0][-0.349826, 1.06827, 0.453631][0.71692, 0.61804, -0.32257][0.58177, 0.54102, 0][-0.391184, 1.04555, 0.390341][0.79136, 0.57853, -0.19761][0.56871, 0.54886, 0][-0.45022, 0.915768, 0.442556][0.82554, 0.50000, -0.26169][0.57487, 0.56165, 0][-0.402664, 0.943524, 0.514408][0.75594, 0.52931, -0.38522][0.58945, 0.55239, 0][-0.349826, 1.06827, 0.453631][0.71692, 0.61804, -0.32257][0.58177, 0.54102, 0][-0.224325, 0.767299, -0.041907][0.32658, -0.13320, 0.93574][0.45544, 0.61536, 0][-0.263805, 0.920336, -0.032054][0.48659, 0.05724, 0.87175][0.46856, 0.59517, 0][-0.192696, 0.912204, -0.063971][0.33661, -0.01082, 0.94158][0.45484, 0.59812, 0][-0.224325, 0.767299, -0.041907][0.32658, -0.13320, 0.93574][0.45544, 0.61536, 0][-0.305907, 0.776266, -0.00844][0.48183, -0.07508, 0.87304][0.47040, 0.61208, 0][-0.263805, 0.920336, -0.032054][0.48659, 0.05724, 0.87175][0.46856, 0.59517, 0][-0.482165, 0.890295, 0.367545][0.87959, 0.46243, -0.11173][0.55987, 0.57072, 0][-0.391184, 1.04555, 0.390341][0.79136, 0.57853, -0.19761][0.56871, 0.54886, 0][-0.41876, 1.0231, 0.322054][0.84114, 0.53834, -0.05163][0.55464, 0.55692, 0][-0.482165, 0.890295, 0.367545][0.87959, 0.46243, -0.11173][0.55987, 0.57072, 0][-0.45022, 0.915768, 0.442556][0.82554, 0.50000, -0.26169][0.57487, 0.56165, 0][-0.391184, 1.04555, 0.390341][0.79136, 0.57853, -0.19761][0.56871, 0.54886, 0][-0.134478, 0.762077, -0.063336][0.16761, -0.16949, 0.97118][0.44038, 0.61728, 0][-0.192696, 0.912204, -0.063971][0.33661, -0.01082, 0.94158][0.45484, 0.59812, 0][-0.114535, 0.907389, -0.08441][0.17542, -0.05497, 0.98296][0.44133, 0.59973, 0][-0.134478, 0.762077, -0.063336][0.16761, -0.16949, 0.97118][0.44038, 0.61728, 0][-0.224325, 0.767299, -0.041907][0.32658, -0.13320, 0.93574][0.45544, 0.61536, 0][-0.192696, 0.912204, -0.063971][0.33661, -0.01082, 0.94158][0.45484, 0.59812, 0][-0.496851, 0.866148, 0.290688][0.91066, 0.40768, 0.06705][0.54444, 0.57961, 0][-0.41876, 1.0231, 0.322054][0.84114, 0.53834, -0.05163][0.55464, 0.55692, 0][-0.431194, 1.00173, 0.251399][0.86501, 0.48891, 0.11284][0.53993, 0.56493, 0][-0.496851, 0.866148, 0.290688][0.91066, 0.40768, 0.06705][0.54444, 0.57961, 0][-0.482165, 0.890295, 0.367545][0.87959, 0.46243, -0.11173][0.55987, 0.57072, 0][-0.41876, 1.0231, 0.322054][0.84114, 0.53834, -0.05163][0.55464, 0.55692, 0][-0.104144, 1.03764, 0.706626][0.19852, 0.68613, -0.69987][0.63336, 0.52094, 0][0.002007, 1.14054, 0.623959][-0.02304, 0.78326, -0.62126][0.62237, 0.51048, 0][-0.087985, 1.13663, 0.617913][0.16880, 0.77595, -0.60779][0.61782, 0.51594, 0][-0.104144, 1.03764, 0.706626][0.19852, 0.68613, -0.69987][0.63336, 0.52094, 0][0.003285, 1.04357, 0.714502][-0.02598, 0.69355, -0.71994][0.64157, 0.51443, 0][0.002007, 1.14054, 0.623959][-0.02304, 0.78326, -0.62126][0.62237, 0.51048, 0][-0.019252, 0.760506, -0.072447][0.02629, -0.18338, 0.98269][0.42188, 0.61772, 0][-0.114535, 0.907389, -0.08441][0.17542, -0.05497, 0.98296][0.44133, 0.59973, 0][-0.019299, 0.905874, -0.093036][0.03115, -0.07096, 0.99699][0.42588, 0.59986, 0][-0.019252, 0.760506, -0.072447][0.02629, -0.18338, 0.98269][0.42188, 0.61772, 0][-0.134478, 0.762077, -0.063336][0.16761, -0.16949, 0.97118][0.44038, 0.61728, 0][-0.114535, 0.907389, -0.08441][0.17542, -0.05497, 0.98296][0.44133, 0.59973, 0][-0.493256, 0.842933, 0.219524][0.90682, 0.32779, 0.26500][0.52970, 0.58781, 0][-0.431194, 1.00173, 0.251399][0.86501, 0.48891, 0.11284][0.53993, 0.56493, 0][-0.427668, 0.981537, 0.18368][0.85899, 0.42072, 0.29178][0.52539, 0.57248, 0][-0.493256, 0.842933, 0.219524][0.90682, 0.32779, 0.26500][0.52970, 0.58781, 0][-0.496851, 0.866148, 0.290688][0.91066, 0.40768, 0.06705][0.54444, 0.57961, 0][-0.431194, 1.00173, 0.251399][0.86501, 0.48891, 0.11284][0.53993, 0.56493, 0][-0.189644, 1.02287, 0.6798][0.39701, 0.65174, -0.64623][0.62538, 0.52723, 0][-0.087985, 1.13663, 0.617913][0.16880, 0.77595, -0.60779][0.61782, 0.51594, 0][-0.163289, 1.12604, 0.595793][0.34853, 0.74593, -0.56755][0.61206, 0.52095, 0][-0.189644, 1.02287, 0.6798][0.39701, 0.65174, -0.64623][0.62538, 0.52723, 0][-0.104144, 1.03764, 0.706626][0.19852, 0.68613, -0.69987][0.63336, 0.52094, 0][-0.087985, 1.13663, 0.617913][0.16880, 0.77595, -0.60779][0.61782, 0.51594, 0][-0.471311, 0.822169, 0.152172][0.85748, 0.22749, 0.46149][0.51495, 0.59528, 0][-0.427668, 0.981537, 0.18368][0.85899, 0.42072, 0.29178][0.52539, 0.57248, 0][-0.408362, 0.962532, 0.119936][0.81670, 0.33547, 0.46954][0.51097, 0.57947, 0][-0.471311, 0.822169, 0.152172][0.85748, 0.22749, 0.46149][0.51495, 0.59528, 0][-0.493256, 0.842933, 0.219524][0.90682, 0.32779, 0.26500][0.52970, 0.58781, 0][-0.427668, 0.981537, 0.18368][0.85899, 0.42072, 0.29178][0.52539, 0.57248, 0][-0.269652, 1.00103, 0.636492][0.55051, 0.60662, -0.57355][0.61528, 0.53463, 0][-0.163289, 1.12604, 0.595793][0.34853, 0.74593, -0.56755][0.61206, 0.52095, 0][-0.233686, 1.11006, 0.559396][0.49716, 0.70468, -0.50622][0.60400, 0.52681, 0][-0.269652, 1.00103, 0.636492][0.55051, 0.60662, -0.57355][0.61528, 0.53463, 0][-0.189644, 1.02287, 0.6798][0.39701, 0.65174, -0.64623][0.62538, 0.52723, 0][-0.163289, 1.12604, 0.595793][0.34853, 0.74593, -0.56755][0.61206, 0.52095, 0][-0.431645, 0.804296, 0.090523][0.76324, 0.11712, 0.63541][0.50018, 0.60186, 0][-0.408362, 0.962532, 0.119936][0.81670, 0.33547, 0.46954][0.51097, 0.57947, 0][-0.373716, 0.945738, 0.061341][0.73672, 0.24067, 0.63192][0.49662, 0.58572, 0][-0.431645, 0.804296, 0.090523][0.76324, 0.11712, 0.63541][0.50018, 0.60186, 0][-0.471311, 0.822169, 0.152172][0.85748, 0.22749, 0.46149][0.51495, 0.59528, 0][-0.408362, 0.962532, 0.119936][0.81670, 0.33547, 0.46954][0.51097, 0.57947, 0][-0.34162, 0.972965, 0.580326][0.66828, 0.56251, -0.48682][0.60315, 0.54321, 0][-0.233686, 1.11006, 0.559396][0.49716, 0.70468, -0.50622][0.60400, 0.52681, 0][-0.296605, 1.09026, 0.510907][0.61965, 0.66019, -0.42447][0.59369, 0.53357, 0][-0.34162, 0.972965, 0.580326][0.66828, 0.56251, -0.48682][0.60315, 0.54321, 0][-0.269652, 1.00103, 0.636492][0.55051, 0.60662, -0.57355][0.61528, 0.53463, 0][-0.233686, 1.11006, 0.559396][0.49716, 0.70468, -0.50622][0.60400, 0.52681, 0][-0.37592, 0.788613, 0.036038][0.63284, 0.01082, 0.77421][0.48527, 0.60757, 0][-0.373716, 0.945738, 0.061341][0.73672, 0.24067, 0.63192][0.49662, 0.58572, 0][-0.32493, 0.931621, 0.010178][0.62329, 0.14435, 0.76855][0.48249, 0.59099, 0][-0.37592, 0.788613, 0.036038][0.63284, 0.01082, 0.77421][0.48527, 0.60757, 0][-0.431645, 0.804296, 0.090523][0.76324, 0.11712, 0.63541][0.50018, 0.60186, 0][-0.373716, 0.945738, 0.061341][0.73672, 0.24067, 0.63192][0.49662, 0.58572, 0][-0.402664, 0.943524, 0.514408][0.75594, 0.52931, -0.38522][0.58945, 0.55239, 0][-0.296605, 1.09026, 0.510907][0.61965, 0.66019, -0.42447][0.59369, 0.53357, 0][-0.349826, 1.06827, 0.453631][0.71692, 0.61804, -0.32257][0.58177, 0.54102, 0][-0.402664, 0.943524, 0.514408][0.75594, 0.52931, -0.38522][0.58945, 0.55239, 0][-0.34162, 0.972965, 0.580326][0.66828, 0.56251, -0.48682][0.60315, 0.54321, 0][-0.296605, 1.09026, 0.510907][0.61965, 0.66019, -0.42447][0.59369, 0.53357, 0][-0.097827, 1.01097, -0.086068][0.17769, -0.00668, 0.98406][0.44389, 0.58596, 0][-0.127246, 1.10429, -0.078502][0.35312, -0.03505, 0.93492][0.45469, 0.57312, 0][-0.079443, 1.09938, -0.091664][0.18127, -0.07568, 0.98052][0.44579, 0.57430, 0][-0.097827, 1.01097, -0.086068][0.17769, -0.00668, 0.98406][0.44389, 0.58596, 0][-0.159527, 1.01618, -0.069417][0.33912, 0.04091, 0.93985][0.45500, 0.58457, 0][-0.127246, 1.10429, -0.078502][0.35312, -0.03505, 0.93492][0.45469, 0.57312, 0][-0.296605, 1.09026, 0.510907][0.61965, 0.66019, -0.42447][0.59369, 0.53357, 0][-0.191504, 1.20312, 0.427069][0.43591, 0.81902, -0.37307][0.58218, 0.52334, 0][-0.241261, 1.18782, 0.391028][0.55338, 0.77767, -0.29832][0.57404, 0.52874, 0][-0.296605, 1.09026, 0.510907][0.61965, 0.66019, -0.42447][0.59369, 0.53357, 0][-0.233686, 1.11006, 0.559396][0.49716, 0.70468, -0.50622][0.60400, 0.52681, 0][-0.191504, 1.20312, 0.427069][0.43591, 0.81902, -0.37307][0.58218, 0.52334, 0][-0.32493, 0.931621, 0.010178][0.62329, 0.14435, 0.76855][0.48249, 0.59099, 0][-0.302357, 1.05131, 0.032728][0.70718, 0.30495, 0.63789][0.49059, 0.57349, 0][-0.263898, 1.03658, -0.008924][0.60911, 0.20515, 0.76609][0.47838, 0.57822, 0][-0.32493, 0.931621, 0.010178][0.62329, 0.14435, 0.76855][0.48249, 0.59099, 0][-0.373716, 0.945738, 0.061341][0.73672, 0.24067, 0.63192][0.49662, 0.58572, 0][-0.302357, 1.05131, 0.032728][0.70718, 0.30495, 0.63789][0.49059, 0.57349, 0][-0.349826, 1.06827, 0.453631][0.71692, 0.61804, -0.32257][0.58177, 0.54102, 0][-0.241261, 1.18782, 0.391028][0.55338, 0.77767, -0.29832][0.57404, 0.52874, 0][-0.283216, 1.16975, 0.346914][0.64892, 0.73326, -0.20305][0.56418, 0.53477, 0][-0.349826, 1.06827, 0.453631][0.71692, 0.61804, -0.32257][0.58177, 0.54102, 0][-0.296605, 1.09026, 0.510907][0.61965, 0.66019, -0.42447][0.59369, 0.53357, 0][-0.241261, 1.18782, 0.391028][0.55338, 0.77767, -0.29832][0.57404, 0.52874, 0][-0.263805, 0.920336, -0.032054][0.48659, 0.05724, 0.87175][0.46856, 0.59517, 0][-0.263898, 1.03658, -0.008924][0.60911, 0.20515, 0.76609][0.47838, 0.57822, 0][-0.215655, 1.02476, -0.043376][0.48366, 0.11373, 0.86783][0.46650, 0.58196, 0][-0.263805, 0.920336, -0.032054][0.48659, 0.05724, 0.87175][0.46856, 0.59517, 0][-0.32493, 0.931621, 0.010178][0.62329, 0.14435, 0.76855][0.48249, 0.59099, 0][-0.263898, 1.03658, -0.008924][0.60911, 0.20515, 0.76609][0.47838, 0.57822, 0][-0.391184, 1.04555, 0.390341][0.79136, 0.57853, -0.19761][0.56871, 0.54886, 0][-0.283216, 1.16975, 0.346914][0.64892, 0.73326, -0.20305][0.56418, 0.53477, 0][-0.315708, 1.14975, 0.296805][0.72213, 0.68577, -0.09084][0.55305, 0.54131, 0][-0.391184, 1.04555, 0.390341][0.79136, 0.57853, -0.19761][0.56871, 0.54886, 0][-0.349826, 1.06827, 0.453631][0.71692, 0.61804, -0.32257][0.58177, 0.54102, 0][-0.283216, 1.16975, 0.346914][0.64892, 0.73326, -0.20305][0.56418, 0.53477, 0][-0.192696, 0.912204, -0.063971][0.33661, -0.01082, 0.94158][0.45484, 0.59812, 0][-0.215655, 1.02476, -0.043376][0.48366, 0.11373, 0.86783][0.46650, 0.58196, 0][-0.159527, 1.01618, -0.069417][0.33912, 0.04091, 0.93985][0.45500, 0.58457, 0][-0.192696, 0.912204, -0.063971][0.33661, -0.01082, 0.94158][0.45484, 0.59812, 0][-0.263805, 0.920336, -0.032054][0.48659, 0.05724, 0.87175][0.46856, 0.59517, 0][-0.215655, 1.02476, -0.043376][0.48366, 0.11373, 0.86783][0.46650, 0.58196, 0][-0.41876, 1.0231, 0.322054][0.84114, 0.53834, -0.05163][0.55464, 0.55692, 0][-0.315708, 1.14975, 0.296805][0.72213, 0.68577, -0.09084][0.55305, 0.54131, 0][-0.337407, 1.12888, 0.242568][0.77306, 0.63334, 0.03543][0.54099, 0.54817, 0][-0.41876, 1.0231, 0.322054][0.84114, 0.53834, -0.05163][0.55464, 0.55692, 0][-0.391184, 1.04555, 0.390341][0.79136, 0.57853, -0.19761][0.56871, 0.54886, 0][-0.315708, 1.14975, 0.296805][0.72213, 0.68577, -0.09084][0.55305, 0.54131, 0][-0.114535, 0.907389, -0.08441][0.17542, -0.05497, 0.98296][0.44133, 0.59973, 0][-0.159527, 1.01618, -0.069417][0.33912, 0.04091, 0.93985][0.45500, 0.58457, 0][-0.097827, 1.01097, -0.086068][0.17769, -0.00668, 0.98406][0.44389, 0.58596, 0][-0.114535, 0.907389, -0.08441][0.17542, -0.05497, 0.98296][0.44133, 0.59973, 0][-0.192696, 0.912204, -0.063971][0.33661, -0.01082, 0.94158][0.45484, 0.59812, 0][-0.159527, 1.01618, -0.069417][0.33912, 0.04091, 0.93985][0.45500, 0.58457, 0][-0.431194, 1.00173, 0.251399][0.86501, 0.48891, 0.11284][0.53993, 0.56493, 0][-0.337407, 1.12888, 0.242568][0.77306, 0.63334, 0.03543][0.54099, 0.54817, 0][-0.347287, 1.10803, 0.18622][0.80158, 0.57100, 0.17724][0.52830, 0.55509, 0][-0.431194, 1.00173, 0.251399][0.86501, 0.48891, 0.11284][0.53993, 0.56493, 0][-0.41876, 1.0231, 0.322054][0.84114, 0.53834, -0.05163][0.55464, 0.55692, 0][-0.337407, 1.12888, 0.242568][0.77306, 0.63334, 0.03543][0.54099, 0.54817, 0][-0.087985, 1.13663, 0.617913][0.16880, 0.77595, -0.60779][0.61782, 0.51594, 0][-0.001591, 1.22502, 0.473178][-0.01754, 0.88695, -0.46152][0.59371, 0.50930, 0][-0.076257, 1.2223, 0.469222][0.14169, 0.87928, -0.45474][0.59228, 0.51433, 0][-0.087985, 1.13663, 0.617913][0.16880, 0.77595, -0.60779][0.61782, 0.51594, 0][0.002007, 1.14054, 0.623959][-0.02304, 0.78326, -0.62126][0.62237, 0.51048, 0][-0.001591, 1.22502, 0.473178][-0.01754, 0.88695, -0.46152][0.59371, 0.50930, 0][-0.019299, 0.905874, -0.093036][0.03115, -0.07096, 0.99699][0.42588, 0.59986, 0][-0.097827, 1.01097, -0.086068][0.17769, -0.00668, 0.98406][0.44389, 0.58596, 0][-0.018931, 1.00932, -0.09319][0.02904, -0.02384, 0.99929][0.43091, 0.58592, 0][-0.019299, 0.905874, -0.093036][0.03115, -0.07096, 0.99699][0.42588, 0.59986, 0][-0.114535, 0.907389, -0.08441][0.17542, -0.05497, 0.98296][0.44133, 0.59973, 0][-0.097827, 1.01097, -0.086068][0.17769, -0.00668, 0.98406][0.44389, 0.58596, 0][-0.427668, 0.981537, 0.18368][0.85899, 0.42072, 0.29178][0.52539, 0.57248, 0][-0.347287, 1.10803, 0.18622][0.80158, 0.57100, 0.17724][0.52830, 0.55509, 0][-0.344705, 1.08766, 0.131446][0.80333, 0.49321, 0.33377][0.51558, 0.56176, 0][-0.427668, 0.981537, 0.18368][0.85899, 0.42072, 0.29178][0.52539, 0.57248, 0][-0.431194, 1.00173, 0.251399][0.86501, 0.48891, 0.11284][0.53993, 0.56493, 0][-0.347287, 1.10803, 0.18622][0.80158, 0.57100, 0.17724][0.52830, 0.55509, 0][-0.163289, 1.12604, 0.595793][0.34853, 0.74593, -0.56755][0.61206, 0.52095, 0][-0.076257, 1.2223, 0.469222][0.14169, 0.87928, -0.45474][0.59228, 0.51433, 0][-0.135823, 1.21484, 0.453482][0.29933, 0.85420, -0.42514][0.58834, 0.51859, 0][-0.163289, 1.12604, 0.595793][0.34853, 0.74593, -0.56755][0.61206, 0.52095, 0][-0.087985, 1.13663, 0.617913][0.16880, 0.77595, -0.60779][0.61782, 0.51594, 0][-0.076257, 1.2223, 0.469222][0.14169, 0.87928, -0.45474][0.59228, 0.51433, 0][-0.408362, 0.962532, 0.119936][0.81670, 0.33547, 0.46954][0.51097, 0.57947, 0][-0.344705, 1.08766, 0.131446][0.80333, 0.49321, 0.33377][0.51558, 0.56176, 0][-0.329596, 1.06849, 0.080054][0.77226, 0.40274, 0.49133][0.50303, 0.56794, 0][-0.408362, 0.962532, 0.119936][0.81670, 0.33547, 0.46954][0.51097, 0.57947, 0][-0.427668, 0.981537, 0.18368][0.85899, 0.42072, 0.29178][0.52539, 0.57248, 0][-0.344705, 1.08766, 0.131446][0.80333, 0.49321, 0.33377][0.51558, 0.56176, 0][-0.233686, 1.11006, 0.559396][0.49716, 0.70468, -0.50622][0.60400, 0.52681, 0][-0.135823, 1.21484, 0.453482][0.29933, 0.85420, -0.42514][0.58834, 0.51859, 0][-0.191504, 1.20312, 0.427069][0.43591, 0.81902, -0.37307][0.58218, 0.52334, 0][-0.233686, 1.11006, 0.559396][0.49716, 0.70468, -0.50622][0.60400, 0.52681, 0][-0.163289, 1.12604, 0.595793][0.34853, 0.74593, -0.56755][0.61206, 0.52095, 0][-0.135823, 1.21484, 0.453482][0.29933, 0.85420, -0.42514][0.58834, 0.51859, 0][-0.273476, 1.18753, 0.1226][0.82843, 0.52720, 0.18911][0.51580, 0.54830, 0][-0.208835, 1.28579, 0.081346][0.84919, 0.52786, 0.01528][0.51036, 0.53734, 0][-0.214145, 1.27078, 0.049894][0.88712, 0.43298, 0.15986][0.50238, 0.54181, 0][-0.273476, 1.18753, 0.1226][0.82843, 0.52720, 0.18911][0.51580, 0.54830, 0][-0.265984, 1.20584, 0.166256][0.79325, 0.60679, 0.05070][0.52632, 0.54254, 0][-0.208835, 1.28579, 0.081346][0.84919, 0.52786, 0.01528][0.51036, 0.53734, 0][-0.347287, 1.10803, 0.18622][0.80158, 0.57100, 0.17724][0.52830, 0.55509, 0][-0.265984, 1.20584, 0.166256][0.79325, 0.60679, 0.05070][0.52632, 0.54254, 0][-0.273476, 1.18753, 0.1226][0.82843, 0.52720, 0.18911][0.51580, 0.54830, 0][-0.347287, 1.10803, 0.18622][0.80158, 0.57100, 0.17724][0.52830, 0.55509, 0][-0.337407, 1.12888, 0.242568][0.77306, 0.63334, 0.03543][0.54099, 0.54817, 0][-0.265984, 1.20584, 0.166256][0.79325, 0.60679, 0.05070][0.52632, 0.54254, 0][-0.076257, 1.2223, 0.469222][0.14169, 0.87928, -0.45474][0.59228, 0.51433, 0][-0.005185, 1.28632, 0.343702][-0.01171, 0.90350, -0.42842][0.56760, 0.51007, 0][-0.063043, 1.2842, 0.340781][0.13635, 0.89667, -0.42118][0.56740, 0.51407, 0][-0.076257, 1.2223, 0.469222][0.14169, 0.87928, -0.45474][0.59228, 0.51433, 0][-0.001591, 1.22502, 0.473178][-0.01754, 0.88695, -0.46152][0.59371, 0.50930, 0][-0.005185, 1.28632, 0.343702][-0.01171, 0.90350, -0.42842][0.56760, 0.51007, 0][-0.018931, 1.00932, -0.09319][0.02904, -0.02384, 0.99929][0.43091, 0.58592, 0][-0.079443, 1.09938, -0.091664][0.18127, -0.07568, 0.98052][0.44579, 0.57430, 0][-0.018759, 1.09783, -0.097298][0.02567, -0.08828, 0.99577][0.43568, 0.57429, 0][-0.018931, 1.00932, -0.09319][0.02904, -0.02384, 0.99929][0.43091, 0.58592, 0][-0.097827, 1.01097, -0.086068][0.17769, -0.00668, 0.98406][0.44389, 0.58596, 0][-0.079443, 1.09938, -0.091664][0.18127, -0.07568, 0.98052][0.44579, 0.57430, 0][-0.344705, 1.08766, 0.131446][0.80333, 0.49321, 0.33377][0.51558, 0.56176, 0][-0.273476, 1.18753, 0.1226][0.82843, 0.52720, 0.18911][0.51580, 0.54830, 0][-0.271305, 1.16945, 0.079743][0.83384, 0.43373, 0.34146][0.50515, 0.55387, 0][-0.344705, 1.08766, 0.131446][0.80333, 0.49321, 0.33377][0.51558, 0.56176, 0][-0.347287, 1.10803, 0.18622][0.80158, 0.57100, 0.17724][0.52830, 0.55509, 0][-0.273476, 1.18753, 0.1226][0.82843, 0.52720, 0.18911][0.51580, 0.54830, 0][-0.135823, 1.21484, 0.453482][0.29933, 0.85420, -0.42514][0.58834, 0.51859, 0][-0.063043, 1.2842, 0.340781][0.13635, 0.89667, -0.42118][0.56740, 0.51407, 0][-0.109487, 1.27824, 0.32879][0.29495, 0.87197, -0.39072][0.56470, 0.51765, 0][-0.135823, 1.21484, 0.453482][0.29933, 0.85420, -0.42514][0.58834, 0.51859, 0][-0.076257, 1.2223, 0.469222][0.14169, 0.87928, -0.45474][0.59228, 0.51433, 0][-0.063043, 1.2842, 0.340781][0.13635, 0.89667, -0.42118][0.56740, 0.51407, 0][-0.329596, 1.06849, 0.080054][0.77226, 0.40274, 0.49133][0.50303, 0.56794, 0][-0.271305, 1.16945, 0.079743][0.83384, 0.43373, 0.34146][0.50515, 0.55387, 0][-0.259405, 1.15219, 0.039408][0.80376, 0.33113, 0.49429][0.49459, 0.55907, 0][-0.329596, 1.06849, 0.080054][0.77226, 0.40274, 0.49133][0.50303, 0.56794, 0][-0.344705, 1.08766, 0.131446][0.80333, 0.49321, 0.33377][0.51558, 0.56176, 0][-0.271305, 1.16945, 0.079743][0.83384, 0.43373, 0.34146][0.50515, 0.55387, 0][-0.191504, 1.20312, 0.427069][0.43591, 0.81902, -0.37307][0.58218, 0.52334, 0][-0.109487, 1.27824, 0.32879][0.29495, 0.87197, -0.39072][0.56470, 0.51765, 0][-0.152854, 1.26863, 0.308576][0.43154, 0.83603, -0.33886][0.55994, 0.52170, 0][-0.191504, 1.20312, 0.427069][0.43591, 0.81902, -0.37307][0.58218, 0.52334, 0][-0.135823, 1.21484, 0.453482][0.29933, 0.85420, -0.42514][0.58834, 0.51859, 0][-0.109487, 1.27824, 0.32879][0.29495, 0.87197, -0.39072][0.56470, 0.51765, 0][-0.302357, 1.05131, 0.032728][0.70718, 0.30495, 0.63789][0.49059, 0.57349, 0][-0.259405, 1.15219, 0.039408][0.80376, 0.33113, 0.49429][0.49459, 0.55907, 0][-0.238129, 1.13658, 0.002135][0.73702, 0.22549, 0.63715][0.48413, 0.56375, 0][-0.302357, 1.05131, 0.032728][0.70718, 0.30495, 0.63789][0.49059, 0.57349, 0][-0.329596, 1.06849, 0.080054][0.77226, 0.40274, 0.49133][0.50303, 0.56794, 0][-0.259405, 1.15219, 0.039408][0.80376, 0.33113, 0.49429][0.49459, 0.55907, 0][-0.241261, 1.18782, 0.391028][0.55338, 0.77767, -0.29832][0.57404, 0.52874, 0][-0.152854, 1.26863, 0.308576][0.43154, 0.83603, -0.33886][0.55994, 0.52170, 0][-0.191555, 1.25595, 0.280914][0.55145, 0.79029, -0.26710][0.55339, 0.52628, 0][-0.241261, 1.18782, 0.391028][0.55338, 0.77767, -0.29832][0.57404, 0.52874, 0][-0.191504, 1.20312, 0.427069][0.43591, 0.81902, -0.37307][0.58218, 0.52334, 0][-0.152854, 1.26863, 0.308576][0.43154, 0.83603, -0.33886][0.55994, 0.52170, 0][-0.263898, 1.03658, -0.008924][0.60911, 0.20515, 0.76609][0.47838, 0.57822, 0][-0.238129, 1.13658, 0.002135][0.73702, 0.22549, 0.63715][0.48413, 0.56375, 0][-0.208206, 1.12312, -0.030709][0.63511, 0.12301, 0.76256][0.47391, 0.56774, 0][-0.263898, 1.03658, -0.008924][0.60911, 0.20515, 0.76609][0.47838, 0.57822, 0][-0.302357, 1.05131, 0.032728][0.70718, 0.30495, 0.63789][0.49059, 0.57349, 0][-0.238129, 1.13658, 0.002135][0.73702, 0.22549, 0.63715][0.48413, 0.56375, 0][-0.283216, 1.16975, 0.346914][0.64892, 0.73326, -0.20305][0.56418, 0.53477, 0][-0.191555, 1.25595, 0.280914][0.55145, 0.79029, -0.26710][0.55339, 0.52628, 0][-0.224124, 1.2408, 0.246934][0.65264, 0.73659, -0.17748][0.54539, 0.53137, 0][-0.283216, 1.16975, 0.346914][0.64892, 0.73326, -0.20305][0.56418, 0.53477, 0][-0.241261, 1.18782, 0.391028][0.55338, 0.77767, -0.29832][0.57404, 0.52874, 0][-0.191555, 1.25595, 0.280914][0.55145, 0.79029, -0.26710][0.55339, 0.52628, 0][-0.215655, 1.02476, -0.043376][0.48366, 0.11373, 0.86783][0.46650, 0.58196, 0][-0.208206, 1.12312, -0.030709][0.63511, 0.12301, 0.76256][0.47391, 0.56774, 0][-0.170751, 1.11225, -0.057922][0.50415, 0.03331, 0.86298][0.46407, 0.57091, 0][-0.215655, 1.02476, -0.043376][0.48366, 0.11373, 0.86783][0.46650, 0.58196, 0][-0.263898, 1.03658, -0.008924][0.60911, 0.20515, 0.76609][0.47838, 0.57822, 0][-0.208206, 1.12312, -0.030709][0.63511, 0.12301, 0.76256][0.47391, 0.56774, 0][-0.315708, 1.14975, 0.296805][0.72213, 0.68577, -0.09084][0.55305, 0.54131, 0][-0.224124, 1.2408, 0.246934][0.65264, 0.73659, -0.17748][0.54539, 0.53137, 0][-0.249283, 1.22386, 0.208163][0.73392, 0.67551, -0.07107][0.53629, 0.53685, 0][-0.315708, 1.14975, 0.296805][0.72213, 0.68577, -0.09084][0.55305, 0.54131, 0][-0.283216, 1.16975, 0.346914][0.64892, 0.73326, -0.20305][0.56418, 0.53477, 0][-0.224124, 1.2408, 0.246934][0.65264, 0.73659, -0.17748][0.54539, 0.53137, 0][-0.159527, 1.01618, -0.069417][0.33912, 0.04091, 0.93985][0.45500, 0.58457, 0][-0.170751, 1.11225, -0.057922][0.50415, 0.03331, 0.86298][0.46407, 0.57091, 0][-0.127246, 1.10429, -0.078502][0.35312, -0.03505, 0.93492][0.45469, 0.57312, 0][-0.159527, 1.01618, -0.069417][0.33912, 0.04091, 0.93985][0.45500, 0.58457, 0][-0.215655, 1.02476, -0.043376][0.48366, 0.11373, 0.86783][0.46650, 0.58196, 0][-0.170751, 1.11225, -0.057922][0.50415, 0.03331, 0.86298][0.46407, 0.57091, 0][-0.337407, 1.12888, 0.242568][0.77306, 0.63334, 0.03543][0.54099, 0.54817, 0][-0.249283, 1.22386, 0.208163][0.73392, 0.67551, -0.07107][0.53629, 0.53685, 0][-0.265984, 1.20584, 0.166256][0.79325, 0.60679, 0.05070][0.52632, 0.54254, 0][-0.337407, 1.12888, 0.242568][0.77306, 0.63334, 0.03543][0.54099, 0.54817, 0][-0.315708, 1.14975, 0.296805][0.72213, 0.68577, -0.09084][0.55305, 0.54131, 0][-0.249283, 1.22386, 0.208163][0.73392, 0.67551, -0.07107][0.53629, 0.53685, 0][-0.166365, 1.21685, -0.061266][0.67067, 0.00592, 0.74173][0.47049, 0.55695, 0][-0.153302, 1.31081, -0.074023][0.82947, -0.06334, 0.55494][0.47387, 0.54503, 0][-0.136279, 1.30206, -0.093261][0.70980, -0.16293, 0.68530][0.46769, 0.54748, 0][-0.166365, 1.21685, -0.061266][0.67067, 0.00592, 0.74173][0.47049, 0.55695, 0][-0.188128, 1.22823, -0.037316][0.78142, 0.10713, 0.61474][0.47825, 0.55383, 0][-0.153302, 1.31081, -0.074023][0.82947, -0.06334, 0.55494][0.47387, 0.54503, 0][-0.018759, 1.09783, -0.097298][0.02567, -0.08828, 0.99577][0.43568, 0.57429, 0][-0.073054, 1.19651, -0.10572][0.18554, -0.17641, 0.96667][0.44950, 0.56214, 0][-0.01886, 1.19518, -0.110072][0.02427, -0.18607, 0.98224][0.44044, 0.56211, 0][-0.018759, 1.09783, -0.097298][0.02567, -0.08828, 0.99577][0.43568, 0.57429, 0][-0.079443, 1.09938, -0.091664][0.18127, -0.07568, 0.98052][0.44579, 0.57430, 0][-0.073054, 1.19651, -0.10572][0.18554, -0.17641, 0.96667][0.44950, 0.56214, 0][-0.271305, 1.16945, 0.079743][0.83384, 0.43373, 0.34146][0.50515, 0.55387, 0][-0.214145, 1.27078, 0.049894][0.88712, 0.43298, 0.15986][0.50238, 0.54181, 0][-0.212424, 1.25574, 0.019151][0.89071, 0.32707, 0.31568][0.49432, 0.54613, 0][-0.271305, 1.16945, 0.079743][0.83384, 0.43373, 0.34146][0.50515, 0.55387, 0][-0.273476, 1.18753, 0.1226][0.82843, 0.52720, 0.18911][0.51580, 0.54830, 0][-0.214145, 1.27078, 0.049894][0.88712, 0.43298, 0.15986][0.50238, 0.54181, 0][-0.109487, 1.27824, 0.32879][0.29495, 0.87197, -0.39072][0.56470, 0.51765, 0][-0.061127, 1.34833, 0.206273][0.13794, 0.87156, -0.47048][0.54028, 0.51512, 0][-0.095067, 1.34365, 0.197738][0.30842, 0.84331, -0.44013][0.53842, 0.51788, 0][-0.109487, 1.27824, 0.32879][0.29495, 0.87197, -0.39072][0.56470, 0.51765, 0][-0.063043, 1.2842, 0.340781][0.13635, 0.89667, -0.42118][0.56740, 0.51407, 0][-0.061127, 1.34833, 0.206273][0.13794, 0.87156, -0.47048][0.54028, 0.51512, 0][-0.259405, 1.15219, 0.039408][0.80376, 0.33113, 0.49429][0.49459, 0.55907, 0][-0.212424, 1.25574, 0.019151][0.89071, 0.32707, 0.31568][0.49432, 0.54613, 0][-0.203662, 1.24136, -0.01017][0.85573, 0.21664, 0.46988][0.48624, 0.55018, 0][-0.259405, 1.15219, 0.039408][0.80376, 0.33113, 0.49429][0.49459, 0.55907, 0][-0.271305, 1.16945, 0.079743][0.83384, 0.43373, 0.34146][0.50515, 0.55387, 0][-0.212424, 1.25574, 0.019151][0.89071, 0.32707, 0.31568][0.49432, 0.54613, 0][-0.063043, 1.2842, 0.340781][0.13635, 0.89667, -0.42118][0.56740, 0.51407, 0][-0.009001, 1.35002, 0.208097][-0.01332, 0.87865, -0.47728][0.54026, 0.51147, 0][-0.061127, 1.34833, 0.206273][0.13794, 0.87156, -0.47048][0.54028, 0.51512, 0][-0.063043, 1.2842, 0.340781][0.13635, 0.89667, -0.42118][0.56740, 0.51407, 0][-0.005185, 1.28632, 0.343702][-0.01171, 0.90350, -0.42842][0.56760, 0.51007, 0][-0.009001, 1.35002, 0.208097][-0.01332, 0.87865, -0.47728][0.54026, 0.51147, 0][-0.152854, 1.26863, 0.308576][0.43154, 0.83603, -0.33886][0.55994, 0.52170, 0][-0.095067, 1.34365, 0.197738][0.30842, 0.84331, -0.44013][0.53842, 0.51788, 0][-0.126711, 1.33615, 0.183312][0.45372, 0.80223, -0.38802][0.53508, 0.52105, 0][-0.152854, 1.26863, 0.308576][0.43154, 0.83603, -0.33886][0.55994, 0.52170, 0][-0.109487, 1.27824, 0.32879][0.29495, 0.87197, -0.39072][0.56470, 0.51765, 0][-0.095067, 1.34365, 0.197738][0.30842, 0.84331, -0.44013][0.53842, 0.51788, 0][-0.238129, 1.13658, 0.002135][0.73702, 0.22549, 0.63715][0.48413, 0.56375, 0][-0.203662, 1.24136, -0.01017][0.85573, 0.21664, 0.46988][0.48624, 0.55018, 0][-0.188128, 1.22823, -0.037316][0.78142, 0.10713, 0.61474][0.47825, 0.55383, 0][-0.238129, 1.13658, 0.002135][0.73702, 0.22549, 0.63715][0.48413, 0.56375, 0][-0.259405, 1.15219, 0.039408][0.80376, 0.33113, 0.49429][0.49459, 0.55907, 0][-0.203662, 1.24136, -0.01017][0.85573, 0.21664, 0.46988][0.48624, 0.55018, 0][-0.191555, 1.25595, 0.280914][0.55145, 0.79029, -0.26710][0.55339, 0.52628, 0][-0.126711, 1.33615, 0.183312][0.45372, 0.80223, -0.38802][0.53508, 0.52105, 0][-0.154903, 1.3261, 0.163591][0.58348, 0.74871, -0.31461][0.53041, 0.52466, 0][-0.191555, 1.25595, 0.280914][0.55145, 0.79029, -0.26710][0.55339, 0.52628, 0][-0.152854, 1.26863, 0.308576][0.43154, 0.83603, -0.33886][0.55994, 0.52170, 0][-0.126711, 1.33615, 0.183312][0.45372, 0.80223, -0.38802][0.53508, 0.52105, 0][-0.208206, 1.12312, -0.030709][0.63511, 0.12301, 0.76256][0.47391, 0.56774, 0][-0.188128, 1.22823, -0.037316][0.78142, 0.10713, 0.61474][0.47825, 0.55383, 0][-0.166365, 1.21685, -0.061266][0.67067, 0.00592, 0.74173][0.47049, 0.55695, 0][-0.208206, 1.12312, -0.030709][0.63511, 0.12301, 0.76256][0.47391, 0.56774, 0][-0.238129, 1.13658, 0.002135][0.73702, 0.22549, 0.63715][0.48413, 0.56375, 0][-0.188128, 1.22823, -0.037316][0.78142, 0.10713, 0.61474][0.47825, 0.55383, 0][-0.224124, 1.2408, 0.246934][0.65264, 0.73659, -0.17748][0.54539, 0.53137, 0][-0.154903, 1.3261, 0.163591][0.58348, 0.74871, -0.31461][0.53041, 0.52466, 0][-0.178576, 1.31402, 0.139333][0.69427, 0.68466, -0.22186][0.52459, 0.52864, 0][-0.224124, 1.2408, 0.246934][0.65264, 0.73659, -0.17748][0.54539, 0.53137, 0][-0.191555, 1.25595, 0.280914][0.55145, 0.79029, -0.26710][0.55339, 0.52628, 0][-0.154903, 1.3261, 0.163591][0.58348, 0.74871, -0.31461][0.53041, 0.52466, 0][-0.170751, 1.11225, -0.057922][0.50415, 0.03331, 0.86298][0.46407, 0.57091, 0][-0.166365, 1.21685, -0.061266][0.67067, 0.00592, 0.74173][0.47049, 0.55695, 0][-0.139191, 1.20759, -0.081128][0.53065, -0.07893, 0.84391][0.46307, 0.55942, 0][-0.170751, 1.11225, -0.057922][0.50415, 0.03331, 0.86298][0.46407, 0.57091, 0][-0.208206, 1.12312, -0.030709][0.63511, 0.12301, 0.76256][0.47391, 0.56774, 0][-0.166365, 1.21685, -0.061266][0.67067, 0.00592, 0.74173][0.47049, 0.55695, 0][-0.249283, 1.22386, 0.208163][0.73392, 0.67551, -0.07107][0.53629, 0.53685, 0][-0.178576, 1.31402, 0.139333][0.69427, 0.68466, -0.22186][0.52459, 0.52864, 0][-0.196803, 1.30041, 0.111496][0.78376, 0.61100, -0.11136][0.51781, 0.53291, 0][-0.249283, 1.22386, 0.208163][0.73392, 0.67551, -0.07107][0.53629, 0.53685, 0][-0.224124, 1.2408, 0.246934][0.65264, 0.73659, -0.17748][0.54539, 0.53137, 0][-0.178576, 1.31402, 0.139333][0.69427, 0.68466, -0.22186][0.52459, 0.52864, 0][-0.127246, 1.10429, -0.078502][0.35312, -0.03505, 0.93492][0.45469, 0.57312, 0][-0.139191, 1.20759, -0.081128][0.53065, -0.07893, 0.84391][0.46307, 0.55942, 0][-0.107673, 1.20072, -0.096117][0.37093, -0.14112, 0.91787][0.45606, 0.56118, 0][-0.127246, 1.10429, -0.078502][0.35312, -0.03505, 0.93492][0.45469, 0.57312, 0][-0.170751, 1.11225, -0.057922][0.50415, 0.03331, 0.86298][0.46407, 0.57091, 0][-0.139191, 1.20759, -0.081128][0.53065, -0.07893, 0.84391][0.46307, 0.55942, 0][-0.265984, 1.20584, 0.166256][0.79325, 0.60679, 0.05070][0.52632, 0.54254, 0][-0.196803, 1.30041, 0.111496][0.78376, 0.61100, -0.11136][0.51781, 0.53291, 0][-0.208835, 1.28579, 0.081346][0.84919, 0.52786, 0.01528][0.51036, 0.53734, 0][-0.265984, 1.20584, 0.166256][0.79325, 0.60679, 0.05070][0.52632, 0.54254, 0][-0.249283, 1.22386, 0.208163][0.73392, 0.67551, -0.07107][0.53629, 0.53685, 0][-0.196803, 1.30041, 0.111496][0.78376, 0.61100, -0.11136][0.51781, 0.53291, 0][-0.079443, 1.09938, -0.091664][0.18127, -0.07568, 0.98052][0.44579, 0.57430, 0][-0.107673, 1.20072, -0.096117][0.37093, -0.14112, 0.91787][0.45606, 0.56118, 0][-0.073054, 1.19651, -0.10572][0.18554, -0.17641, 0.96667][0.44950, 0.56214, 0][-0.079443, 1.09938, -0.091664][0.18127, -0.07568, 0.98052][0.44579, 0.57430, 0][-0.127246, 1.10429, -0.078502][0.35312, -0.03505, 0.93492][0.45469, 0.57312, 0][-0.107673, 1.20072, -0.096117][0.37093, -0.14112, 0.91787][0.45606, 0.56118, 0][-0.019324, 1.28532, -0.132494][0.02356, -0.35140, 0.93593][0.90160, 0.73606, 0][-0.064997, 1.39153, -0.183347][0.19433, -0.51048, 0.83765][0.88863, 0.71746, 0][-0.020767, 1.39054, -0.186494][0.02085, -0.51970, 0.85409][0.88547, 0.72282, 0][-0.019324, 1.28532, -0.132494][0.02356, -0.35140, 0.93593][0.90160, 0.73606, 0][-0.063679, 1.28635, -0.128955][0.19131, -0.34166, 0.92015][0.90494, 0.73095, 0][-0.064997, 1.39153, -0.183347][0.19433, -0.51048, 0.83765][0.88863, 0.71746, 0][-0.178576, 1.31402, 0.139333][0.69427, 0.68466, -0.22186][0.52459, 0.52864, 0][-0.128152, 1.3854, 0.086158][0.63977, 0.63559, -0.43210][0.51574, 0.52211, 0][-0.14661, 1.37626, 0.066931][0.76019, 0.56094, -0.32781][0.51115, 0.52521, 0][-0.178576, 1.31402, 0.139333][0.69427, 0.68466, -0.22186][0.52459, 0.52864, 0][-0.154903, 1.3261, 0.163591][0.58348, 0.74871, -0.31461][0.53041, 0.52466, 0][-0.128152, 1.3854, 0.086158][0.63977, 0.63559, -0.43210][0.51574, 0.52211, 0][-0.139191, 1.20759, -0.081128][0.53065, -0.07893, 0.84391][0.46307, 0.55942, 0][-0.136279, 1.30206, -0.093261][0.70980, -0.16293, 0.68530][0.46769, 0.54748, 0][-0.115097, 1.29489, -0.109188][0.56088, -0.24517, 0.79077][0.46183, 0.54944, 0][-0.139191, 1.20759, -0.081128][0.53065, -0.07893, 0.84391][0.46307, 0.55942, 0][-0.166365, 1.21685, -0.061266][0.67067, 0.00592, 0.74173][0.47049, 0.55695, 0][-0.136279, 1.30206, -0.093261][0.70980, -0.16293, 0.68530][0.46769, 0.54748, 0][-0.196803, 1.30041, 0.111496][0.78376, 0.61100, -0.11136][0.51781, 0.53291, 0][-0.14661, 1.37626, 0.066931][0.76019, 0.56094, -0.32781][0.51115, 0.52521, 0][-0.160762, 1.36593, 0.04485][0.85544, 0.47545, -0.20534][0.50574, 0.52855, 0][-0.196803, 1.30041, 0.111496][0.78376, 0.61100, -0.11136][0.51781, 0.53291, 0][-0.178576, 1.31402, 0.139333][0.69427, 0.68466, -0.22186][0.52459, 0.52864, 0][-0.14661, 1.37626, 0.066931][0.76019, 0.56094, -0.32781][0.51115, 0.52521, 0][-0.107673, 1.20072, -0.096117][0.37093, -0.14112, 0.91787][0.45606, 0.56118, 0][-0.115097, 1.29489, -0.109188][0.56088, -0.24517, 0.79077][0.46183, 0.54944, 0][-0.090574, 1.28959, -0.121237][0.39166, -0.30536, 0.86796][0.45635, 0.55082, 0][-0.107673, 1.20072, -0.096117][0.37093, -0.14112, 0.91787][0.45606, 0.56118, 0][-0.139191, 1.20759, -0.081128][0.53065, -0.07893, 0.84391][0.46307, 0.55942, 0][-0.115097, 1.29489, -0.109188][0.56088, -0.24517, 0.79077][0.46183, 0.54944, 0][-0.208835, 1.28579, 0.081346][0.84919, 0.52786, 0.01528][0.51036, 0.53734, 0][-0.160762, 1.36593, 0.04485][0.85544, 0.47545, -0.20534][0.50574, 0.52855, 0][-0.17003, 1.35485, 0.020775][0.92242, 0.38027, -0.06735][0.49973, 0.53203, 0][-0.208835, 1.28579, 0.081346][0.84919, 0.52786, 0.01528][0.51036, 0.53734, 0][-0.196803, 1.30041, 0.111496][0.78376, 0.61100, -0.11136][0.51781, 0.53291, 0][-0.160762, 1.36593, 0.04485][0.85544, 0.47545, -0.20534][0.50574, 0.52855, 0][-0.073054, 1.19651, -0.10572][0.18554, -0.17641, 0.96667][0.44950, 0.56214, 0][-0.090574, 1.28959, -0.121237][0.39166, -0.30536, 0.86796][0.45635, 0.55082, 0][-0.063679, 1.28635, -0.128955][0.19131, -0.34166, 0.92015][0.45125, 0.55159, 0][-0.073054, 1.19651, -0.10572][0.18554, -0.17641, 0.96667][0.44950, 0.56214, 0][-0.107673, 1.20072, -0.096117][0.37093, -0.14112, 0.91787][0.45606, 0.56118, 0][-0.090574, 1.28959, -0.121237][0.39166, -0.30536, 0.86796][0.45635, 0.55082, 0][-0.214145, 1.27078, 0.049894][0.88712, 0.43298, 0.15986][0.50238, 0.54181, 0][-0.17003, 1.35485, 0.020775][0.92242, 0.38027, -0.06735][0.49973, 0.53203, 0][-0.174021, 1.34344, -0.004363][0.95768, 0.27468, 0.08605][0.49329, 0.53555, 0][-0.214145, 1.27078, 0.049894][0.88712, 0.43298, 0.15986][0.50238, 0.54181, 0][-0.208835, 1.28579, 0.081346][0.84919, 0.52786, 0.01528][0.51036, 0.53734, 0][-0.17003, 1.35485, 0.020775][0.92242, 0.38027, -0.06735][0.49973, 0.53203, 0][-0.061127, 1.34833, 0.206273][0.13794, 0.87156, -0.47048][0.54028, 0.51512, 0][-0.011462, 1.40337, 0.121339][-0.01708, 0.78615, -0.61779][0.52358, 0.51182, 0][-0.054632, 1.40211, 0.119963][0.14599, 0.77833, -0.61064][0.52341, 0.51477, 0][-0.061127, 1.34833, 0.206273][0.13794, 0.87156, -0.47048][0.54028, 0.51512, 0][-0.009001, 1.35002, 0.208097][-0.01332, 0.87865, -0.47728][0.54026, 0.51147, 0][-0.011462, 1.40337, 0.121339][-0.01708, 0.78615, -0.61779][0.52358, 0.51182, 0][-0.01886, 1.19518, -0.110072][0.02427, -0.18607, 0.98224][0.44044, 0.56211, 0][-0.063679, 1.28635, -0.128955][0.19131, -0.34166, 0.92015][0.45125, 0.55159, 0][-0.019324, 1.28532, -0.132494][0.02356, -0.35140, 0.93593][0.44386, 0.55160, 0][-0.01886, 1.19518, -0.110072][0.02427, -0.18607, 0.98224][0.44044, 0.56211, 0][-0.073054, 1.19651, -0.10572][0.18554, -0.17641, 0.96667][0.44950, 0.56214, 0][-0.063679, 1.28635, -0.128955][0.19131, -0.34166, 0.92015][0.45125, 0.55159, 0][-0.212424, 1.25574, 0.019151][0.89071, 0.32707, 0.31568][0.49432, 0.54613, 0][-0.174021, 1.34344, -0.004363][0.95768, 0.27468, 0.08605][0.49329, 0.53555, 0][-0.172509, 1.33188, -0.028714][0.95531, 0.16148, 0.24760][0.48681, 0.53895, 0][-0.212424, 1.25574, 0.019151][0.89071, 0.32707, 0.31568][0.49432, 0.54613, 0][-0.214145, 1.27078, 0.049894][0.88712, 0.43298, 0.15986][0.50238, 0.54181, 0][-0.174021, 1.34344, -0.004363][0.95768, 0.27468, 0.08605][0.49329, 0.53555, 0][-0.095067, 1.34365, 0.197738][0.30842, 0.84331, -0.44013][0.53842, 0.51788, 0][-0.054632, 1.40211, 0.119963][0.14599, 0.77833, -0.61064][0.52341, 0.51477, 0][-0.081283, 1.39859, 0.113217][0.33753, 0.74500, -0.57537][0.52196, 0.51689, 0][-0.095067, 1.34365, 0.197738][0.30842, 0.84331, -0.44013][0.53842, 0.51788, 0][-0.061127, 1.34833, 0.206273][0.13794, 0.87156, -0.47048][0.54028, 0.51512, 0][-0.054632, 1.40211, 0.119963][0.14599, 0.77833, -0.61064][0.52341, 0.51477, 0][-0.203662, 1.24136, -0.01017][0.85573, 0.21664, 0.46988][0.48624, 0.55018, 0][-0.172509, 1.33188, -0.028714][0.95531, 0.16148, 0.24760][0.48681, 0.53895, 0][-0.165528, 1.32087, -0.052233][0.91255, 0.04712, 0.40624][0.48028, 0.54215, 0][-0.203662, 1.24136, -0.01017][0.85573, 0.21664, 0.46988][0.48624, 0.55018, 0][-0.212424, 1.25574, 0.019151][0.89071, 0.32707, 0.31568][0.49432, 0.54613, 0][-0.172509, 1.33188, -0.028714][0.95531, 0.16148, 0.24760][0.48681, 0.53895, 0][-0.126711, 1.33615, 0.183312][0.45372, 0.80223, -0.38802][0.53508, 0.52105, 0][-0.081283, 1.39859, 0.113217][0.33753, 0.74500, -0.57537][0.52196, 0.51689, 0][-0.106098, 1.39294, 0.101795][0.49749, 0.69769, -0.51549][0.51939, 0.51933, 0][-0.126711, 1.33615, 0.183312][0.45372, 0.80223, -0.38802][0.53508, 0.52105, 0][-0.095067, 1.34365, 0.197738][0.30842, 0.84331, -0.44013][0.53842, 0.51788, 0][-0.081283, 1.39859, 0.113217][0.33753, 0.74500, -0.57537][0.52196, 0.51689, 0][-0.188128, 1.22823, -0.037316][0.78142, 0.10713, 0.61474][0.47825, 0.55383, 0][-0.165528, 1.32087, -0.052233][0.91255, 0.04712, 0.40624][0.48028, 0.54215, 0][-0.153302, 1.31081, -0.074023][0.82947, -0.06334, 0.55494][0.47387, 0.54503, 0][-0.188128, 1.22823, -0.037316][0.78142, 0.10713, 0.61474][0.47825, 0.55383, 0][-0.203662, 1.24136, -0.01017][0.85573, 0.21664, 0.46988][0.48624, 0.55018, 0][-0.165528, 1.32087, -0.052233][0.91255, 0.04712, 0.40624][0.48028, 0.54215, 0][-0.154903, 1.3261, 0.163591][0.58348, 0.74871, -0.31461][0.53041, 0.52466, 0][-0.106098, 1.39294, 0.101795][0.49749, 0.69769, -0.51549][0.51939, 0.51933, 0][-0.128152, 1.3854, 0.086158][0.63977, 0.63559, -0.43210][0.51574, 0.52211, 0][-0.154903, 1.3261, 0.163591][0.58348, 0.74871, -0.31461][0.53041, 0.52466, 0][-0.126711, 1.33615, 0.183312][0.45372, 0.80223, -0.38802][0.53508, 0.52105, 0][-0.106098, 1.39294, 0.101795][0.49749, 0.69769, -0.51549][0.51939, 0.51933, 0][-0.079688, 1.49421, 0.018547][0.36962, 0.57772, -0.72775][0.89259, 0.64074, 0][-0.056763, 1.63329, -0.059365][0.16558, 0.36614, -0.91571][0.87063, 0.62816, 0][-0.07901, 1.62955, -0.064836][0.37801, 0.34626, -0.85861][0.87057, 0.63140, 0][-0.079688, 1.49421, 0.018547][0.36962, 0.57772, -0.72775][0.89259, 0.64074, 0][-0.057475, 1.49727, 0.024117][0.15752, 0.61290, -0.77430][0.89282, 0.63727, 0][-0.056763, 1.63329, -0.059365][0.16558, 0.36614, -0.91571][0.87063, 0.62816, 0][-0.172509, 1.33188, -0.028714][0.95531, 0.16148, 0.24760][0.90955, 0.69248, 0][-0.156715, 1.44487, -0.078952][0.99626, 0.08635, -0.00020][0.89289, 0.67636, 0][-0.155411, 1.43425, -0.099311][0.98667, -0.02456, 0.16085][0.89268, 0.68358, 0][-0.172509, 1.33188, -0.028714][0.95531, 0.16148, 0.24760][0.90955, 0.69248, 0][-0.174021, 1.34344, -0.004363][0.95768, 0.27468, 0.08605][0.90971, 0.68396, 0][-0.156715, 1.44487, -0.078952][0.99626, 0.08635, -0.00020][0.89289, 0.67636, 0][-0.081283, 1.39859, 0.113217][0.33753, 0.74500, -0.57537][0.90925, 0.64234, 0][-0.057475, 1.49727, 0.024117][0.15752, 0.61290, -0.77430][0.89282, 0.63727, 0][-0.079688, 1.49421, 0.018547][0.36962, 0.57772, -0.72775][0.89259, 0.64074, 0][-0.081283, 1.39859, 0.113217][0.33753, 0.74500, -0.57537][0.90925, 0.64234, 0][-0.054632, 1.40211, 0.119963][0.14599, 0.77833, -0.61064][0.90939, 0.63840, 0][-0.057475, 1.49727, 0.024117][0.15752, 0.61290, -0.77430][0.89282, 0.63727, 0][-0.165528, 1.32087, -0.052233][0.91255, 0.04712, 0.40624][0.90922, 0.70074, 0][-0.155411, 1.43425, -0.099311][0.98667, -0.02456, 0.16085][0.89268, 0.68358, 0][-0.149572, 1.42405, -0.119][0.93806, -0.13562, 0.31883][0.89233, 0.69068, 0][-0.165528, 1.32087, -0.052233][0.91255, 0.04712, 0.40624][0.90922, 0.70074, 0][-0.172509, 1.33188, -0.028714][0.95531, 0.16148, 0.24760][0.90955, 0.69248, 0][-0.155411, 1.43425, -0.099311][0.98667, -0.02456, 0.16085][0.89268, 0.68358, 0][-0.106098, 1.39294, 0.101795][0.49749, 0.69769, -0.51549][0.90922, 0.64712, 0][-0.079688, 1.49421, 0.018547][0.36962, 0.57772, -0.72775][0.89259, 0.64074, 0][-0.10036, 1.48927, 0.009112][0.54227, 0.52698, -0.65439][0.89258, 0.64496, 0][-0.106098, 1.39294, 0.101795][0.49749, 0.69769, -0.51549][0.90922, 0.64712, 0][-0.081283, 1.39859, 0.113217][0.33753, 0.74500, -0.57537][0.90925, 0.64234, 0][-0.079688, 1.49421, 0.018547][0.36962, 0.57772, -0.72775][0.89259, 0.64074, 0][-0.153302, 1.31081, -0.074023][0.82947, -0.06334, 0.55494][0.90876, 0.70850, 0][-0.149572, 1.42405, -0.119][0.93806, -0.13562, 0.31883][0.89233, 0.69068, 0][-0.13939, 1.41465, -0.137267][0.85089, -0.24157, 0.46651][0.89185, 0.69746, 0][-0.153302, 1.31081, -0.074023][0.82947, -0.06334, 0.55494][0.90876, 0.70850, 0][-0.165528, 1.32087, -0.052233][0.91255, 0.04712, 0.40624][0.90922, 0.70074, 0][-0.149572, 1.42405, -0.119][0.93806, -0.13562, 0.31883][0.89233, 0.69068, 0][-0.128152, 1.3854, 0.086158][0.63977, 0.63559, -0.43210][0.90931, 0.65288, 0][-0.10036, 1.48927, 0.009112][0.54227, 0.52698, -0.65439][0.89258, 0.64496, 0][-0.118714, 1.48263, -0.003823][0.69181, 0.46061, -0.55609][0.89270, 0.65001, 0][-0.128152, 1.3854, 0.086158][0.63977, 0.63559, -0.43210][0.90931, 0.65288, 0][-0.106098, 1.39294, 0.101795][0.49749, 0.69769, -0.51549][0.90922, 0.64712, 0][-0.10036, 1.48927, 0.009112][0.54227, 0.52698, -0.65439][0.89258, 0.64496, 0][-0.136279, 1.30206, -0.093261][0.70980, -0.16293, 0.68530][0.90816, 0.71550, 0][-0.13939, 1.41465, -0.137267][0.85089, -0.24157, 0.46651][0.89185, 0.69746, 0][-0.125239, 1.4064, -0.153385][0.72843, -0.33660, 0.59673][0.89127, 0.70369, 0][-0.136279, 1.30206, -0.093261][0.70980, -0.16293, 0.68530][0.90816, 0.71550, 0][-0.153302, 1.31081, -0.074023][0.82947, -0.06334, 0.55494][0.90876, 0.70850, 0][-0.13939, 1.41465, -0.137267][0.85089, -0.24157, 0.46651][0.89185, 0.69746, 0][-0.14661, 1.37626, 0.066931][0.76019, 0.56094, -0.32781][0.90950, 0.65960, 0][-0.118714, 1.48263, -0.003823][0.69181, 0.46061, -0.55609][0.89270, 0.65001, 0][-0.134054, 1.47454, -0.019757][0.81440, 0.38076, -0.43792][0.89286, 0.65581, 0][-0.14661, 1.37626, 0.066931][0.76019, 0.56094, -0.32781][0.90950, 0.65960, 0][-0.128152, 1.3854, 0.086158][0.63977, 0.63559, -0.43210][0.90931, 0.65288, 0][-0.118714, 1.48263, -0.003823][0.69181, 0.46061, -0.55609][0.89270, 0.65001, 0][-0.115097, 1.29489, -0.109188][0.56088, -0.24517, 0.79077][0.90740, 0.72160, 0][-0.125239, 1.4064, -0.153385][0.72843, -0.33660, 0.59673][0.89127, 0.70369, 0][-0.107649, 1.39963, -0.166757][0.57667, -0.41529, 0.70355][0.89059, 0.70918, 0][-0.115097, 1.29489, -0.109188][0.56088, -0.24517, 0.79077][0.90740, 0.72160, 0][-0.136279, 1.30206, -0.093261][0.70980, -0.16293, 0.68530][0.90816, 0.71550, 0][-0.125239, 1.4064, -0.153385][0.72843, -0.33660, 0.59673][0.89127, 0.70369, 0][-0.160762, 1.36593, 0.04485][0.85544, 0.47545, -0.20534][0.90969, 0.66716, 0][-0.134054, 1.47454, -0.019757][0.81440, 0.38076, -0.43792][0.89286, 0.65581, 0][-0.145789, 1.4653, -0.038057][0.90746, 0.29042, -0.30359][0.89298, 0.66224, 0][-0.160762, 1.36593, 0.04485][0.85544, 0.47545, -0.20534][0.90969, 0.66716, 0][-0.14661, 1.37626, 0.066931][0.76019, 0.56094, -0.32781][0.90950, 0.65960, 0][-0.134054, 1.47454, -0.019757][0.81440, 0.38076, -0.43792][0.89286, 0.65581, 0][-0.090574, 1.28959, -0.121237][0.39166, -0.30536, 0.86796][0.90637, 0.72675, 0][-0.107649, 1.39963, -0.166757][0.57667, -0.41529, 0.70355][0.89059, 0.70918, 0][-0.087302, 1.39461, -0.176873][0.40311, -0.47349, 0.78314][0.88974, 0.71378, 0][-0.090574, 1.28959, -0.121237][0.39166, -0.30536, 0.86796][0.90637, 0.72675, 0][-0.115097, 1.29489, -0.109188][0.56088, -0.24517, 0.79077][0.90740, 0.72160, 0][-0.107649, 1.39963, -0.166757][0.57667, -0.41529, 0.70355][0.89059, 0.70918, 0][-0.17003, 1.35485, 0.020775][0.92242, 0.38027, -0.06735][0.90978, 0.67538, 0][-0.145789, 1.4653, -0.038057][0.90746, 0.29042, -0.30359][0.89298, 0.66224, 0][-0.153449, 1.45528, -0.058047][0.96878, 0.19217, -0.15662][0.89300, 0.66915, 0][-0.17003, 1.35485, 0.020775][0.92242, 0.38027, -0.06735][0.90978, 0.67538, 0][-0.160762, 1.36593, 0.04485][0.85544, 0.47545, -0.20534][0.90969, 0.66716, 0][-0.145789, 1.4653, -0.038057][0.90746, 0.29042, -0.30359][0.89298, 0.66224, 0][-0.063679, 1.28635, -0.128955][0.19131, -0.34166, 0.92015][0.90494, 0.73095, 0][-0.087302, 1.39461, -0.176873][0.40311, -0.47349, 0.78314][0.88974, 0.71378, 0][-0.064997, 1.39153, -0.183347][0.19433, -0.51048, 0.83765][0.88863, 0.71746, 0][-0.063679, 1.28635, -0.128955][0.19131, -0.34166, 0.92015][0.90494, 0.73095, 0][-0.090574, 1.28959, -0.121237][0.39166, -0.30536, 0.86796][0.90637, 0.72675, 0][-0.087302, 1.39461, -0.176873][0.40311, -0.47349, 0.78314][0.88974, 0.71378, 0][-0.174021, 1.34344, -0.004363][0.95768, 0.27468, 0.08605][0.90971, 0.68396, 0][-0.153449, 1.45528, -0.058047][0.96878, 0.19217, -0.15662][0.89300, 0.66915, 0][-0.156715, 1.44487, -0.078952][0.99626, 0.08635, -0.00020][0.89289, 0.67636, 0][-0.174021, 1.34344, -0.004363][0.95768, 0.27468, 0.08605][0.90971, 0.68396, 0][-0.17003, 1.35485, 0.020775][0.92242, 0.38027, -0.06735][0.90978, 0.67538, 0][-0.153449, 1.45528, -0.058047][0.96878, 0.19217, -0.15662][0.89300, 0.66915, 0][-0.054632, 1.40211, 0.119963][0.14599, 0.77833, -0.61064][0.90939, 0.63840, 0][-0.014221, 1.49836, 0.025059][-0.01905, 0.62144, -0.78323][0.89388, 0.63196, 0][-0.057475, 1.49727, 0.024117][0.15752, 0.61290, -0.77430][0.89282, 0.63727, 0][-0.054632, 1.40211, 0.119963][0.14599, 0.77833, -0.61064][0.90939, 0.63840, 0][-0.011462, 1.40337, 0.121339][-0.01708, 0.78615, -0.61779][0.90978, 0.63308, 0][-0.014221, 1.49836, 0.025059][-0.01905, 0.62144, -0.78323][0.89388, 0.63196, 0][-0.118069, 1.6154, -0.08685][0.70319, 0.24998, -0.66561][0.87180, 0.64012, 0][-0.11093, 1.72479, -0.101389][0.56145, 0.31192, -0.76647][0.85472, 0.62664, 0][-0.134741, 1.71409, -0.118373][0.71012, 0.25223, -0.65735][0.85632, 0.63155, 0][-0.118069, 1.6154, -0.08685][0.70319, 0.24998, -0.66561][0.87180, 0.64012, 0][-0.099704, 1.62351, -0.074118][0.55384, 0.30624, -0.77426][0.87104, 0.63537, 0][-0.11093, 1.72479, -0.101389][0.56145, 0.31192, -0.76647][0.85472, 0.62664, 0][-0.149572, 1.42405, -0.119][0.93806, -0.13562, 0.31883][0.89233, 0.69068, 0][-0.154683, 1.55638, -0.180892][0.97930, -0.19563, 0.05201][0.87418, 0.67242, 0][-0.14881, 1.54395, -0.200256][0.93086, -0.30315, 0.20399][0.87395, 0.67932, 0][-0.149572, 1.42405, -0.119][0.93806, -0.13562, 0.31883][0.89233, 0.69068, 0][-0.155411, 1.43425, -0.099311][0.98667, -0.02456, 0.16085][0.89268, 0.68358, 0][-0.154683, 1.55638, -0.180892][0.97930, -0.19563, 0.05201][0.87418, 0.67242, 0][-0.10036, 1.48927, 0.009112][0.54227, 0.52698, -0.65439][0.89258, 0.64496, 0][-0.07901, 1.62955, -0.064836][0.37801, 0.34626, -0.85861][0.87057, 0.63140, 0][-0.099704, 1.62351, -0.074118][0.55384, 0.30624, -0.77426][0.87104, 0.63537, 0][-0.10036, 1.48927, 0.009112][0.54227, 0.52698, -0.65439][0.89258, 0.64496, 0][-0.079688, 1.49421, 0.018547][0.36962, 0.57772, -0.72775][0.89259, 0.64074, 0][-0.07901, 1.62955, -0.064836][0.37801, 0.34626, -0.85861][0.87057, 0.63140, 0][-0.13939, 1.41465, -0.137267][0.85089, -0.24157, 0.46651][0.89185, 0.69746, 0][-0.14881, 1.54395, -0.200256][0.93086, -0.30315, 0.20399][0.87395, 0.67932, 0][-0.138594, 1.53248, -0.218208][0.84520, -0.40764, 0.34564][0.87341, 0.68594, 0][-0.13939, 1.41465, -0.137267][0.85089, -0.24157, 0.46651][0.89185, 0.69746, 0][-0.149572, 1.42405, -0.119][0.93806, -0.13562, 0.31883][0.89233, 0.69068, 0][-0.14881, 1.54395, -0.200256][0.93086, -0.30315, 0.20399][0.87395, 0.67932, 0][-0.118714, 1.48263, -0.003823][0.69181, 0.46061, -0.55609][0.89270, 0.65001, 0][-0.099704, 1.62351, -0.074118][0.55384, 0.30624, -0.77426][0.87104, 0.63537, 0][-0.118069, 1.6154, -0.08685][0.70319, 0.24998, -0.66561][0.87180, 0.64012, 0][-0.118714, 1.48263, -0.003823][0.69181, 0.46061, -0.55609][0.89270, 0.65001, 0][-0.10036, 1.48927, 0.009112][0.54227, 0.52698, -0.65439][0.89258, 0.64496, 0][-0.099704, 1.62351, -0.074118][0.55384, 0.30624, -0.77426][0.87104, 0.63537, 0][-0.125239, 1.4064, -0.153385][0.72843, -0.33660, 0.59673][0.89127, 0.70369, 0][-0.138594, 1.53248, -0.218208][0.84520, -0.40764, 0.34564][0.87341, 0.68594, 0][-0.124403, 1.52243, -0.234065][0.72467, -0.50363, 0.47033][0.87259, 0.69208, 0][-0.125239, 1.4064, -0.153385][0.72843, -0.33660, 0.59673][0.89127, 0.70369, 0][-0.13939, 1.41465, -0.137267][0.85089, -0.24157, 0.46651][0.89185, 0.69746, 0][-0.138594, 1.53248, -0.218208][0.84520, -0.40764, 0.34564][0.87341, 0.68594, 0][-0.134054, 1.47454, -0.019757][0.81440, 0.38076, -0.43792][0.89286, 0.65581, 0][-0.118069, 1.6154, -0.08685][0.70319, 0.24998, -0.66561][0.87180, 0.64012, 0][-0.133409, 1.60552, -0.102543][0.82273, 0.17942, -0.53937][0.87262, 0.64563, 0][-0.134054, 1.47454, -0.019757][0.81440, 0.38076, -0.43792][0.89286, 0.65581, 0][-0.118714, 1.48263, -0.003823][0.69181, 0.46061, -0.55609][0.89270, 0.65001, 0][-0.118069, 1.6154, -0.08685][0.70319, 0.24998, -0.66561][0.87180, 0.64012, 0][-0.107649, 1.39963, -0.166757][0.57667, -0.41529, 0.70355][0.89059, 0.70918, 0][-0.124403, 1.52243, -0.234065][0.72467, -0.50363, 0.47033][0.87259, 0.69208, 0][-0.106771, 1.51419, -0.247225][0.57414, -0.58574, 0.57207][0.87170, 0.69765, 0][-0.107649, 1.39963, -0.166757][0.57667, -0.41529, 0.70355][0.89059, 0.70918, 0][-0.125239, 1.4064, -0.153385][0.72843, -0.33660, 0.59673][0.89127, 0.70369, 0][-0.124403, 1.52243, -0.234065][0.72467, -0.50363, 0.47033][0.87259, 0.69208, 0][-0.145789, 1.4653, -0.038057][0.90746, 0.29042, -0.30359][0.89298, 0.66224, 0][-0.133409, 1.60552, -0.102543][0.82273, 0.17942, -0.53937][0.87262, 0.64563, 0][-0.145132, 1.59426, -0.120582][0.91102, 0.09710, -0.40077][0.87333, 0.65179, 0][-0.145789, 1.4653, -0.038057][0.90746, 0.29042, -0.30359][0.89298, 0.66224, 0][-0.134054, 1.47454, -0.019757][0.81440, 0.38076, -0.43792][0.89286, 0.65581, 0][-0.133409, 1.60552, -0.102543][0.82273, 0.17942, -0.53937][0.87262, 0.64563, 0][-0.087302, 1.39461, -0.176873][0.40311, -0.47349, 0.78314][0.88974, 0.71378, 0][-0.106771, 1.51419, -0.247225][0.57414, -0.58574, 0.57207][0.87170, 0.69765, 0][-0.08638, 1.50808, -0.257188][0.40077, -0.64938, 0.64629][0.87066, 0.70243, 0][-0.087302, 1.39461, -0.176873][0.40311, -0.47349, 0.78314][0.88974, 0.71378, 0][-0.107649, 1.39963, -0.166757][0.57667, -0.41529, 0.70355][0.89059, 0.70918, 0][-0.106771, 1.51419, -0.247225][0.57414, -0.58574, 0.57207][0.87170, 0.69765, 0][-0.153449, 1.45528, -0.058047][0.96878, 0.19217, -0.15662][0.89300, 0.66915, 0][-0.145132, 1.59426, -0.120582][0.91102, 0.09710, -0.40077][0.87333, 0.65179, 0][-0.152775, 1.58203, -0.140277][0.96729, 0.00626, -0.25360][0.87384, 0.65846, 0][-0.153449, 1.45528, -0.058047][0.96878, 0.19217, -0.15662][0.89300, 0.66915, 0][-0.145789, 1.4653, -0.038057][0.90746, 0.29042, -0.30359][0.89298, 0.66224, 0][-0.145132, 1.59426, -0.120582][0.91102, 0.09710, -0.40077][0.87333, 0.65179, 0][-0.064997, 1.39153, -0.183347][0.19433, -0.51048, 0.83765][0.88863, 0.71746, 0][-0.08638, 1.50808, -0.257188][0.40077, -0.64938, 0.64629][0.87066, 0.70243, 0][-0.06403, 1.50433, -0.263573][0.19706, -0.69556, 0.69091][0.86955, 0.70637, 0][-0.064997, 1.39153, -0.183347][0.19433, -0.51048, 0.83765][0.88863, 0.71746, 0][-0.087302, 1.39461, -0.176873][0.40311, -0.47349, 0.78314][0.88974, 0.71378, 0][-0.08638, 1.50808, -0.257188][0.40077, -0.64938, 0.64629][0.87066, 0.70243, 0][-0.156715, 1.44487, -0.078952][0.99626, 0.08635, -0.00020][0.89289, 0.67636, 0][-0.152775, 1.58203, -0.140277][0.96729, 0.00626, -0.25360][0.87384, 0.65846, 0][-0.156017, 1.56932, -0.160881][0.99058, -0.09137, -0.10201][0.87412, 0.66543, 0][-0.156715, 1.44487, -0.078952][0.99626, 0.08635, -0.00020][0.89289, 0.67636, 0][-0.153449, 1.45528, -0.058047][0.96878, 0.19217, -0.15662][0.89300, 0.66915, 0][-0.152775, 1.58203, -0.140277][0.96729, 0.00626, -0.25360][0.87384, 0.65846, 0][-0.057475, 1.49727, 0.024117][0.15752, 0.61290, -0.77430][0.89282, 0.63727, 0][-0.016647, 1.6346, -0.058384][-0.01820, 0.37017, -0.92879][0.87234, 0.62358, 0][-0.056763, 1.63329, -0.059365][0.16558, 0.36614, -0.91571][0.87063, 0.62816, 0][-0.057475, 1.49727, 0.024117][0.15752, 0.61290, -0.77430][0.89282, 0.63727, 0][-0.014221, 1.49836, 0.025059][-0.01905, 0.62144, -0.78323][0.89388, 0.63196, 0][-0.016647, 1.6346, -0.058384][-0.01820, 0.37017, -0.92879][0.87234, 0.62358, 0][-0.020767, 1.39054, -0.186494][0.02085, -0.51970, 0.85409][0.88547, 0.72282, 0][-0.06403, 1.50433, -0.263573][0.19706, -0.69556, 0.69091][0.86955, 0.70637, 0][-0.023022, 1.50312, -0.266614][0.02349, -0.71068, 0.70312][0.86754, 0.71193, 0][-0.020767, 1.39054, -0.186494][0.02085, -0.51970, 0.85409][0.88547, 0.72282, 0][-0.064997, 1.39153, -0.183347][0.19433, -0.51048, 0.83765][0.88863, 0.71746, 0][-0.06403, 1.50433, -0.263573][0.19706, -0.69556, 0.69091][0.86955, 0.70637, 0][-0.155411, 1.43425, -0.099311][0.98667, -0.02456, 0.16085][0.89268, 0.68358, 0][-0.156017, 1.56932, -0.160881][0.99058, -0.09137, -0.10201][0.87412, 0.66543, 0][-0.154683, 1.55638, -0.180892][0.97930, -0.19563, 0.05201][0.87418, 0.67242, 0][-0.155411, 1.43425, -0.099311][0.98667, -0.02456, 0.16085][0.89268, 0.68358, 0][-0.156715, 1.44487, -0.078952][0.99626, 0.08635, -0.00020][0.89289, 0.67636, 0][-0.156017, 1.56932, -0.160881][0.99058, -0.09137, -0.10201][0.87412, 0.66543, 0][-0.02565, 1.56576, -0.356491][0.02414, -0.70050, 0.71324][0.85376, 0.70893, 0][-0.065024, 1.62573, -0.391886][0.21438, -0.48739, 0.84646][0.84890, 0.69829, 0][-0.026769, 1.6243, -0.395646][0.02241, -0.49658, 0.86770][0.84552, 0.70209, 0][-0.02565, 1.56576, -0.356491][0.02414, -0.70050, 0.71324][0.85376, 0.70893, 0][-0.064442, 1.56737, -0.352847][0.20615, -0.68572, 0.69806][0.85584, 0.70443, 0][-0.065024, 1.62573, -0.391886][0.21438, -0.48739, 0.84646][0.84890, 0.69829, 0][-0.124403, 1.52243, -0.234065][0.72467, -0.50363, 0.47033][0.87259, 0.69208, 0][-0.161286, 1.60461, -0.292853][0.84909, -0.40130, 0.34351][0.86155, 0.68301, 0][-0.142858, 1.59132, -0.313827][0.73035, -0.49683, 0.46876][0.86041, 0.68983, 0][-0.124403, 1.52243, -0.234065][0.72467, -0.50363, 0.47033][0.87259, 0.69208, 0][-0.138594, 1.53248, -0.218208][0.84520, -0.40764, 0.34564][0.87341, 0.68594, 0][-0.161286, 1.60461, -0.292853][0.84909, -0.40130, 0.34351][0.86155, 0.68301, 0][-0.133409, 1.60552, -0.102543][0.82273, 0.17942, -0.53937][0.87262, 0.64563, 0][-0.134741, 1.71409, -0.118373][0.71012, 0.25223, -0.65735][0.85632, 0.63155, 0][-0.154627, 1.70106, -0.139288][0.82807, 0.18050, -0.53078][0.85805, 0.63731, 0][-0.133409, 1.60552, -0.102543][0.82273, 0.17942, -0.53937][0.87262, 0.64563, 0][-0.118069, 1.6154, -0.08685][0.70319, 0.24998, -0.66561][0.87180, 0.64012, 0][-0.134741, 1.71409, -0.118373][0.71012, 0.25223, -0.65735][0.85632, 0.63155, 0][-0.106771, 1.51419, -0.247225][0.57414, -0.58574, 0.57207][0.87170, 0.69765, 0][-0.142858, 1.59132, -0.313827][0.73035, -0.49683, 0.46876][0.86041, 0.68983, 0][-0.11996, 1.58042, -0.331221][0.58076, -0.57841, 0.57286][0.85893, 0.69567, 0][-0.106771, 1.51419, -0.247225][0.57414, -0.58574, 0.57207][0.87170, 0.69765, 0][-0.124403, 1.52243, -0.234065][0.72467, -0.50363, 0.47033][0.87259, 0.69208, 0][-0.142858, 1.59132, -0.313827][0.73035, -0.49683, 0.46876][0.86041, 0.68983, 0][-0.145132, 1.59426, -0.120582][0.91102, 0.09710, -0.40077][0.87333, 0.65179, 0][-0.154627, 1.70106, -0.139288][0.82807, 0.18050, -0.53078][0.85805, 0.63731, 0][-0.16982, 1.6862, -0.163353][0.91443, 0.09807, -0.39269][0.85970, 0.64399, 0][-0.145132, 1.59426, -0.120582][0.91102, 0.09710, -0.40077][0.87333, 0.65179, 0][-0.133409, 1.60552, -0.102543][0.82273, 0.17942, -0.53937][0.87262, 0.64563, 0][-0.154627, 1.70106, -0.139288][0.82807, 0.18050, -0.53078][0.85805, 0.63731, 0][-0.08638, 1.50808, -0.257188][0.40077, -0.64938, 0.64629][0.87066, 0.70243, 0][-0.11996, 1.58042, -0.331221][0.58076, -0.57841, 0.57286][0.85893, 0.69567, 0][-0.093474, 1.57233, -0.344394][0.40692, -0.64151, 0.65029][0.85737, 0.70049, 0][-0.08638, 1.50808, -0.257188][0.40077, -0.64938, 0.64629][0.87066, 0.70243, 0][-0.106771, 1.51419, -0.247225][0.57414, -0.58574, 0.57207][0.87170, 0.69765, 0][-0.11996, 1.58042, -0.331221][0.58076, -0.57841, 0.57286][0.85893, 0.69567, 0][-0.152775, 1.58203, -0.140277][0.96729, 0.00626, -0.25360][0.87384, 0.65846, 0][-0.16982, 1.6862, -0.163353][0.91443, 0.09807, -0.39269][0.85970, 0.64399, 0][-0.179724, 1.67009, -0.189636][0.96876, 0.00674, -0.24789][0.86103, 0.65148, 0][-0.152775, 1.58203, -0.140277][0.96729, 0.00626, -0.25360][0.87384, 0.65846, 0][-0.145132, 1.59426, -0.120582][0.91102, 0.09710, -0.40077][0.87333, 0.65179, 0][-0.16982, 1.6862, -0.163353][0.91443, 0.09807, -0.39269][0.85970, 0.64399, 0][-0.06403, 1.50433, -0.263573][0.19706, -0.69556, 0.69091][0.86955, 0.70637, 0][-0.093474, 1.57233, -0.344394][0.40692, -0.64151, 0.65029][0.85737, 0.70049, 0][-0.064442, 1.56737, -0.352847][0.20615, -0.68572, 0.69806][0.85584, 0.70443, 0][-0.06403, 1.50433, -0.263573][0.19706, -0.69556, 0.69091][0.86955, 0.70637, 0][-0.08638, 1.50808, -0.257188][0.40077, -0.64938, 0.64629][0.87066, 0.70243, 0][-0.093474, 1.57233, -0.344394][0.40692, -0.64151, 0.65029][0.85737, 0.70049, 0][-0.156017, 1.56932, -0.160881][0.99058, -0.09137, -0.10201][0.87412, 0.66543, 0][-0.179724, 1.67009, -0.189636][0.96876, 0.00674, -0.24789][0.86103, 0.65148, 0][-0.183919, 1.65331, -0.217006][0.99099, -0.09020, -0.09905][0.86193, 0.65948, 0][-0.156017, 1.56932, -0.160881][0.99058, -0.09137, -0.10201][0.87412, 0.66543, 0][-0.152775, 1.58203, -0.140277][0.96729, 0.00626, -0.25360][0.87384, 0.65846, 0][-0.179724, 1.67009, -0.189636][0.96876, 0.00674, -0.24789][0.86103, 0.65148, 0][-0.056763, 1.63329, -0.059365][0.16558, 0.36614, -0.91571][0.87063, 0.62816, 0][-0.017276, 1.7394, -0.080034][-0.01939, 0.38632, -0.92216][0.85286, 0.61371, 0][-0.055233, 1.73768, -0.081724][0.17472, 0.37990, -0.90838][0.85270, 0.61857, 0][-0.056763, 1.63329, -0.059365][0.16558, 0.36614, -0.91571][0.87063, 0.62816, 0][-0.016647, 1.6346, -0.058384][-0.01820, 0.37017, -0.92879][0.87234, 0.62358, 0][-0.017276, 1.7394, -0.080034][-0.01939, 0.38632, -0.92216][0.85286, 0.61371, 0][-0.023022, 1.50312, -0.266614][0.02349, -0.71068, 0.70312][0.86754, 0.71193, 0][-0.064442, 1.56737, -0.352847][0.20615, -0.68572, 0.69806][0.85584, 0.70443, 0][-0.02565, 1.56576, -0.356491][0.02414, -0.70050, 0.71324][0.85376, 0.70893, 0][-0.023022, 1.50312, -0.266614][0.02349, -0.71068, 0.70312][0.86754, 0.71193, 0][-0.06403, 1.50433, -0.263573][0.19706, -0.69556, 0.69091][0.86955, 0.70637, 0][-0.064442, 1.56737, -0.352847][0.20615, -0.68572, 0.69806][0.85584, 0.70443, 0][-0.154683, 1.55638, -0.180892][0.97930, -0.19563, 0.05201][0.87418, 0.67242, 0][-0.183919, 1.65331, -0.217006][0.99099, -0.09020, -0.09905][0.86193, 0.65948, 0][-0.182181, 1.63622, -0.243559][0.97988, -0.19254, 0.05264][0.86237, 0.66757, 0][-0.154683, 1.55638, -0.180892][0.97930, -0.19563, 0.05201][0.87418, 0.67242, 0][-0.156017, 1.56932, -0.160881][0.99058, -0.09137, -0.10201][0.87412, 0.66543, 0][-0.183919, 1.65331, -0.217006][0.99099, -0.09020, -0.09905][0.86193, 0.65948, 0][-0.07901, 1.62955, -0.064836][0.37801, 0.34626, -0.85861][0.87057, 0.63140, 0][-0.055233, 1.73768, -0.081724][0.17472, 0.37990, -0.90838][0.85270, 0.61857, 0][-0.084092, 1.73275, -0.089012][0.38453, 0.35598, -0.85171][0.85345, 0.62239, 0][-0.07901, 1.62955, -0.064836][0.37801, 0.34626, -0.85861][0.87057, 0.63140, 0][-0.056763, 1.63329, -0.059365][0.16558, 0.36614, -0.91571][0.87063, 0.62816, 0][-0.055233, 1.73768, -0.081724][0.17472, 0.37990, -0.90838][0.85270, 0.61857, 0][-0.14881, 1.54395, -0.200256][0.93086, -0.30315, 0.20399][0.87395, 0.67932, 0][-0.182181, 1.63622, -0.243559][0.97988, -0.19254, 0.05264][0.86237, 0.66757, 0][-0.174551, 1.61976, -0.269129][0.93277, -0.29796, 0.20287][0.86224, 0.67550, 0][-0.14881, 1.54395, -0.200256][0.93086, -0.30315, 0.20399][0.87395, 0.67932, 0][-0.154683, 1.55638, -0.180892][0.97930, -0.19563, 0.05201][0.87418, 0.67242, 0][-0.182181, 1.63622, -0.243559][0.97988, -0.19254, 0.05264][0.86237, 0.66757, 0][-0.099704, 1.62351, -0.074118][0.55384, 0.30624, -0.77426][0.87104, 0.63537, 0][-0.084092, 1.73275, -0.089012][0.38453, 0.35598, -0.85171][0.85345, 0.62239, 0][-0.11093, 1.72479, -0.101389][0.56145, 0.31192, -0.76647][0.85472, 0.62664, 0][-0.099704, 1.62351, -0.074118][0.55384, 0.30624, -0.77426][0.87104, 0.63537, 0][-0.07901, 1.62955, -0.064836][0.37801, 0.34626, -0.85861][0.87057, 0.63140, 0][-0.084092, 1.73275, -0.089012][0.38453, 0.35598, -0.85171][0.85345, 0.62239, 0][-0.138594, 1.53248, -0.218208][0.84520, -0.40764, 0.34564][0.87341, 0.68594, 0][-0.174551, 1.61976, -0.269129][0.93277, -0.29796, 0.20287][0.86224, 0.67550, 0][-0.161286, 1.60461, -0.292853][0.84909, -0.40130, 0.34351][0.86155, 0.68301, 0][-0.138594, 1.53248, -0.218208][0.84520, -0.40764, 0.34564][0.87341, 0.68594, 0][-0.14881, 1.54395, -0.200256][0.93086, -0.30315, 0.20399][0.87395, 0.67932, 0][-0.174551, 1.61976, -0.269129][0.93277, -0.29796, 0.20287][0.86224, 0.67550, 0][-0.084092, 1.73275, -0.089012][0.38453, 0.35598, -0.85171][0.85345, 0.62239, 0][-0.056062, 1.79575, -0.120224][0.17945, 0.59649, -0.78230][0.84408, 0.61933, 0][-0.084653, 1.79031, -0.127187][0.39187, 0.55983, -0.73009][0.84586, 0.62241, 0][-0.084092, 1.73275, -0.089012][0.38453, 0.35598, -0.85171][0.85345, 0.62239, 0][-0.055233, 1.73768, -0.081724][0.17472, 0.37990, -0.90838][0.85270, 0.61857, 0][-0.056062, 1.79575, -0.120224][0.17945, 0.59649, -0.78230][0.84408, 0.61933, 0][-0.182181, 1.63622, -0.243559][0.97988, -0.19254, 0.05264][0.86237, 0.66757, 0][-0.183257, 1.70785, -0.253219][0.99426, 0.10409, 0.02494][0.85497, 0.65614, 0][-0.181465, 1.69088, -0.279856][0.98388, 0.00281, 0.17882][0.85557, 0.66373, 0][-0.182181, 1.63622, -0.243559][0.97988, -0.19254, 0.05264][0.86237, 0.66757, 0][-0.183919, 1.65331, -0.217006][0.99099, -0.09020, -0.09905][0.86193, 0.65948, 0][-0.183257, 1.70785, -0.253219][0.99426, 0.10409, 0.02494][0.85497, 0.65614, 0][-0.054772, 1.82101, -0.162541][0.06496, 0.96925, 0.23735][0.84033, 0.62384, 0][-0.087156, 1.81295, -0.174824][0.18110, 0.93889, 0.29272][0.84289, 0.62733, 0][-0.068119, 1.81869, -0.165949][0.13653, 0.95869, 0.24955][0.84145, 0.62497, 0][-0.054772, 1.82101, -0.162541][0.06496, 0.96925, 0.23735][0.84033, 0.62384, 0][-0.10672, 1.804, -0.188964][0.21112, 0.91683, 0.33889][0.84440, 0.63080, 0][-0.087156, 1.81295, -0.174824][0.18110, 0.93889, 0.29272][0.84289, 0.62733, 0][-0.054772, 1.82101, -0.162541][0.06496, 0.96925, 0.23735][0.84033, 0.62384, 0][-0.12412, 1.79238, -0.207605][0.23097, 0.89466, 0.38240][0.84583, 0.63529, 0][-0.10672, 1.804, -0.188964][0.21112, 0.91683, 0.33889][0.84440, 0.63080, 0][-0.054772, 1.82101, -0.162541][0.06496, 0.96925, 0.23735][0.84033, 0.62384, 0][-0.137779, 1.7787, -0.229751][0.24384, 0.87282, 0.42275][0.84707, 0.64072, 0][-0.12412, 1.79238, -0.207605][0.23097, 0.89466, 0.38240][0.84583, 0.63529, 0][-0.054772, 1.82101, -0.162541][0.06496, 0.96925, 0.23735][0.84033, 0.62384, 0][-0.146744, 1.76365, -0.254332][0.25182, 0.85102, 0.46080][0.84800, 0.64698, 0][-0.137779, 1.7787, -0.229751][0.24384, 0.87282, 0.42275][0.84707, 0.64072, 0][-0.054772, 1.82101, -0.162541][0.06496, 0.96925, 0.23735][0.84033, 0.62384, 0][-0.150463, 1.74791, -0.280221][0.25532, 0.82425, 0.50540][0.84856, 0.65392, 0][-0.146744, 1.76365, -0.254332][0.25182, 0.85102, 0.46080][0.84800, 0.64698, 0][-0.054772, 1.82101, -0.162541][0.06496, 0.96925, 0.23735][0.84033, 0.62384, 0][-0.148684, 1.73184, -0.30527][0.25340, 0.79588, 0.54988][0.84916, 0.66105, 0][-0.150463, 1.74791, -0.280221][0.25532, 0.82425, 0.50540][0.84856, 0.65392, 0][-0.054772, 1.82101, -0.162541][0.06496, 0.96925, 0.23735][0.84033, 0.62384, 0][-0.14152, 1.7165, -0.329355][0.24704, 0.77040, 0.58776][0.84926, 0.66787, 0][-0.148684, 1.73184, -0.30527][0.25340, 0.79588, 0.54988][0.84916, 0.66105, 0][-0.054772, 1.82101, -0.162541][0.06496, 0.96925, 0.23735][0.84033, 0.62384, 0][-0.129398, 1.7026, -0.351371][0.23618, 0.74227, 0.62710][0.84886, 0.67419, 0][-0.14152, 1.7165, -0.329355][0.24704, 0.77040, 0.58776][0.84926, 0.66787, 0][-0.054772, 1.82101, -0.162541][0.06496, 0.96925, 0.23735][0.84033, 0.62384, 0][-0.113174, 1.6908, -0.370236][0.21875, 0.71070, 0.66863][0.84799, 0.67973, 0][-0.129398, 1.7026, -0.351371][0.23618, 0.74227, 0.62710][0.84886, 0.67419, 0][-0.054772, 1.82101, -0.162541][0.06496, 0.96925, 0.23735][0.84033, 0.62384, 0][-0.094372, 1.68176, -0.384907][0.19137, 0.67583, 0.71178][0.84674, 0.68422, 0][-0.113174, 1.6908, -0.370236][0.21875, 0.71070, 0.66863][0.84799, 0.67973, 0][-0.054772, 1.82101, -0.162541][0.06496, 0.96925, 0.23735][0.84033, 0.62384, 0][-0.075687, 1.67599, -0.394479][0.14914, 0.64196, 0.75210][0.84527, 0.68738, 0][-0.094372, 1.68176, -0.384907][0.19137, 0.67583, 0.71178][0.84674, 0.68422, 0][-0.054772, 1.82101, -0.162541][0.06496, 0.96925, 0.23735][0.84033, 0.62384, 0][-0.062379, 1.67368, -0.398468][0.07840, 0.63237, 0.77069][0.84403, 0.68889, 0][-0.075687, 1.67599, -0.394479][0.14914, 0.64196, 0.75210][0.84527, 0.68738, 0][-0.054772, 1.82101, -0.162541][0.06496, 0.96925, 0.23735][0.84033, 0.62384, 0][-0.026884, 1.67299, -0.40058][0.02187, 0.70009, 0.71372][0.83980, 0.69028, 0][-0.062379, 1.67368, -0.398468][0.07840, 0.63237, 0.77069][0.84403, 0.68889, 0][-0.054772, 1.82101, -0.162541][0.06496, 0.96925, 0.23735][0.84033, 0.62384, 0][-0.019749, 1.82181, -0.162252][0.00784, 0.95057, 0.31041][0.83619, 0.62306, 0][-0.026884, 1.67299, -0.40058][0.02187, 0.70009, 0.71372][0.83980, 0.69028, 0][-0.174551, 1.61976, -0.269129][0.93277, -0.29796, 0.20287][0.86224, 0.67550, 0][-0.181465, 1.69088, -0.279856][0.98388, 0.00281, 0.17882][0.85557, 0.66373, 0][-0.173857, 1.67478, -0.305765][0.93895, -0.10014, 0.32915][0.85561, 0.67117, 0][-0.174551, 1.61976, -0.269129][0.93277, -0.29796, 0.20287][0.86224, 0.67550, 0][-0.182181, 1.63622, -0.243559][0.97988, -0.19254, 0.05264][0.86237, 0.66757, 0][-0.181465, 1.69088, -0.279856][0.98388, 0.00281, 0.17882][0.85557, 0.66373, 0][-0.11093, 1.72479, -0.101389][0.56145, 0.31192, -0.76647][0.85472, 0.62664, 0][-0.084653, 1.79031, -0.127187][0.39187, 0.55983, -0.73009][0.84586, 0.62241, 0][-0.11123, 1.78163, -0.13911][0.56873, 0.51058, -0.64487][0.84767, 0.62598, 0][-0.11093, 1.72479, -0.101389][0.56145, 0.31192, -0.76647][0.85472, 0.62664, 0][-0.084092, 1.73275, -0.089012][0.38453, 0.35598, -0.85171][0.85345, 0.62239, 0][-0.084653, 1.79031, -0.127187][0.39187, 0.55983, -0.73009][0.84586, 0.62241, 0][-0.161286, 1.60461, -0.292853][0.84909, -0.40130, 0.34351][0.86155, 0.68301, 0][-0.173857, 1.67478, -0.305765][0.93895, -0.10014, 0.32915][0.85561, 0.67117, 0][-0.160692, 1.66019, -0.329956][0.85859, -0.20242, 0.47101][0.85507, 0.67817, 0][-0.161286, 1.60461, -0.292853][0.84909, -0.40130, 0.34351][0.86155, 0.68301, 0][-0.174551, 1.61976, -0.269129][0.93277, -0.29796, 0.20287][0.86224, 0.67550, 0][-0.173857, 1.67478, -0.305765][0.93895, -0.10014, 0.32915][0.85561, 0.67117, 0][-0.134741, 1.71409, -0.118373][0.71012, 0.25223, -0.65735][0.85632, 0.63155, 0][-0.11123, 1.78163, -0.13911][0.56873, 0.51058, -0.64487][0.84767, 0.62598, 0][-0.134792, 1.77019, -0.155624][0.71646, 0.44714, -0.53548][0.84949, 0.63033, 0][-0.134741, 1.71409, -0.118373][0.71012, 0.25223, -0.65735][0.85632, 0.63155, 0][-0.11093, 1.72479, -0.101389][0.56145, 0.31192, -0.76647][0.85472, 0.62664, 0][-0.11123, 1.78163, -0.13911][0.56873, 0.51058, -0.64487][0.84767, 0.62598, 0][-0.142858, 1.59132, -0.313827][0.73035, -0.49683, 0.46876][0.86041, 0.68983, 0][-0.160692, 1.66019, -0.329956][0.85859, -0.20242, 0.47101][0.85507, 0.67817, 0][-0.142447, 1.64761, -0.351455][0.74301, -0.29910, 0.59873][0.85404, 0.68449, 0][-0.142858, 1.59132, -0.313827][0.73035, -0.49683, 0.46876][0.86041, 0.68983, 0][-0.161286, 1.60461, -0.292853][0.84909, -0.40130, 0.34351][0.86155, 0.68301, 0][-0.160692, 1.66019, -0.329956][0.85859, -0.20242, 0.47101][0.85507, 0.67817, 0][-0.154627, 1.70106, -0.139288][0.82807, 0.18050, -0.53078][0.85805, 0.63731, 0][-0.134792, 1.77019, -0.155624][0.71646, 0.44714, -0.53548][0.84949, 0.63033, 0][-0.154446, 1.7565, -0.176091][0.83286, 0.37309, -0.40884][0.85124, 0.63556, 0][-0.154627, 1.70106, -0.139288][0.82807, 0.18050, -0.53078][0.85805, 0.63731, 0][-0.134741, 1.71409, -0.118373][0.71012, 0.25223, -0.65735][0.85632, 0.63155, 0][-0.134792, 1.77019, -0.155624][0.71646, 0.44714, -0.53548][0.84949, 0.63033, 0][-0.11996, 1.58042, -0.331221][0.58076, -0.57841, 0.57286][0.85893, 0.69567, 0][-0.142447, 1.64761, -0.351455][0.74301, -0.29910, 0.59873][0.85404, 0.68449, 0][-0.119813, 1.63749, -0.369392][0.59493, -0.38333, 0.70648][0.85260, 0.68998, 0][-0.11996, 1.58042, -0.331221][0.58076, -0.57841, 0.57286][0.85893, 0.69567, 0][-0.142858, 1.59132, -0.313827][0.73035, -0.49683, 0.46876][0.86041, 0.68983, 0][-0.142447, 1.64761, -0.351455][0.74301, -0.29910, 0.59873][0.85404, 0.68449, 0][-0.16982, 1.6862, -0.163353][0.91443, 0.09807, -0.39269][0.85970, 0.64399, 0][-0.154446, 1.7565, -0.176091][0.83286, 0.37309, -0.40884][0.85124, 0.63556, 0][-0.169436, 1.74112, -0.19979][0.91777, 0.29042, -0.27085][0.85282, 0.64168, 0][-0.16982, 1.6862, -0.163353][0.91443, 0.09807, -0.39269][0.85970, 0.64399, 0][-0.154627, 1.70106, -0.139288][0.82807, 0.18050, -0.53078][0.85805, 0.63731, 0][-0.154446, 1.7565, -0.176091][0.83286, 0.37309, -0.40884][0.85124, 0.63556, 0][-0.093474, 1.57233, -0.344394][0.40692, -0.64151, 0.65029][0.85737, 0.70049, 0][-0.119813, 1.63749, -0.369392][0.59493, -0.38333, 0.70648][0.85260, 0.68998, 0][-0.093663, 1.63015, -0.383073][0.42007, -0.44863, 0.78884][0.85089, 0.69456, 0][-0.093474, 1.57233, -0.344394][0.40692, -0.64151, 0.65029][0.85737, 0.70049, 0][-0.11996, 1.58042, -0.331221][0.58076, -0.57841, 0.57286][0.85893, 0.69567, 0][-0.119813, 1.63749, -0.369392][0.59493, -0.38333, 0.70648][0.85260, 0.68998, 0][-0.179724, 1.67009, -0.189636][0.96876, 0.00674, -0.24789][0.86103, 0.65148, 0][-0.169436, 1.74112, -0.19979][0.91777, 0.29042, -0.27085][0.85282, 0.64168, 0][-0.179174, 1.72469, -0.225832][0.97155, 0.20047, -0.12613][0.85408, 0.64861, 0][-0.179724, 1.67009, -0.189636][0.96876, 0.00674, -0.24789][0.86103, 0.65148, 0][-0.16982, 1.6862, -0.163353][0.91443, 0.09807, -0.39269][0.85970, 0.64399, 0][-0.169436, 1.74112, -0.19979][0.91777, 0.29042, -0.27085][0.85282, 0.64168, 0][-0.064442, 1.56737, -0.352847][0.20615, -0.68572, 0.69806][0.85584, 0.70443, 0][-0.093663, 1.63015, -0.383073][0.42007, -0.44863, 0.78884][0.85089, 0.69456, 0][-0.065024, 1.62573, -0.391886][0.21438, -0.48739, 0.84646][0.84890, 0.69829, 0][-0.064442, 1.56737, -0.352847][0.20615, -0.68572, 0.69806][0.85584, 0.70443, 0][-0.093474, 1.57233, -0.344394][0.40692, -0.64151, 0.65029][0.85737, 0.70049, 0][-0.093663, 1.63015, -0.383073][0.42007, -0.44863, 0.78884][0.85089, 0.69456, 0][-0.183919, 1.65331, -0.217006][0.99099, -0.09020, -0.09905][0.86193, 0.65948, 0][-0.179174, 1.72469, -0.225832][0.97155, 0.20047, -0.12613][0.85408, 0.64861, 0][-0.183257, 1.70785, -0.253219][0.99426, 0.10409, 0.02494][0.85497, 0.65614, 0][-0.183919, 1.65331, -0.217006][0.99099, -0.09020, -0.09905][0.86193, 0.65948, 0][-0.179724, 1.67009, -0.189636][0.96876, 0.00674, -0.24789][0.86103, 0.65148, 0][-0.179174, 1.72469, -0.225832][0.97155, 0.20047, -0.12613][0.85408, 0.64861, 0][-0.056062, 1.79575, -0.120224][0.17945, 0.59649, -0.78230][0.84408, 0.61933, 0][-0.018883, 1.81419, -0.133293][-0.02004, 0.76938, -0.63847][0.83893, 0.61717, 0][-0.055953, 1.81251, -0.134751][0.17032, 0.75814, -0.62945][0.84203, 0.62034, 0][-0.056062, 1.79575, -0.120224][0.17945, 0.59649, -0.78230][0.84408, 0.61933, 0][-0.01844, 1.79765, -0.118643][-0.02086, 0.60771, -0.79389][0.84158, 0.61514, 0][-0.018883, 1.81419, -0.133293][-0.02004, 0.76938, -0.63847][0.83893, 0.61717, 0][-0.055953, 1.81251, -0.134751][0.17032, 0.75814, -0.62945][0.84203, 0.62034, 0][-0.019362, 1.82303, -0.149253][-0.01119, 0.97406, -0.22602][0.83732, 0.61945, 0][-0.055654, 1.82175, -0.150235][0.12894, 0.96678, -0.22071][0.84100, 0.62177, 0][-0.055953, 1.81251, -0.134751][0.17032, 0.75814, -0.62945][0.84203, 0.62034, 0][-0.018883, 1.81419, -0.133293][-0.02004, 0.76938, -0.63847][0.83893, 0.61717, 0][-0.019362, 1.82303, -0.149253][-0.01119, 0.97406, -0.22602][0.83732, 0.61945, 0][-0.055654, 1.82175, -0.150235][0.12894, 0.96678, -0.22071][0.84100, 0.62177, 0][-0.019749, 1.82181, -0.162252][0.00784, 0.95057, 0.31041][0.83619, 0.62306, 0][-0.054772, 1.82101, -0.162541][0.06496, 0.96925, 0.23735][0.84033, 0.62384, 0][-0.055654, 1.82175, -0.150235][0.12894, 0.96678, -0.22071][0.84100, 0.62177, 0][-0.019362, 1.82303, -0.149253][-0.01119, 0.97406, -0.22602][0.83732, 0.61945, 0][-0.019749, 1.82181, -0.162252][0.00784, 0.95057, 0.31041][0.83619, 0.62306, 0][-0.084653, 1.79031, -0.127187][0.39187, 0.55983, -0.73009][0.84586, 0.62241, 0][-0.055953, 1.81251, -0.134751][0.17032, 0.75814, -0.62945][0.84203, 0.62034, 0][-0.08245, 1.80767, -0.141366][0.37690, 0.72484, -0.57667][0.84380, 0.62282, 0][-0.084653, 1.79031, -0.127187][0.39187, 0.55983, -0.73009][0.84586, 0.62241, 0][-0.056062, 1.79575, -0.120224][0.17945, 0.59649, -0.78230][0.84408, 0.61933, 0][-0.055953, 1.81251, -0.134751][0.17032, 0.75814, -0.62945][0.84203, 0.62034, 0][-0.08245, 1.80767, -0.141366][0.37690, 0.72484, -0.57667][0.84380, 0.62282, 0][-0.055654, 1.82175, -0.150235][0.12894, 0.96678, -0.22071][0.84100, 0.62177, 0][-0.076574, 1.81806, -0.155542][0.28583, 0.94056, -0.18343][0.84246, 0.62362, 0][-0.08245, 1.80767, -0.141366][0.37690, 0.72484, -0.57667][0.84380, 0.62282, 0][-0.055953, 1.81251, -0.134751][0.17032, 0.75814, -0.62945][0.84203, 0.62034, 0][-0.055654, 1.82175, -0.150235][0.12894, 0.96678, -0.22071][0.84100, 0.62177, 0][-0.076574, 1.81806, -0.155542][0.28583, 0.94056, -0.18343][0.84246, 0.62362, 0][-0.054772, 1.82101, -0.162541][0.06496, 0.96925, 0.23735][0.84033, 0.62384, 0][-0.068119, 1.81869, -0.165949][0.13653, 0.95869, 0.24955][0.84145, 0.62497, 0][-0.076574, 1.81806, -0.155542][0.28583, 0.94056, -0.18343][0.84246, 0.62362, 0][-0.055654, 1.82175, -0.150235][0.12894, 0.96678, -0.22071][0.84100, 0.62177, 0][-0.054772, 1.82101, -0.162541][0.06496, 0.96925, 0.23735][0.84033, 0.62384, 0][-0.11123, 1.78163, -0.13911][0.56873, 0.51058, -0.64487][0.84767, 0.62598, 0][-0.08245, 1.80767, -0.141366][0.37690, 0.72484, -0.57667][0.84380, 0.62282, 0][-0.107963, 1.79965, -0.15305][0.54182, 0.68734, -0.48373][0.84558, 0.62602, 0][-0.11123, 1.78163, -0.13911][0.56873, 0.51058, -0.64487][0.84767, 0.62598, 0][-0.084653, 1.79031, -0.127187][0.39187, 0.55983, -0.73009][0.84586, 0.62241, 0][-0.08245, 1.80767, -0.141366][0.37690, 0.72484, -0.57667][0.84380, 0.62282, 0][-0.107963, 1.79965, -0.15305][0.54182, 0.68734, -0.48373][0.84558, 0.62602, 0][-0.076574, 1.81806, -0.155542][0.28583, 0.94056, -0.18343][0.84246, 0.62362, 0][-0.09933, 1.81111, -0.1661][0.39871, 0.91170, -0.09914][0.84407, 0.62641, 0][-0.107963, 1.79965, -0.15305][0.54182, 0.68734, -0.48373][0.84558, 0.62602, 0][-0.08245, 1.80767, -0.141366][0.37690, 0.72484, -0.57667][0.84380, 0.62282, 0][-0.076574, 1.81806, -0.155542][0.28583, 0.94056, -0.18343][0.84246, 0.62362, 0][-0.09933, 1.81111, -0.1661][0.39871, 0.91170, -0.09914][0.84407, 0.62641, 0][-0.068119, 1.81869, -0.165949][0.13653, 0.95869, 0.24955][0.84145, 0.62497, 0][-0.087156, 1.81295, -0.174824][0.18110, 0.93889, 0.29272][0.84289, 0.62733, 0][-0.09933, 1.81111, -0.1661][0.39871, 0.91170, -0.09914][0.84407, 0.62641, 0][-0.076574, 1.81806, -0.155542][0.28583, 0.94056, -0.18343][0.84246, 0.62362, 0][-0.068119, 1.81869, -0.165949][0.13653, 0.95869, 0.24955][0.84145, 0.62497, 0][-0.134792, 1.77019, -0.155624][0.71646, 0.44714, -0.53548][0.84949, 0.63033, 0][-0.107963, 1.79965, -0.15305][0.54182, 0.68734, -0.48373][0.84558, 0.62602, 0][-0.130934, 1.78881, -0.16939][0.67679, 0.63754, -0.36810][0.84733, 0.63007, 0][-0.134792, 1.77019, -0.155624][0.71646, 0.44714, -0.53548][0.84949, 0.63033, 0][-0.11123, 1.78163, -0.13911][0.56873, 0.51058, -0.64487][0.84767, 0.62598, 0][-0.107963, 1.79965, -0.15305][0.54182, 0.68734, -0.48373][0.84558, 0.62602, 0][-0.130934, 1.78881, -0.16939][0.67679, 0.63754, -0.36810][0.84733, 0.63007, 0][-0.09933, 1.81111, -0.1661][0.39871, 0.91170, -0.09914][0.84407, 0.62641, 0][-0.12084, 1.80119, -0.18159][0.48422, 0.87494, -0.00166][0.84569, 0.63018, 0][-0.130934, 1.78881, -0.16939][0.67679, 0.63754, -0.36810][0.84733, 0.63007, 0][-0.107963, 1.79965, -0.15305][0.54182, 0.68734, -0.48373][0.84558, 0.62602, 0][-0.09933, 1.81111, -0.1661][0.39871, 0.91170, -0.09914][0.84407, 0.62641, 0][-0.12084, 1.80119, -0.18159][0.48422, 0.87494, -0.00166][0.84569, 0.63018, 0][-0.087156, 1.81295, -0.174824][0.18110, 0.93889, 0.29272][0.84289, 0.62733, 0][-0.10672, 1.804, -0.188964][0.21112, 0.91683, 0.33889][0.84440, 0.63080, 0][-0.12084, 1.80119, -0.18159][0.48422, 0.87494, -0.00166][0.84569, 0.63018, 0][-0.09933, 1.81111, -0.1661][0.39871, 0.91170, -0.09914][0.84407, 0.62641, 0][-0.087156, 1.81295, -0.174824][0.18110, 0.93889, 0.29272][0.84289, 0.62733, 0][-0.154446, 1.7565, -0.176091][0.83286, 0.37309, -0.40884][0.85124, 0.63556, 0][-0.130934, 1.78881, -0.16939][0.67679, 0.63754, -0.36810][0.84733, 0.63007, 0][-0.15023, 1.77565, -0.189782][0.78109, 0.57641, -0.24010][0.84900, 0.63505, 0][-0.154446, 1.7565, -0.176091][0.83286, 0.37309, -0.40884][0.85124, 0.63556, 0][-0.134792, 1.77019, -0.155624][0.71646, 0.44714, -0.53548][0.84949, 0.63033, 0][-0.130934, 1.78881, -0.16939][0.67679, 0.63754, -0.36810][0.84733, 0.63007, 0][-0.15023, 1.77565, -0.189782][0.78109, 0.57641, -0.24010][0.84900, 0.63505, 0][-0.12084, 1.80119, -0.18159][0.48422, 0.87494, -0.00166][0.84569, 0.63018, 0][-0.139314, 1.78878, -0.201314][0.54633, 0.83186, 0.09765][0.84722, 0.63491, 0][-0.15023, 1.77565, -0.189782][0.78109, 0.57641, -0.24010][0.84900, 0.63505, 0][-0.130934, 1.78881, -0.16939][0.67679, 0.63754, -0.36810][0.84733, 0.63007, 0][-0.12084, 1.80119, -0.18159][0.48422, 0.87494, -0.00166][0.84569, 0.63018, 0][-0.139314, 1.78878, -0.201314][0.54633, 0.83186, 0.09765][0.84722, 0.63491, 0][-0.10672, 1.804, -0.188964][0.21112, 0.91683, 0.33889][0.84440, 0.63080, 0][-0.12412, 1.79238, -0.207605][0.23097, 0.89466, 0.38240][0.84583, 0.63529, 0][-0.139314, 1.78878, -0.201314][0.54633, 0.83186, 0.09765][0.84722, 0.63491, 0][-0.12084, 1.80119, -0.18159][0.48422, 0.87494, -0.00166][0.84569, 0.63018, 0][-0.10672, 1.804, -0.188964][0.21112, 0.91683, 0.33889][0.84440, 0.63080, 0][-0.169436, 1.74112, -0.19979][0.91777, 0.29042, -0.27085][0.85282, 0.64168, 0][-0.15023, 1.77565, -0.189782][0.78109, 0.57641, -0.24010][0.84900, 0.63505, 0][-0.164992, 1.76069, -0.213393][0.85612, 0.50586, -0.10566][0.85047, 0.64093, 0][-0.169436, 1.74112, -0.19979][0.91777, 0.29042, -0.27085][0.85282, 0.64168, 0][-0.154446, 1.7565, -0.176091][0.83286, 0.37309, -0.40884][0.85124, 0.63556, 0][-0.15023, 1.77565, -0.189782][0.78109, 0.57641, -0.24010][0.84900, 0.63505, 0][-0.164992, 1.76069, -0.213393][0.85612, 0.50586, -0.10566][0.85047, 0.64093, 0][-0.139314, 1.78878, -0.201314][0.54633, 0.83186, 0.09765][0.84722, 0.63491, 0][-0.153588, 1.77446, -0.224375][0.58929, 0.78396, 0.19533][0.84857, 0.64055, 0][-0.164992, 1.76069, -0.213393][0.85612, 0.50586, -0.10566][0.85047, 0.64093, 0][-0.15023, 1.77565, -0.189782][0.78109, 0.57641, -0.24010][0.84900, 0.63505, 0][-0.139314, 1.78878, -0.201314][0.54633, 0.83186, 0.09765][0.84722, 0.63491, 0][-0.153588, 1.77446, -0.224375][0.58929, 0.78396, 0.19533][0.84857, 0.64055, 0][-0.12412, 1.79238, -0.207605][0.23097, 0.89466, 0.38240][0.84583, 0.63529, 0][-0.137779, 1.7787, -0.229751][0.24384, 0.87282, 0.42275][0.84707, 0.64072, 0][-0.153588, 1.77446, -0.224375][0.58929, 0.78396, 0.19533][0.84857, 0.64055, 0][-0.139314, 1.78878, -0.201314][0.54633, 0.83186, 0.09765][0.84722, 0.63491, 0][-0.12412, 1.79238, -0.207605][0.23097, 0.89466, 0.38240][0.84583, 0.63529, 0][-0.179174, 1.72469, -0.225832][0.97155, 0.20047, -0.12613][0.85408, 0.64861, 0][-0.164992, 1.76069, -0.213393][0.85612, 0.50586, -0.10566][0.85047, 0.64093, 0][-0.174581, 1.74457, -0.239329][0.90332, 0.42776, 0.03212][0.85164, 0.64763, 0][-0.179174, 1.72469, -0.225832][0.97155, 0.20047, -0.12613][0.85408, 0.64861, 0][-0.169436, 1.74112, -0.19979][0.91777, 0.29042, -0.27085][0.85282, 0.64168, 0][-0.164992, 1.76069, -0.213393][0.85612, 0.50586, -0.10566][0.85047, 0.64093, 0][-0.174581, 1.74457, -0.239329][0.90332, 0.42776, 0.03212][0.85164, 0.64763, 0][-0.153588, 1.77446, -0.224375][0.58929, 0.78396, 0.19533][0.84857, 0.64055, 0][-0.162897, 1.75884, -0.249761][0.61615, 0.73192, 0.29096][0.84962, 0.64701, 0][-0.174581, 1.74457, -0.239329][0.90332, 0.42776, 0.03212][0.85164, 0.64763, 0][-0.164992, 1.76069, -0.213393][0.85612, 0.50586, -0.10566][0.85047, 0.64093, 0][-0.153588, 1.77446, -0.224375][0.58929, 0.78396, 0.19533][0.84857, 0.64055, 0][-0.162897, 1.75884, -0.249761][0.61615, 0.73192, 0.29096][0.84962, 0.64701, 0][-0.137779, 1.7787, -0.229751][0.24384, 0.87282, 0.42275][0.84707, 0.64072, 0][-0.146744, 1.76365, -0.254332][0.25182, 0.85102, 0.46080][0.84800, 0.64698, 0][-0.162897, 1.75884, -0.249761][0.61615, 0.73192, 0.29096][0.84962, 0.64701, 0][-0.153588, 1.77446, -0.224375][0.58929, 0.78396, 0.19533][0.84857, 0.64055, 0][-0.137779, 1.7787, -0.229751][0.24384, 0.87282, 0.42275][0.84707, 0.64072, 0][-0.183257, 1.70785, -0.253219][0.99426, 0.10409, 0.02494][0.85497, 0.65614, 0][-0.174581, 1.74457, -0.239329][0.90332, 0.42776, 0.03212][0.85164, 0.64763, 0][-0.178584, 1.72792, -0.266556][0.92364, 0.34014, 0.17661][0.85246, 0.65496, 0][-0.183257, 1.70785, -0.253219][0.99426, 0.10409, 0.02494][0.85497, 0.65614, 0][-0.179174, 1.72469, -0.225832][0.97155, 0.20047, -0.12613][0.85408, 0.64861, 0][-0.174581, 1.74457, -0.239329][0.90332, 0.42776, 0.03212][0.85164, 0.64763, 0][-0.178584, 1.72792, -0.266556][0.92364, 0.34014, 0.17661][0.85246, 0.65496, 0][-0.162897, 1.75884, -0.249761][0.61615, 0.73192, 0.29096][0.84962, 0.64701, 0][-0.166766, 1.74259, -0.276438][0.62792, 0.67049, 0.39516][0.85031, 0.65413, 0][-0.178584, 1.72792, -0.266556][0.92364, 0.34014, 0.17661][0.85246, 0.65496, 0][-0.174581, 1.74457, -0.239329][0.90332, 0.42776, 0.03212][0.85164, 0.64763, 0][-0.162897, 1.75884, -0.249761][0.61615, 0.73192, 0.29096][0.84962, 0.64701, 0][-0.166766, 1.74259, -0.276438][0.62792, 0.67049, 0.39516][0.85031, 0.65413, 0][-0.146744, 1.76365, -0.254332][0.25182, 0.85102, 0.46080][0.84800, 0.64698, 0][-0.150463, 1.74791, -0.280221][0.25532, 0.82425, 0.50540][0.84856, 0.65392, 0][-0.166766, 1.74259, -0.276438][0.62792, 0.67049, 0.39516][0.85031, 0.65413, 0][-0.162897, 1.75884, -0.249761][0.61615, 0.73192, 0.29096][0.84962, 0.64701, 0][-0.146744, 1.76365, -0.254332][0.25182, 0.85102, 0.46080][0.84800, 0.64698, 0][-0.181465, 1.69088, -0.279856][0.98388, 0.00281, 0.17882][0.85557, 0.66373, 0][-0.178584, 1.72792, -0.266556][0.92364, 0.34014, 0.17661][0.85246, 0.65496, 0][-0.176778, 1.71103, -0.292967][0.91482, 0.24464, 0.32133][0.85308, 0.66239, 0][-0.181465, 1.69088, -0.279856][0.98388, 0.00281, 0.17882][0.85557, 0.66373, 0][-0.183257, 1.70785, -0.253219][0.99426, 0.10409, 0.02494][0.85497, 0.65614, 0][-0.178584, 1.72792, -0.266556][0.92364, 0.34014, 0.17661][0.85246, 0.65496, 0][-0.176778, 1.71103, -0.292967][0.91482, 0.24464, 0.32133][0.85308, 0.66239, 0][-0.166766, 1.74259, -0.276438][0.62792, 0.67049, 0.39516][0.85031, 0.65413, 0][-0.164965, 1.72604, -0.302269][0.62265, 0.60308, 0.49860][0.85092, 0.66141, 0][-0.176778, 1.71103, -0.292967][0.91482, 0.24464, 0.32133][0.85308, 0.66239, 0][-0.178584, 1.72792, -0.266556][0.92364, 0.34014, 0.17661][0.85246, 0.65496, 0][-0.166766, 1.74259, -0.276438][0.62792, 0.67049, 0.39516][0.85031, 0.65413, 0][-0.164965, 1.72604, -0.302269][0.62265, 0.60308, 0.49860][0.85092, 0.66141, 0][-0.150463, 1.74791, -0.280221][0.25532, 0.82425, 0.50540][0.84856, 0.65392, 0][-0.148684, 1.73184, -0.30527][0.25340, 0.79588, 0.54988][0.84916, 0.66105, 0][-0.164965, 1.72604, -0.302269][0.62265, 0.60308, 0.49860][0.85092, 0.66141, 0][-0.166766, 1.74259, -0.276438][0.62792, 0.67049, 0.39516][0.85031, 0.65413, 0][-0.150463, 1.74791, -0.280221][0.25532, 0.82425, 0.50540][0.84856, 0.65392, 0][-0.173857, 1.67478, -0.305765][0.93895, -0.10014, 0.32915][0.85561, 0.67117, 0][-0.176778, 1.71103, -0.292967][0.91482, 0.24464, 0.32133][0.85308, 0.66239, 0][-0.169234, 1.69494, -0.318569][0.87659, 0.14597, 0.45856][0.85319, 0.66965, 0][-0.173857, 1.67478, -0.305765][0.93895, -0.10014, 0.32915][0.85561, 0.67117, 0][-0.181465, 1.69088, -0.279856][0.98388, 0.00281, 0.17882][0.85557, 0.66373, 0][-0.176778, 1.71103, -0.292967][0.91482, 0.24464, 0.32133][0.85308, 0.66239, 0][-0.169234, 1.69494, -0.318569][0.87659, 0.14597, 0.45856][0.85319, 0.66965, 0][-0.164965, 1.72604, -0.302269][0.62265, 0.60308, 0.49860][0.85092, 0.66141, 0][-0.157581, 1.71021, -0.327221][0.60169, 0.53597, 0.59220][0.85105, 0.66846, 0][-0.169234, 1.69494, -0.318569][0.87659, 0.14597, 0.45856][0.85319, 0.66965, 0][-0.176778, 1.71103, -0.292967][0.91482, 0.24464, 0.32133][0.85308, 0.66239, 0][-0.164965, 1.72604, -0.302269][0.62265, 0.60308, 0.49860][0.85092, 0.66141, 0][-0.157581, 1.71021, -0.327221][0.60169, 0.53597, 0.59220][0.85105, 0.66846, 0][-0.148684, 1.73184, -0.30527][0.25340, 0.79588, 0.54988][0.84916, 0.66105, 0][-0.14152, 1.7165, -0.329355][0.24704, 0.77040, 0.58776][0.84926, 0.66787, 0][-0.157581, 1.71021, -0.327221][0.60169, 0.53597, 0.59220][0.85105, 0.66846, 0][-0.164965, 1.72604, -0.302269][0.62265, 0.60308, 0.49860][0.85092, 0.66141, 0][-0.148684, 1.73184, -0.30527][0.25340, 0.79588, 0.54988][0.84916, 0.66105, 0][-0.160692, 1.66019, -0.329956][0.85859, -0.20242, 0.47101][0.85507, 0.67817, 0][-0.169234, 1.69494, -0.318569][0.87659, 0.14597, 0.45856][0.85319, 0.66965, 0][-0.156231, 1.68025, -0.342366][0.80739, 0.04359, 0.58840][0.85275, 0.67647, 0][-0.160692, 1.66019, -0.329956][0.85859, -0.20242, 0.47101][0.85507, 0.67817, 0][-0.173857, 1.67478, -0.305765][0.93895, -0.10014, 0.32915][0.85561, 0.67117, 0][-0.169234, 1.69494, -0.318569][0.87659, 0.14597, 0.45856][0.85319, 0.66965, 0][-0.156231, 1.68025, -0.342366][0.80739, 0.04359, 0.58840][0.85275, 0.67647, 0][-0.157581, 1.71021, -0.327221][0.60169, 0.53597, 0.59220][0.85105, 0.66846, 0][-0.14496, 1.69577, -0.350204][0.56388, 0.46289, 0.68394][0.85064, 0.67503, 0][-0.156231, 1.68025, -0.342366][0.80739, 0.04359, 0.58840][0.85275, 0.67647, 0][-0.169234, 1.69494, -0.318569][0.87659, 0.14597, 0.45856][0.85319, 0.66965, 0][-0.157581, 1.71021, -0.327221][0.60169, 0.53597, 0.59220][0.85105, 0.66846, 0][-0.14496, 1.69577, -0.350204][0.56388, 0.46289, 0.68394][0.85064, 0.67503, 0][-0.14152, 1.7165, -0.329355][0.24704, 0.77040, 0.58776][0.84926, 0.66787, 0][-0.129398, 1.7026, -0.351371][0.23618, 0.74227, 0.62710][0.84886, 0.67419, 0][-0.14496, 1.69577, -0.350204][0.56388, 0.46289, 0.68394][0.85064, 0.67503, 0][-0.157581, 1.71021, -0.327221][0.60169, 0.53597, 0.59220][0.85105, 0.66846, 0][-0.14152, 1.7165, -0.329355][0.24704, 0.77040, 0.58776][0.84926, 0.66787, 0][-0.142447, 1.64761, -0.351455][0.74301, -0.29910, 0.59873][0.85404, 0.68449, 0][-0.156231, 1.68025, -0.342366][0.80739, 0.04359, 0.58840][0.85275, 0.67647, 0][-0.138301, 1.66754, -0.363368][0.70608, -0.05937, 0.70564][0.85181, 0.68260, 0][-0.142447, 1.64761, -0.351455][0.74301, -0.29910, 0.59873][0.85404, 0.68449, 0][-0.160692, 1.66019, -0.329956][0.85859, -0.20242, 0.47101][0.85507, 0.67817, 0][-0.156231, 1.68025, -0.342366][0.80739, 0.04359, 0.58840][0.85275, 0.67647, 0][-0.138301, 1.66754, -0.363368][0.70608, -0.05937, 0.70564][0.85181, 0.68260, 0][-0.14496, 1.69577, -0.350204][0.56388, 0.46289, 0.68394][0.85064, 0.67503, 0][-0.127767, 1.68335, -0.370238][0.50617, 0.38408, 0.77219][0.84975, 0.68089, 0][-0.138301, 1.66754, -0.363368][0.70608, -0.05937, 0.70564][0.85181, 0.68260, 0][-0.156231, 1.68025, -0.342366][0.80739, 0.04359, 0.58840][0.85275, 0.67647, 0][-0.14496, 1.69577, -0.350204][0.56388, 0.46289, 0.68394][0.85064, 0.67503, 0][-0.127767, 1.68335, -0.370238][0.50617, 0.38408, 0.77219][0.84975, 0.68089, 0][-0.129398, 1.7026, -0.351371][0.23618, 0.74227, 0.62710][0.84886, 0.67419, 0][-0.113174, 1.6908, -0.370236][0.21875, 0.71070, 0.66863][0.84799, 0.67973, 0][-0.127767, 1.68335, -0.370238][0.50617, 0.38408, 0.77219][0.84975, 0.68089, 0][-0.14496, 1.69577, -0.350204][0.56388, 0.46289, 0.68394][0.85064, 0.67503, 0][-0.129398, 1.7026, -0.351371][0.23618, 0.74227, 0.62710][0.84886, 0.67419, 0][-0.119813, 1.63749, -0.369392][0.59493, -0.38333, 0.70648][0.85260, 0.68998, 0][-0.138301, 1.66754, -0.363368][0.70608, -0.05937, 0.70564][0.85181, 0.68260, 0][-0.116242, 1.65731, -0.380738][0.57246, -0.15666, 0.80483][0.85045, 0.68788, 0][-0.119813, 1.63749, -0.369392][0.59493, -0.38333, 0.70648][0.85260, 0.68998, 0][-0.142447, 1.64761, -0.351455][0.74301, -0.29910, 0.59873][0.85404, 0.68449, 0][-0.138301, 1.66754, -0.363368][0.70608, -0.05937, 0.70564][0.85181, 0.68260, 0][-0.116242, 1.65731, -0.380738][0.57246, -0.15666, 0.80483][0.85045, 0.68788, 0][-0.127767, 1.68335, -0.370238][0.50617, 0.38408, 0.77219][0.84975, 0.68089, 0][-0.107108, 1.6735, -0.386393][0.42434, 0.30233, 0.85354][0.84845, 0.68582, 0][-0.116242, 1.65731, -0.380738][0.57246, -0.15666, 0.80483][0.85045, 0.68788, 0][-0.138301, 1.66754, -0.363368][0.70608, -0.05937, 0.70564][0.85181, 0.68260, 0][-0.127767, 1.68335, -0.370238][0.50617, 0.38408, 0.77219][0.84975, 0.68089, 0][-0.107108, 1.6735, -0.386393][0.42434, 0.30233, 0.85354][0.84845, 0.68582, 0][-0.113174, 1.6908, -0.370236][0.21875, 0.71070, 0.66863][0.84799, 0.67973, 0][-0.094372, 1.68176, -0.384907][0.19137, 0.67583, 0.71178][0.84674, 0.68422, 0][-0.107108, 1.6735, -0.386393][0.42434, 0.30233, 0.85354][0.84845, 0.68582, 0][-0.127767, 1.68335, -0.370238][0.50617, 0.38408, 0.77219][0.84975, 0.68089, 0][-0.113174, 1.6908, -0.370236][0.21875, 0.71070, 0.66863][0.84799, 0.67973, 0][-0.093663, 1.63015, -0.383073][0.42007, -0.44863, 0.78884][0.85089, 0.69456, 0][-0.116242, 1.65731, -0.380738][0.57246, -0.15666, 0.80483][0.85045, 0.68788, 0][-0.091168, 1.64992, -0.393709][0.40906, -0.23675, 0.88126][0.84877, 0.69220, 0][-0.093663, 1.63015, -0.383073][0.42007, -0.44863, 0.78884][0.85089, 0.69456, 0][-0.119813, 1.63749, -0.369392][0.59493, -0.38333, 0.70648][0.85260, 0.68998, 0][-0.116242, 1.65731, -0.380738][0.57246, -0.15666, 0.80483][0.85045, 0.68788, 0][-0.091168, 1.64992, -0.393709][0.40906, -0.23675, 0.88126][0.84877, 0.69220, 0][-0.107108, 1.6735, -0.386393][0.42434, 0.30233, 0.85354][0.84845, 0.68582, 0][-0.084764, 1.66669, -0.397873][0.31413, 0.22853, 0.92146][0.84685, 0.68964, 0][-0.091168, 1.64992, -0.393709][0.40906, -0.23675, 0.88126][0.84877, 0.69220, 0][-0.116242, 1.65731, -0.380738][0.57246, -0.15666, 0.80483][0.85045, 0.68788, 0][-0.107108, 1.6735, -0.386393][0.42434, 0.30233, 0.85354][0.84845, 0.68582, 0][-0.084764, 1.66669, -0.397873][0.31413, 0.22853, 0.92146][0.84685, 0.68964, 0][-0.094372, 1.68176, -0.384907][0.19137, 0.67583, 0.71178][0.84674, 0.68422, 0][-0.075687, 1.67599, -0.394479][0.14914, 0.64196, 0.75210][0.84527, 0.68738, 0][-0.084764, 1.66669, -0.397873][0.31413, 0.22853, 0.92146][0.84685, 0.68964, 0][-0.107108, 1.6735, -0.386393][0.42434, 0.30233, 0.85354][0.84845, 0.68582, 0][-0.094372, 1.68176, -0.384907][0.19137, 0.67583, 0.71178][0.84674, 0.68422, 0][-0.065024, 1.62573, -0.391886][0.21438, -0.48739, 0.84646][0.84890, 0.69829, 0][-0.091168, 1.64992, -0.393709][0.40906, -0.23675, 0.88126][0.84877, 0.69220, 0][-0.064672, 1.64559, -0.401753][0.20675, -0.27204, 0.93981][0.84679, 0.69552, 0][-0.065024, 1.62573, -0.391886][0.21438, -0.48739, 0.84646][0.84890, 0.69829, 0][-0.093663, 1.63015, -0.383073][0.42007, -0.44863, 0.78884][0.85089, 0.69456, 0][-0.091168, 1.64992, -0.393709][0.40906, -0.23675, 0.88126][0.84877, 0.69220, 0][-0.064672, 1.64559, -0.401753][0.20675, -0.27204, 0.93981][0.84679, 0.69552, 0][-0.084764, 1.66669, -0.397873][0.31413, 0.22853, 0.92146][0.84685, 0.68964, 0][-0.06388, 1.66314, -0.404156][0.15824, 0.20570, 0.96574][0.84510, 0.69214, 0][-0.064672, 1.64559, -0.401753][0.20675, -0.27204, 0.93981][0.84679, 0.69552, 0][-0.091168, 1.64992, -0.393709][0.40906, -0.23675, 0.88126][0.84877, 0.69220, 0][-0.084764, 1.66669, -0.397873][0.31413, 0.22853, 0.92146][0.84685, 0.68964, 0][-0.06388, 1.66314, -0.404156][0.15824, 0.20570, 0.96574][0.84510, 0.69214, 0][-0.075687, 1.67599, -0.394479][0.14914, 0.64196, 0.75210][0.84527, 0.68738, 0][-0.062379, 1.67368, -0.398468][0.07840, 0.63237, 0.77069][0.84403, 0.68889, 0][-0.06388, 1.66314, -0.404156][0.15824, 0.20570, 0.96574][0.84510, 0.69214, 0][-0.084764, 1.66669, -0.397873][0.31413, 0.22853, 0.92146][0.84685, 0.68964, 0][-0.075687, 1.67599, -0.394479][0.14914, 0.64196, 0.75210][0.84527, 0.68738, 0][-0.026769, 1.6243, -0.395646][0.02241, -0.49658, 0.86770][0.84552, 0.70209, 0][-0.064672, 1.64559, -0.401753][0.20675, -0.27204, 0.93981][0.84679, 0.69552, 0][-0.027041, 1.6442, -0.405243][0.02533, -0.27167, 0.96206][0.84304, 0.69876, 0][-0.026769, 1.6243, -0.395646][0.02241, -0.49658, 0.86770][0.84552, 0.70209, 0][-0.065024, 1.62573, -0.391886][0.21438, -0.48739, 0.84646][0.84890, 0.69829, 0][-0.064672, 1.64559, -0.401753][0.20675, -0.27204, 0.93981][0.84679, 0.69552, 0][-0.027041, 1.6442, -0.405243][0.02533, -0.27167, 0.96206][0.84304, 0.69876, 0][-0.06388, 1.66314, -0.404156][0.15824, 0.20570, 0.96574][0.84510, 0.69214, 0][-0.027083, 1.66201, -0.407047][0.02823, 0.21447, 0.97632][0.84097, 0.69451, 0][-0.027041, 1.6442, -0.405243][0.02533, -0.27167, 0.96206][0.84304, 0.69876, 0][-0.064672, 1.64559, -0.401753][0.20675, -0.27204, 0.93981][0.84679, 0.69552, 0][-0.06388, 1.66314, -0.404156][0.15824, 0.20570, 0.96574][0.84510, 0.69214, 0][-0.027083, 1.66201, -0.407047][0.02823, 0.21447, 0.97632][0.84097, 0.69451, 0][-0.062379, 1.67368, -0.398468][0.07840, 0.63237, 0.77069][0.84403, 0.68889, 0][-0.026884, 1.67299, -0.40058][0.02187, 0.70009, 0.71372][0.83980, 0.69028, 0][-0.027083, 1.66201, -0.407047][0.02823, 0.21447, 0.97632][0.84097, 0.69451, 0][-0.06388, 1.66314, -0.404156][0.15824, 0.20570, 0.96574][0.84510, 0.69214, 0][-0.062379, 1.67368, -0.398468][0.07840, 0.63237, 0.77069][0.84403, 0.68889, 0][-0.055233, 1.73768, -0.081724][0.17472, 0.37990, -0.90838][0.85270, 0.61857, 0][-0.01844, 1.79765, -0.118643][-0.02086, 0.60771, -0.79389][0.84158, 0.61514, 0][-0.056062, 1.79575, -0.120224][0.17945, 0.59649, -0.78230][0.84408, 0.61933, 0][-0.055233, 1.73768, -0.081724][0.17472, 0.37990, -0.90838][0.85270, 0.61857, 0][-0.017276, 1.7394, -0.080034][-0.01939, 0.38632, -0.92216][0.85286, 0.61371, 0][-0.01844, 1.79765, -0.118643][-0.02086, 0.60771, -0.79389][0.84158, 0.61514, 0][-0.467626, -0.934608, 0.960565][0.46677, -0.65239, -0.59709][0.68583, 0.75268, 0][-0.5409, -1.0911, 0.636955][0.53677, -0.76829, -0.34872][0.63726, 0.79968, 0][-0.428217, -1.12883, 0.696695][0.40344, -0.81883, -0.40835][0.65728, 0.80030, 0][-0.467626, -0.934608, 0.960565][0.46677, -0.65239, -0.59709][0.68583, 0.75268, 0][-0.587273, -0.905958, 0.879981][0.59747, -0.60885, -0.52186][0.66275, 0.75533, 0][-0.5409, -1.0911, 0.636955][0.53677, -0.76829, -0.34872][0.63726, 0.79968, 0][-0.785982, -0.642515, 0.822667][0.88191, -0.26739, -0.38825][0.63443, 0.72658, 0][-0.794051, -0.79287, 0.604216][0.93928, -0.33127, -0.08958][0.60572, 0.76486, 0][-0.753389, -0.833481, 0.697094][0.84256, -0.46092, -0.27866][0.62249, 0.76163, 0][-0.785982, -0.642515, 0.822667][0.88191, -0.26739, -0.38825][0.63443, 0.72658, 0][-0.826805, -0.618034, 0.716729][0.96709, -0.18628, -0.17331][0.61617, 0.73274, 0][-0.794051, -0.79287, 0.604216][0.93928, -0.33127, -0.08958][0.60572, 0.76486, 0][-0.544626, 0.16045, 0.293402][0.57861, -0.19385, 0.79223][0.52125, 0.66896, 0][-0.503949, 0.424113, 0.179434][0.61596, -0.17026, 0.76916][0.50679, 0.64341, 0][-0.403109, 0.422186, 0.111037][0.49621, -0.24319, 0.83345][0.48598, 0.64871, 0][-0.615276, -0.684786, 1.03141][0.65043, -0.36299, -0.66722][0.67746, 0.71427, 0][-0.683711, -0.871817, 0.790163][0.72283, -0.54884, -0.41987][0.64147, 0.75843, 0][-0.587273, -0.905958, 0.879981][0.59747, -0.60885, -0.52186][0.66275, 0.75533, 0][-0.615276, -0.684786, 1.03141][0.65043, -0.36299, -0.66722][0.67746, 0.71427, 0][-0.714733, -0.665138, 0.929153][0.77090, -0.32380, -0.54852][0.65488, 0.72034, 0][-0.683711, -0.871817, 0.790163][0.72283, -0.54884, -0.41987][0.64147, 0.75843, 0][-0.814788, -0.570024, 0.529606][0.92538, 0.05496, 0.37502][0.58560, 0.74362, 0][-0.737501, -0.676653, 0.364089][0.79394, 0.27220, 0.54366][0.56313, 0.77305, 0][-0.785343, -0.713064, 0.437435][0.92681, 0.06903, 0.36912][0.57744, 0.77052, 0][-0.814788, -0.570024, 0.529606][0.92538, 0.05496, 0.37502][0.58560, 0.74362, 0][-0.763889, -0.547744, 0.448396][0.78373, 0.17259, 0.59663][0.57037, 0.74839, 0][-0.737501, -0.676653, 0.364089][0.79394, 0.27220, 0.54366][0.56313, 0.77305, 0][-0.347463, -0.712029, 1.19823][0.37026, -0.41479, -0.83118][0.72720, 0.70419, 0][-0.467626, -0.934608, 0.960565][0.46677, -0.65239, -0.59709][0.68583, 0.75268, 0][-0.329401, -0.956324, 1.02584][0.32443, -0.68504, -0.65227][0.71011, 0.75083, 0][-0.347463, -0.712029, 1.19823][0.37026, -0.41479, -0.83118][0.72720, 0.70419, 0][-0.491223, -0.700523, 1.12356][0.52006, -0.39202, -0.75885][0.70177, 0.70870, 0][-0.467626, -0.934608, 0.960565][0.46677, -0.65239, -0.59709][0.68583, 0.75268, 0][-0.826805, -0.618034, 0.716729][0.96709, -0.18628, -0.17331][0.61617, 0.73274, 0][-0.804631, -0.752055, 0.516849][0.97937, -0.14613, 0.13957][0.59103, 0.76784, 0][-0.794051, -0.79287, 0.604216][0.93928, -0.33127, -0.08958][0.60572, 0.76486, 0][-0.826805, -0.618034, 0.716729][0.96709, -0.18628, -0.17331][0.61617, 0.73274, 0][-0.836259, -0.593557, 0.619132][0.99266, -0.07341, 0.09608][0.60036, 0.73839, 0][-0.804631, -0.752055, 0.516849][0.97937, -0.14613, 0.13957][0.59103, 0.76784, 0][-0.02513, -0.72151, 1.26412][-0.00064, -0.43665, -0.89963][0.77916, 0.70126, 0][-0.178227, -0.969909, 1.06856][0.16717, -0.70633, -0.68786][0.73481, 0.75034, 0][-0.020427, -0.974465, 1.0836][-0.00078, -0.71304, -0.70112][0.75933, 0.75162, 0][-0.02513, -0.72151, 1.26412][-0.00064, -0.43665, -0.89963][0.77916, 0.70126, 0][-0.189869, -0.71898, 1.24709][0.19455, -0.43099, -0.88113][0.75312, 0.70148, 0][-0.178227, -0.969909, 1.06856][0.16717, -0.70633, -0.68786][0.73481, 0.75034, 0][-0.714733, -0.665138, 0.929153][0.77090, -0.32380, -0.54852][0.65488, 0.72034, 0][-0.753389, -0.833481, 0.697094][0.84256, -0.46092, -0.27866][0.62249, 0.76163, 0][-0.683711, -0.871817, 0.790163][0.72283, -0.54884, -0.41987][0.64147, 0.75843, 0][-0.714733, -0.665138, 0.929153][0.77090, -0.32380, -0.54852][0.65488, 0.72034, 0][-0.785982, -0.642515, 0.822667][0.88191, -0.26739, -0.38825][0.63443, 0.72658, 0][-0.753389, -0.833481, 0.697094][0.84256, -0.46092, -0.27866][0.62249, 0.76163, 0][-0.763889, -0.547744, 0.448396][0.78373, 0.17259, 0.59663][0.57037, 0.74839, 0][-0.663221, -0.643974, 0.299444][0.62632, 0.43374, 0.64775][0.54723, 0.77522, 0][-0.737501, -0.676653, 0.364089][0.79394, 0.27220, 0.54366][0.56313, 0.77305, 0][-0.763889, -0.547744, 0.448396][0.78373, 0.17259, 0.59663][0.57037, 0.74839, 0][-0.685956, -0.527764, 0.37684][0.60500, 0.28957, 0.74170][0.55365, 0.75262, 0][-0.663221, -0.643974, 0.299444][0.62632, 0.43374, 0.64775][0.54723, 0.77522, 0][-0.491223, -0.700523, 1.12356][0.52006, -0.39202, -0.75885][0.70177, 0.70870, 0][-0.587273, -0.905958, 0.879981][0.59747, -0.60885, -0.52186][0.66275, 0.75533, 0][-0.467626, -0.934608, 0.960565][0.46677, -0.65239, -0.59709][0.68583, 0.75268, 0][-0.491223, -0.700523, 1.12356][0.52006, -0.39202, -0.75885][0.70177, 0.70870, 0][-0.615276, -0.684786, 1.03141][0.65043, -0.36299, -0.66722][0.67746, 0.71427, 0][-0.587273, -0.905958, 0.879981][0.59747, -0.60885, -0.52186][0.66275, 0.75533, 0][-0.836259, -0.593557, 0.619132][0.99266, -0.07341, 0.09608][0.60036, 0.73839, 0][-0.785343, -0.713064, 0.437435][0.92681, 0.06903, 0.36912][0.57744, 0.77052, 0][-0.804631, -0.752055, 0.516849][0.97937, -0.14613, 0.13957][0.59103, 0.76784, 0][-0.836259, -0.593557, 0.619132][0.99266, -0.07341, 0.09608][0.60036, 0.73839, 0][-0.814788, -0.570024, 0.529606][0.92538, 0.05496, 0.37502][0.58560, 0.74362, 0][-0.785343, -0.713064, 0.437435][0.92681, 0.06903, 0.36912][0.57744, 0.77052, 0][-0.741548, -0.9401, 0.42654][0.90044, -0.43363, 0.03411][0.58853, 0.79860, 0][-0.66074, -1.00972, 0.160154][0.93669, -0.22979, 0.26423][0.55763, 0.83407, 0][-0.649925, -1.0651, 0.220067][0.88361, -0.45429, 0.11342][0.56943, 0.83519, 0][-0.741548, -0.9401, 0.42654][0.90044, -0.43363, 0.03411][0.58853, 0.79860, 0][-0.754475, -0.885076, 0.356608][0.95072, -0.21766, 0.22078][0.57573, 0.79835, 0][-0.66074, -1.00972, 0.160154][0.93669, -0.22979, 0.26423][0.55763, 0.83407, 0][-0.663221, -0.643974, 0.299444][0.62632, 0.43374, 0.64775][0.54723, 0.77522, 0][-0.537025, -0.703499, 0.134363][0.45187, 0.64886, 0.61220][0.52019, 0.79778, 0][-0.628533, -0.740552, 0.180103][0.65061, 0.48484, 0.58450][0.53668, 0.79787, 0][-0.663221, -0.643974, 0.299444][0.62632, 0.43374, 0.64775][0.54723, 0.77522, 0][-0.565334, -0.615702, 0.245542][0.40227, 0.52938, 0.74695][0.52930, 0.77684, 0][-0.537025, -0.703499, 0.134363][0.45187, 0.64886, 0.61220][0.52019, 0.79778, 0][-0.587273, -0.905958, 0.879981][0.59747, -0.60885, -0.52186][0.66275, 0.75533, 0][-0.632902, -1.04567, 0.569722][0.67037, -0.69576, -0.25791][0.61902, 0.79924, 0][-0.5409, -1.0911, 0.636955][0.53677, -0.76829, -0.34872][0.63726, 0.79968, 0][-0.587273, -0.905958, 0.879981][0.59747, -0.60885, -0.52186][0.66275, 0.75533, 0][-0.683711, -0.871817, 0.790163][0.72283, -0.54884, -0.41987][0.64147, 0.75843, 0][-0.632902, -1.04567, 0.569722][0.67037, -0.69576, -0.25791][0.61902, 0.79924, 0][-0.683711, -0.871817, 0.790163][0.72283, -0.54884, -0.41987][0.64147, 0.75843, 0][-0.700646, -0.994612, 0.498722][0.79775, -0.58886, -0.12972][0.60283, 0.79888, 0][-0.632902, -1.04567, 0.569722][0.67037, -0.69576, -0.25791][0.61902, 0.79924, 0][-0.683711, -0.871817, 0.790163][0.72283, -0.54884, -0.41987][0.64147, 0.75843, 0][-0.753389, -0.833481, 0.697094][0.84256, -0.46092, -0.27866][0.62249, 0.76163, 0][-0.700646, -0.994612, 0.498722][0.79775, -0.58886, -0.12972][0.60283, 0.79888, 0][-0.753389, -0.833481, 0.697094][0.84256, -0.46092, -0.27866][0.62249, 0.76163, 0][-0.741548, -0.9401, 0.42654][0.90044, -0.43363, 0.03411][0.58853, 0.79860, 0][-0.700646, -0.994612, 0.498722][0.79775, -0.58886, -0.12972][0.60283, 0.79888, 0][-0.753389, -0.833481, 0.697094][0.84256, -0.46092, -0.27866][0.62249, 0.76163, 0][-0.794051, -0.79287, 0.604216][0.93928, -0.33127, -0.08958][0.60572, 0.76486, 0][-0.741548, -0.9401, 0.42654][0.90044, -0.43363, 0.03411][0.58853, 0.79860, 0][-0.794051, -0.79287, 0.604216][0.93928, -0.33127, -0.08958][0.60572, 0.76486, 0][-0.754475, -0.885076, 0.356608][0.95072, -0.21766, 0.22078][0.57573, 0.79835, 0][-0.741548, -0.9401, 0.42654][0.90044, -0.43363, 0.03411][0.58853, 0.79860, 0][-0.794051, -0.79287, 0.604216][0.93928, -0.33127, -0.08958][0.60572, 0.76486, 0][-0.804631, -0.752055, 0.516849][0.97937, -0.14613, 0.13957][0.59103, 0.76784, 0][-0.754475, -0.885076, 0.356608][0.95072, -0.21766, 0.22078][0.57573, 0.79835, 0][-0.020427, -0.974465, 1.0836][-0.00078, -0.71304, -0.70112][0.75933, 0.75162, 0][-0.159773, -1.17411, 0.774669][0.13339, -0.87644, -0.46266][0.70037, 0.80295, 0][-0.014762, -1.17988, 0.785006][-0.00035, -0.88412, -0.46726][0.72219, 0.80552, 0][-0.020427, -0.974465, 1.0836][-0.00078, -0.71304, -0.70112][0.75933, 0.75162, 0][-0.178227, -0.969909, 1.06856][0.16717, -0.70633, -0.68786][0.73481, 0.75034, 0][-0.159773, -1.17411, 0.774669][0.13339, -0.87644, -0.46266][0.70037, 0.80295, 0][-0.804631, -0.752055, 0.516849][0.97937, -0.14613, 0.13957][0.59103, 0.76784, 0][-0.739252, -0.832797, 0.293198][0.91700, 0.03657, 0.39720][0.56383, 0.79805, 0][-0.754475, -0.885076, 0.356608][0.95072, -0.21766, 0.22078][0.57573, 0.79835, 0][-0.804631, -0.752055, 0.516849][0.97937, -0.14613, 0.13957][0.59103, 0.76784, 0][-0.785343, -0.713064, 0.437435][0.92681, 0.06903, 0.36912][0.57744, 0.77052, 0][-0.739252, -0.832797, 0.293198][0.91700, 0.03657, 0.39720][0.56383, 0.79805, 0][-0.178227, -0.969909, 1.06856][0.16717, -0.70633, -0.68786][0.73481, 0.75034, 0][-0.299469, -1.15689, 0.744234][0.27003, -0.85419, -0.44434][0.67854, 0.80128, 0][-0.159773, -1.17411, 0.774669][0.13339, -0.87644, -0.46266][0.70037, 0.80295, 0][-0.178227, -0.969909, 1.06856][0.16717, -0.70633, -0.68786][0.73481, 0.75034, 0][-0.329401, -0.956324, 1.02584][0.32443, -0.68504, -0.65227][0.71011, 0.75083, 0][-0.299469, -1.15689, 0.744234][0.27003, -0.85419, -0.44434][0.67854, 0.80128, 0][-0.785343, -0.713064, 0.437435][0.92681, 0.06903, 0.36912][0.57744, 0.77052, 0][-0.69678, -0.784252, 0.233392][0.80495, 0.28179, 0.52216][0.55107, 0.79798, 0][-0.739252, -0.832797, 0.293198][0.91700, 0.03657, 0.39720][0.56383, 0.79805, 0][-0.785343, -0.713064, 0.437435][0.92681, 0.06903, 0.36912][0.57744, 0.77052, 0][-0.737501, -0.676653, 0.364089][0.79394, 0.27220, 0.54366][0.56313, 0.77305, 0][-0.69678, -0.784252, 0.233392][0.80495, 0.28179, 0.52216][0.55107, 0.79798, 0][-0.329401, -0.956324, 1.02584][0.32443, -0.68504, -0.65227][0.71011, 0.75083, 0][-0.428217, -1.12883, 0.696695][0.40344, -0.81883, -0.40835][0.65728, 0.80030, 0][-0.299469, -1.15689, 0.744234][0.27003, -0.85419, -0.44434][0.67854, 0.80128, 0][-0.329401, -0.956324, 1.02584][0.32443, -0.68504, -0.65227][0.71011, 0.75083, 0][-0.467626, -0.934608, 0.960565][0.46677, -0.65239, -0.59709][0.68583, 0.75268, 0][-0.428217, -1.12883, 0.696695][0.40344, -0.81883, -0.40835][0.65728, 0.80030, 0][-0.737501, -0.676653, 0.364089][0.79394, 0.27220, 0.54366][0.56313, 0.77305, 0][-0.628533, -0.740552, 0.180103][0.65061, 0.48484, 0.58450][0.53668, 0.79787, 0][-0.69678, -0.784252, 0.233392][0.80495, 0.28179, 0.52216][0.55107, 0.79798, 0][-0.737501, -0.676653, 0.364089][0.79394, 0.27220, 0.54366][0.56313, 0.77305, 0][-0.663221, -0.643974, 0.299444][0.62632, 0.43374, 0.64775][0.54723, 0.77522, 0][-0.628533, -0.740552, 0.180103][0.65061, 0.48484, 0.58450][0.53668, 0.79787, 0][-0.552078, -0.859703, 0.005396][0.68500, 0.50679, 0.52340][0.52091, 0.83116, 0][-0.44401, -0.869036, -0.144763][0.56048, 0.69518, 0.45010][0.49731, 0.84819, 0][-0.514034, -0.912422, -0.112355][0.71409, 0.53309, 0.45375][0.51056, 0.85022, 0][-0.552078, -0.859703, 0.005396][0.68500, 0.50679, 0.52340][0.52091, 0.83116, 0][-0.473846, -0.820212, -0.036012][0.52827, 0.66765, 0.52456][0.50597, 0.83048, 0][-0.44401, -0.869036, -0.144763][0.56048, 0.69518, 0.45010][0.49731, 0.84819, 0][-0.014762, -1.17988, 0.785006][-0.00035, -0.88412, -0.46726][0.72219, 0.80552, 0][-0.15326, -1.28779, 0.482603][0.11898, -0.93265, -0.34059][0.66215, 0.84597, 0][-0.00914, -1.29305, 0.490458][-0.00039, -0.93883, -0.34438][0.68335, 0.84925, 0][-0.014762, -1.17988, 0.785006][-0.00035, -0.88412, -0.46726][0.72219, 0.80552, 0][-0.159773, -1.17411, 0.774669][0.13339, -0.87644, -0.46266][0.70037, 0.80295, 0][-0.15326, -1.28779, 0.482603][0.11898, -0.93265, -0.34059][0.66215, 0.84597, 0][-0.754475, -0.885076, 0.356608][0.95072, -0.21766, 0.22078][0.57573, 0.79835, 0][-0.647455, -0.956217, 0.10525][0.91724, 0.03224, 0.39704][0.54637, 0.83291, 0][-0.66074, -1.00972, 0.160154][0.93669, -0.22979, 0.26423][0.55763, 0.83407, 0][-0.754475, -0.885076, 0.356608][0.95072, -0.21766, 0.22078][0.57573, 0.79835, 0][-0.739252, -0.832797, 0.293198][0.91700, 0.03657, 0.39720][0.56383, 0.79805, 0][-0.647455, -0.956217, 0.10525][0.91724, 0.03224, 0.39704][0.54637, 0.83291, 0][-0.159773, -1.17411, 0.774669][0.13339, -0.87644, -0.46266][0.70037, 0.80295, 0][-0.272395, -1.27205, 0.461959][0.25025, -0.91250, -0.32359][0.64416, 0.84351, 0][-0.15326, -1.28779, 0.482603][0.11898, -0.93265, -0.34059][0.66215, 0.84597, 0][-0.159773, -1.17411, 0.774669][0.13339, -0.87644, -0.46266][0.70037, 0.80295, 0][-0.299469, -1.15689, 0.744234][0.27003, -0.85419, -0.44434][0.67854, 0.80128, 0][-0.272395, -1.27205, 0.461959][0.25025, -0.91250, -0.32359][0.64416, 0.84351, 0][-0.739252, -0.832797, 0.293198][0.91700, 0.03657, 0.39720][0.56383, 0.79805, 0][-0.610743, -0.905605, 0.053192][0.82535, 0.28899, 0.48505][0.53432, 0.83194, 0][-0.647455, -0.956217, 0.10525][0.91724, 0.03224, 0.39704][0.54637, 0.83291, 0][-0.739252, -0.832797, 0.293198][0.91700, 0.03657, 0.39720][0.56383, 0.79805, 0][-0.69678, -0.784252, 0.233392][0.80495, 0.28179, 0.52216][0.55107, 0.79798, 0][-0.610743, -0.905605, 0.053192][0.82535, 0.28899, 0.48505][0.53432, 0.83194, 0][-0.299469, -1.15689, 0.744234][0.27003, -0.85419, -0.44434][0.67854, 0.80128, 0][-0.382309, -1.24629, 0.429375][0.38006, -0.87852, -0.28942][0.62685, 0.84137, 0][-0.272395, -1.27205, 0.461959][0.25025, -0.91250, -0.32359][0.64416, 0.84351, 0][-0.299469, -1.15689, 0.744234][0.27003, -0.85419, -0.44434][0.67854, 0.80128, 0][-0.428217, -1.12883, 0.696695][0.40344, -0.81883, -0.40835][0.65728, 0.80030, 0][-0.382309, -1.24629, 0.429375][0.38006, -0.87852, -0.28942][0.62685, 0.84137, 0][-0.69678, -0.784252, 0.233392][0.80495, 0.28179, 0.52216][0.55107, 0.79798, 0][-0.552078, -0.859703, 0.005396][0.68500, 0.50679, 0.52340][0.52091, 0.83116, 0][-0.610743, -0.905605, 0.053192][0.82535, 0.28899, 0.48505][0.53432, 0.83194, 0][-0.69678, -0.784252, 0.233392][0.80495, 0.28179, 0.52216][0.55107, 0.79798, 0][-0.628533, -0.740552, 0.180103][0.65061, 0.48484, 0.58450][0.53668, 0.79787, 0][-0.552078, -0.859703, 0.005396][0.68500, 0.50679, 0.52340][0.52091, 0.83116, 0][-0.428217, -1.12883, 0.696695][0.40344, -0.81883, -0.40835][0.65728, 0.80030, 0][-0.478578, -1.21145, 0.38691][0.51527, -0.82513, -0.23165][0.61060, 0.83951, 0][-0.382309, -1.24629, 0.429375][0.38006, -0.87852, -0.28942][0.62685, 0.84137, 0][-0.428217, -1.12883, 0.696695][0.40344, -0.81883, -0.40835][0.65728, 0.80030, 0][-0.5409, -1.0911, 0.636955][0.53677, -0.76829, -0.34872][0.63726, 0.79968, 0][-0.478578, -1.21145, 0.38691][0.51527, -0.82513, -0.23165][0.61060, 0.83951, 0][-0.628533, -0.740552, 0.180103][0.65061, 0.48484, 0.58450][0.53668, 0.79787, 0][-0.473846, -0.820212, -0.036012][0.52827, 0.66765, 0.52456][0.50597, 0.83048, 0][-0.552078, -0.859703, 0.005396][0.68500, 0.50679, 0.52340][0.52091, 0.83116, 0][-0.628533, -0.740552, 0.180103][0.65061, 0.48484, 0.58450][0.53668, 0.79787, 0][-0.537025, -0.703499, 0.134363][0.45187, 0.64886, 0.61220][0.52019, 0.79778, 0][-0.473846, -0.820212, -0.036012][0.52827, 0.66765, 0.52456][0.50597, 0.83048, 0][-0.5409, -1.0911, 0.636955][0.53677, -0.76829, -0.34872][0.63726, 0.79968, 0][-0.557235, -1.16843, 0.336232][0.65271, -0.74367, -0.14465][0.59563, 0.83788, 0][-0.478578, -1.21145, 0.38691][0.51527, -0.82513, -0.23165][0.61060, 0.83951, 0][-0.5409, -1.0911, 0.636955][0.53677, -0.76829, -0.34872][0.63726, 0.79968, 0][-0.632902, -1.04567, 0.569722][0.67037, -0.69576, -0.25791][0.61902, 0.79924, 0][-0.557235, -1.16843, 0.336232][0.65271, -0.74367, -0.14465][0.59563, 0.83788, 0][-0.537025, -0.703499, 0.134363][0.45187, 0.64886, 0.61220][0.52019, 0.79778, 0][-0.378864, -0.788728, -0.070776][0.33894, 0.77198, 0.53774][0.48945, 0.83002, 0][-0.473846, -0.820212, -0.036012][0.52827, 0.66765, 0.52456][0.50597, 0.83048, 0][-0.537025, -0.703499, 0.134363][0.45187, 0.64886, 0.61220][0.52019, 0.79778, 0][-0.425665, -0.673324, 0.098236][0.33681, 0.72091, 0.60568][0.50162, 0.79747, 0][-0.378864, -0.788728, -0.070776][0.33894, 0.77198, 0.53774][0.48945, 0.83002, 0][-0.632902, -1.04567, 0.569722][0.67037, -0.69576, -0.25791][0.61902, 0.79924, 0][-0.615076, -1.11897, 0.27978][0.78158, -0.62320, -0.02737][0.58198, 0.83645, 0][-0.557235, -1.16843, 0.336232][0.65271, -0.74367, -0.14465][0.59563, 0.83788, 0][-0.632902, -1.04567, 0.569722][0.67037, -0.69576, -0.25791][0.61902, 0.79924, 0][-0.700646, -0.994612, 0.498722][0.79775, -0.58886, -0.12972][0.60283, 0.79888, 0][-0.615076, -1.11897, 0.27978][0.78158, -0.62320, -0.02737][0.58198, 0.83645, 0][-0.700646, -0.994612, 0.498722][0.79775, -0.58886, -0.12972][0.60283, 0.79888, 0][-0.649925, -1.0651, 0.220067][0.88361, -0.45429, 0.11342][0.56943, 0.83519, 0][-0.615076, -1.11897, 0.27978][0.78158, -0.62320, -0.02737][0.58198, 0.83645, 0][-0.700646, -0.994612, 0.498722][0.79775, -0.58886, -0.12972][0.60283, 0.79888, 0][-0.741548, -0.9401, 0.42654][0.90044, -0.43363, 0.03411][0.58853, 0.79860, 0][-0.649925, -1.0651, 0.220067][0.88361, -0.45429, 0.11342][0.56943, 0.83519, 0][-0.151623, -0.792872, -0.203267][0.11874, 0.90361, 0.41157][0.44967, 0.84417, 0][-0.00343, -0.866399, -0.379928][0.00133, 0.86917, 0.49451][0.42163, 0.87205, 0][-0.149925, -0.872296, -0.376635][0.12872, 0.86058, 0.49278][0.44451, 0.87278, 0][-0.151623, -0.792872, -0.203267][0.11874, 0.90361, 0.41157][0.44967, 0.84417, 0][-0.007665, -0.787529, -0.20716][0.00169, 0.91075, 0.41296][0.42715, 0.84327, 0][-0.00343, -0.866399, -0.379928][0.00133, 0.86917, 0.49451][0.42163, 0.87205, 0][-0.478578, -1.21145, 0.38691][0.51527, -0.82513, -0.23165][0.61060, 0.83951, 0][-0.506838, -1.2478, 0.132821][0.66927, -0.73908, -0.07641][0.57407, 0.86816, 0][-0.435495, -1.29349, 0.168002][0.53215, -0.83173, -0.15825][0.58596, 0.87148, 0][-0.478578, -1.21145, 0.38691][0.51527, -0.82513, -0.23165][0.61060, 0.83951, 0][-0.557235, -1.16843, 0.336232][0.65271, -0.74367, -0.14465][0.59563, 0.83788, 0][-0.506838, -1.2478, 0.132821][0.66927, -0.73908, -0.07641][0.57407, 0.86816, 0][-0.473846, -0.820212, -0.036012][0.52827, 0.66765, 0.52456][0.50597, 0.83048, 0][-0.358116, -0.83407, -0.171402][0.40630, 0.80481, 0.43268][0.48265, 0.84653, 0][-0.44401, -0.869036, -0.144763][0.56048, 0.69518, 0.45010][0.49731, 0.84819, 0][-0.473846, -0.820212, -0.036012][0.52827, 0.66765, 0.52456][0.50597, 0.83048, 0][-0.378864, -0.788728, -0.070776][0.33894, 0.77198, 0.53774][0.48945, 0.83002, 0][-0.358116, -0.83407, -0.171402][0.40630, 0.80481, 0.43268][0.48265, 0.84653, 0][-0.557235, -1.16843, 0.336232][0.65271, -0.74367, -0.14465][0.59563, 0.83788, 0][-0.560397, -1.19522, 0.092734][0.79583, -0.60495, 0.02632][0.56312, 0.86490, 0][-0.506838, -1.2478, 0.132821][0.66927, -0.73908, -0.07641][0.57407, 0.86816, 0][-0.557235, -1.16843, 0.336232][0.65271, -0.74367, -0.14465][0.59563, 0.83788, 0][-0.615076, -1.11897, 0.27978][0.78158, -0.62320, -0.02737][0.58198, 0.83645, 0][-0.560397, -1.19522, 0.092734][0.79583, -0.60495, 0.02632][0.56312, 0.86490, 0][-0.378864, -0.788728, -0.070776][0.33894, 0.77198, 0.53774][0.48945, 0.83002, 0][-0.259347, -0.808596, -0.19162][0.26171, 0.87119, 0.41538][0.46665, 0.84527, 0][-0.358116, -0.83407, -0.171402][0.40630, 0.80481, 0.43268][0.48265, 0.84653, 0][-0.378864, -0.788728, -0.070776][0.33894, 0.77198, 0.53774][0.48945, 0.83002, 0][-0.270544, -0.765545, -0.095826][0.23827, 0.83715, 0.49235][0.47163, 0.82947, 0][-0.259347, -0.808596, -0.19162][0.26171, 0.87119, 0.41538][0.46665, 0.84527, 0][-0.615076, -1.11897, 0.27978][0.78158, -0.62320, -0.02737][0.58198, 0.83645, 0][-0.59399, -1.13763, 0.049287][0.89447, -0.42350, 0.14341][0.55282, 0.86170, 0][-0.560397, -1.19522, 0.092734][0.79583, -0.60495, 0.02632][0.56312, 0.86490, 0][-0.615076, -1.11897, 0.27978][0.78158, -0.62320, -0.02737][0.58198, 0.83645, 0][-0.649925, -1.0651, 0.220067][0.88361, -0.45429, 0.11342][0.56943, 0.83519, 0][-0.59399, -1.13763, 0.049287][0.89447, -0.42350, 0.14341][0.55282, 0.86170, 0][-0.270544, -0.765545, -0.095826][0.23827, 0.83715, 0.49235][0.47163, 0.82947, 0][-0.151623, -0.792872, -0.203267][0.11874, 0.90361, 0.41157][0.44967, 0.84417, 0][-0.259347, -0.808596, -0.19162][0.26171, 0.87119, 0.41538][0.46665, 0.84527, 0][-0.270544, -0.765545, -0.095826][0.23827, 0.83715, 0.49235][0.47163, 0.82947, 0][-0.153012, -0.751396, -0.111025][0.10993, 0.86621, 0.48743][0.45285, 0.82889, 0][-0.151623, -0.792872, -0.203267][0.11874, 0.90361, 0.41157][0.44967, 0.84417, 0][-0.649925, -1.0651, 0.220067][0.88361, -0.45429, 0.11342][0.56943, 0.83519, 0][-0.606199, -1.0774, 0.004242][0.94533, -0.19153, 0.26396][0.54273, 0.85862, 0][-0.59399, -1.13763, 0.049287][0.89447, -0.42350, 0.14341][0.55282, 0.86170, 0][-0.649925, -1.0651, 0.220067][0.88361, -0.45429, 0.11342][0.56943, 0.83519, 0][-0.66074, -1.00972, 0.160154][0.93669, -0.22979, 0.26423][0.55763, 0.83407, 0][-0.606199, -1.0774, 0.004242][0.94533, -0.19153, 0.26396][0.54273, 0.85862, 0][-0.00914, -1.29305, 0.490458][-0.00039, -0.93883, -0.34438][0.68335, 0.84925, 0][-0.14592, -1.37488, 0.233152][0.11909, -0.95319, -0.27795][0.62772, 0.88119, 0][-0.005861, -1.3803, 0.238494][-0.00058, -0.95923, -0.28263][0.64767, 0.88502, 0][-0.00914, -1.29305, 0.490458][-0.00039, -0.93883, -0.34438][0.68335, 0.84925, 0][-0.15326, -1.28779, 0.482603][0.11898, -0.93265, -0.34059][0.66215, 0.84597, 0][-0.14592, -1.37488, 0.233152][0.11909, -0.95319, -0.27795][0.62772, 0.88119, 0][-0.153012, -0.751396, -0.111025][0.10993, 0.86621, 0.48743][0.45285, 0.82889, 0][-0.007665, -0.787529, -0.20716][0.00169, 0.91075, 0.41296][0.42715, 0.84327, 0][-0.151623, -0.792872, -0.203267][0.11874, 0.90361, 0.41157][0.44967, 0.84417, 0][-0.153012, -0.751396, -0.111025][0.10993, 0.86621, 0.48743][0.45285, 0.82889, 0][-0.010387, -0.746607, -0.116019][0.00150, 0.87284, 0.48800][0.43041, 0.82818, 0][-0.007665, -0.787529, -0.20716][0.00169, 0.91075, 0.41296][0.42715, 0.84327, 0][-0.66074, -1.00972, 0.160154][0.93669, -0.22979, 0.26423][0.55763, 0.83407, 0][-0.596584, -1.01873, -0.036582][0.92834, 0.06892, 0.36529][0.53296, 0.85550, 0][-0.606199, -1.0774, 0.004242][0.94533, -0.19153, 0.26396][0.54273, 0.85862, 0][-0.66074, -1.00972, 0.160154][0.93669, -0.22979, 0.26423][0.55763, 0.83407, 0][-0.647455, -0.956217, 0.10525][0.91724, 0.03224, 0.39704][0.54637, 0.83291, 0][-0.596584, -1.01873, -0.036582][0.92834, 0.06892, 0.36529][0.53296, 0.85550, 0][-0.15326, -1.28779, 0.482603][0.11898, -0.93265, -0.34059][0.66215, 0.84597, 0][-0.25149, -1.35811, 0.219206][0.26032, -0.93048, -0.25775][0.61288, 0.87803, 0][-0.14592, -1.37488, 0.233152][0.11909, -0.95319, -0.27795][0.62772, 0.88119, 0][-0.15326, -1.28779, 0.482603][0.11898, -0.93265, -0.34059][0.66215, 0.84597, 0][-0.272395, -1.27205, 0.461959][0.25025, -0.91250, -0.32359][0.64416, 0.84351, 0][-0.25149, -1.35811, 0.219206][0.26032, -0.93048, -0.25775][0.61288, 0.87803, 0][-0.647455, -0.956217, 0.10525][0.91724, 0.03224, 0.39704][0.54637, 0.83291, 0][-0.565491, -0.963025, -0.076139][0.84514, 0.31900, 0.42894][0.52235, 0.85271, 0][-0.596584, -1.01873, -0.036582][0.92834, 0.06892, 0.36529][0.53296, 0.85550, 0][-0.647455, -0.956217, 0.10525][0.91724, 0.03224, 0.39704][0.54637, 0.83291, 0][-0.610743, -0.905605, 0.053192][0.82535, 0.28899, 0.48505][0.53432, 0.83194, 0][-0.565491, -0.963025, -0.076139][0.84514, 0.31900, 0.42894][0.52235, 0.85271, 0][-0.272395, -1.27205, 0.461959][0.25025, -0.91250, -0.32359][0.64416, 0.84351, 0][-0.349262, -1.33066, 0.197142][0.39478, -0.89249, -0.21821][0.59890, 0.87478, 0][-0.25149, -1.35811, 0.219206][0.26032, -0.93048, -0.25775][0.61288, 0.87803, 0][-0.272395, -1.27205, 0.461959][0.25025, -0.91250, -0.32359][0.64416, 0.84351, 0][-0.382309, -1.24629, 0.429375][0.38006, -0.87852, -0.28942][0.62685, 0.84137, 0][-0.349262, -1.33066, 0.197142][0.39478, -0.89249, -0.21821][0.59890, 0.87478, 0][-0.610743, -0.905605, 0.053192][0.82535, 0.28899, 0.48505][0.53432, 0.83194, 0][-0.514034, -0.912422, -0.112355][0.71409, 0.53309, 0.45375][0.51056, 0.85022, 0][-0.565491, -0.963025, -0.076139][0.84514, 0.31900, 0.42894][0.52235, 0.85271, 0][-0.610743, -0.905605, 0.053192][0.82535, 0.28899, 0.48505][0.53432, 0.83194, 0][-0.552078, -0.859703, 0.005396][0.68500, 0.50679, 0.52340][0.52091, 0.83116, 0][-0.514034, -0.912422, -0.112355][0.71409, 0.53309, 0.45375][0.51056, 0.85022, 0][-0.382309, -1.24629, 0.429375][0.38006, -0.87852, -0.28942][0.62685, 0.84137, 0][-0.435495, -1.29349, 0.168002][0.53215, -0.83173, -0.15825][0.58596, 0.87148, 0][-0.349262, -1.33066, 0.197142][0.39478, -0.89249, -0.21821][0.59890, 0.87478, 0][-0.382309, -1.24629, 0.429375][0.38006, -0.87852, -0.28942][0.62685, 0.84137, 0][-0.478578, -1.21145, 0.38691][0.51527, -0.82513, -0.23165][0.61060, 0.83951, 0][-0.435495, -1.29349, 0.168002][0.53215, -0.83173, -0.15825][0.58596, 0.87148, 0][-0.394275, -0.950616, -0.326668][0.58416, 0.63045, 0.51116][0.48425, 0.87719, 0][-0.28029, -0.979873, -0.460712][0.43696, 0.68484, 0.58314][0.46501, 0.89485, 0][-0.336291, -1.01302, -0.448016][0.57512, 0.57127, 0.58556][0.47494, 0.89736, 0][-0.394275, -0.950616, -0.326668][0.58416, 0.63045, 0.51116][0.48425, 0.87719, 0][-0.322233, -0.915022, -0.349321][0.43659, 0.74671, 0.50181][0.47188, 0.87527, 0][-0.28029, -0.979873, -0.460712][0.43696, 0.68484, 0.58314][0.46501, 0.89485, 0][-0.606199, -1.0774, 0.004242][0.94533, -0.19153, 0.26396][0.54273, 0.85862, 0][-0.522947, -1.09895, -0.233765][0.90131, 0.04664, 0.43066][0.51542, 0.88528, 0][-0.531247, -1.15509, -0.199491][0.91674, -0.19359, 0.34943][0.52403, 0.88857, 0][-0.606199, -1.0774, 0.004242][0.94533, -0.19153, 0.26396][0.54273, 0.85862, 0][-0.596584, -1.01873, -0.036582][0.92834, 0.06892, 0.36529][0.53296, 0.85550, 0][-0.522947, -1.09895, -0.233765][0.90131, 0.04664, 0.43066][0.51542, 0.88528, 0][-0.14592, -1.37488, 0.233152][0.11909, -0.95319, -0.27795][0.62772, 0.88119, 0][-0.23568, -1.41879, -0.018698][0.27195, -0.95470, -0.12082][0.58062, 0.90810, 0][-0.147134, -1.4343, -0.007107][0.11850, -0.98327, -0.13834][0.59226, 0.91120, 0][-0.14592, -1.37488, 0.233152][0.11909, -0.95319, -0.27795][0.62772, 0.88119, 0][-0.25149, -1.35811, 0.219206][0.26032, -0.93048, -0.25775][0.61288, 0.87803, 0][-0.23568, -1.41879, -0.018698][0.27195, -0.95470, -0.12082][0.58062, 0.90810, 0][-0.596584, -1.01873, -0.036582][0.92834, 0.06892, 0.36529][0.53296, 0.85550, 0][-0.49656, -1.04449, -0.267358][0.83191, 0.27243, 0.48343][0.50600, 0.88223, 0][-0.522947, -1.09895, -0.233765][0.90131, 0.04664, 0.43066][0.51542, 0.88528, 0][-0.596584, -1.01873, -0.036582][0.92834, 0.06892, 0.36529][0.53296, 0.85550, 0][-0.565491, -0.963025, -0.076139][0.84514, 0.31900, 0.42894][0.52235, 0.85271, 0][-0.49656, -1.04449, -0.267358][0.83191, 0.27243, 0.48343][0.50600, 0.88223, 0][-0.25149, -1.35811, 0.219206][0.26032, -0.93048, -0.25775][0.61288, 0.87803, 0][-0.317509, -1.39321, -0.03731][0.41114, -0.90766, -0.08439][0.56972, 0.90491, 0][-0.23568, -1.41879, -0.018698][0.27195, -0.95470, -0.12082][0.58062, 0.90810, 0][-0.25149, -1.35811, 0.219206][0.26032, -0.93048, -0.25775][0.61288, 0.87803, 0][-0.349262, -1.33066, 0.197142][0.39478, -0.89249, -0.21821][0.59890, 0.87478, 0][-0.317509, -1.39321, -0.03731][0.41114, -0.90766, -0.08439][0.56972, 0.90491, 0][-0.565491, -0.963025, -0.076139][0.84514, 0.31900, 0.42894][0.52235, 0.85271, 0][-0.453082, -0.994273, -0.298899][0.72079, 0.47100, 0.50855][0.49562, 0.87951, 0][-0.49656, -1.04449, -0.267358][0.83191, 0.27243, 0.48343][0.50600, 0.88223, 0][-0.565491, -0.963025, -0.076139][0.84514, 0.31900, 0.42894][0.52235, 0.85271, 0][-0.514034, -0.912422, -0.112355][0.71409, 0.53309, 0.45375][0.51056, 0.85022, 0][-0.453082, -0.994273, -0.298899][0.72079, 0.47100, 0.50855][0.49562, 0.87951, 0][-0.349262, -1.33066, 0.197142][0.39478, -0.89249, -0.21821][0.59890, 0.87478, 0][-0.389546, -1.35839, -0.061605][0.54831, -0.83587, -0.02623][0.55964, 0.90162, 0][-0.317509, -1.39321, -0.03731][0.41114, -0.90766, -0.08439][0.56972, 0.90491, 0][-0.349262, -1.33066, 0.197142][0.39478, -0.89249, -0.21821][0.59890, 0.87478, 0][-0.435495, -1.29349, 0.168002][0.53215, -0.83173, -0.15825][0.58596, 0.87148, 0][-0.389546, -1.35839, -0.061605][0.54831, -0.83587, -0.02623][0.55964, 0.90162, 0][-0.514034, -0.912422, -0.112355][0.71409, 0.53309, 0.45375][0.51056, 0.85022, 0][-0.394275, -0.950616, -0.326668][0.58416, 0.63045, 0.51116][0.48425, 0.87719, 0][-0.453082, -0.994273, -0.298899][0.72079, 0.47100, 0.50855][0.49562, 0.87951, 0][-0.514034, -0.912422, -0.112355][0.71409, 0.53309, 0.45375][0.51056, 0.85022, 0][-0.44401, -0.869036, -0.144763][0.56048, 0.69518, 0.45010][0.49731, 0.84819, 0][-0.394275, -0.950616, -0.326668][0.58416, 0.63045, 0.51116][0.48425, 0.87719, 0][-0.435495, -1.29349, 0.168002][0.53215, -0.83173, -0.15825][0.58596, 0.87148, 0][-0.448998, -1.31552, -0.091271][0.67895, -0.73246, 0.05030][0.55022, 0.89832, 0][-0.389546, -1.35839, -0.061605][0.54831, -0.83587, -0.02623][0.55964, 0.90162, 0][-0.435495, -1.29349, 0.168002][0.53215, -0.83173, -0.15825][0.58596, 0.87148, 0][-0.506838, -1.2478, 0.132821][0.66927, -0.73908, -0.07641][0.57407, 0.86816, 0][-0.448998, -1.31552, -0.091271][0.67895, -0.73246, 0.05030][0.55022, 0.89832, 0][-0.44401, -0.869036, -0.144763][0.56048, 0.69518, 0.45010][0.49731, 0.84819, 0][-0.322233, -0.915022, -0.349321][0.43659, 0.74671, 0.50181][0.47188, 0.87527, 0][-0.394275, -0.950616, -0.326668][0.58416, 0.63045, 0.51116][0.48425, 0.87719, 0][-0.44401, -0.869036, -0.144763][0.56048, 0.69518, 0.45010][0.49731, 0.84819, 0][-0.358116, -0.83407, -0.171402][0.40630, 0.80481, 0.43268][0.48265, 0.84653, 0][-0.322233, -0.915022, -0.349321][0.43659, 0.74671, 0.50181][0.47188, 0.87527, 0][-0.506838, -1.2478, 0.132821][0.66927, -0.73908, -0.07641][0.57407, 0.86816, 0][-0.493505, -1.26608, -0.124932][0.79145, -0.59328, 0.14710][0.54134, 0.89501, 0][-0.448998, -1.31552, -0.091271][0.67895, -0.73246, 0.05030][0.55022, 0.89832, 0][-0.506838, -1.2478, 0.132821][0.66927, -0.73908, -0.07641][0.57407, 0.86816, 0][-0.560397, -1.19522, 0.092734][0.79583, -0.60495, 0.02632][0.56312, 0.86490, 0][-0.493505, -1.26608, -0.124932][0.79145, -0.59328, 0.14710][0.54134, 0.89501, 0][-0.358116, -0.83407, -0.171402][0.40630, 0.80481, 0.43268][0.48265, 0.84653, 0][-0.239729, -0.888718, -0.366641][0.28766, 0.82202, 0.49146][0.45857, 0.87385, 0][-0.322233, -0.915022, -0.349321][0.43659, 0.74671, 0.50181][0.47188, 0.87527, 0][-0.358116, -0.83407, -0.171402][0.40630, 0.80481, 0.43268][0.48265, 0.84653, 0][-0.259347, -0.808596, -0.19162][0.26171, 0.87119, 0.41538][0.46665, 0.84527, 0][-0.239729, -0.888718, -0.366641][0.28766, 0.82202, 0.49146][0.45857, 0.87385, 0][-0.560397, -1.19522, 0.092734][0.79583, -0.60495, 0.02632][0.56312, 0.86490, 0][-0.521308, -1.21194, -0.16133][0.87448, -0.41489, 0.25129][0.53274, 0.89174, 0][-0.493505, -1.26608, -0.124932][0.79145, -0.59328, 0.14710][0.54134, 0.89501, 0][-0.560397, -1.19522, 0.092734][0.79583, -0.60495, 0.02632][0.56312, 0.86490, 0][-0.59399, -1.13763, 0.049287][0.89447, -0.42350, 0.14341][0.55282, 0.86170, 0][-0.521308, -1.21194, -0.16133][0.87448, -0.41489, 0.25129][0.53274, 0.89174, 0][-0.259347, -0.808596, -0.19162][0.26171, 0.87119, 0.41538][0.46665, 0.84527, 0][-0.149925, -0.872296, -0.376635][0.12872, 0.86058, 0.49278][0.44451, 0.87278, 0][-0.239729, -0.888718, -0.366641][0.28766, 0.82202, 0.49146][0.45857, 0.87385, 0][-0.259347, -0.808596, -0.19162][0.26171, 0.87119, 0.41538][0.46665, 0.84527, 0][-0.151623, -0.792872, -0.203267][0.11874, 0.90361, 0.41157][0.44967, 0.84417, 0][-0.149925, -0.872296, -0.376635][0.12872, 0.86058, 0.49278][0.44451, 0.87278, 0][-0.59399, -1.13763, 0.049287][0.89447, -0.42350, 0.14341][0.55282, 0.86170, 0][-0.531247, -1.15509, -0.199491][0.91674, -0.19359, 0.34943][0.52403, 0.88857, 0][-0.521308, -1.21194, -0.16133][0.87448, -0.41489, 0.25129][0.53274, 0.89174, 0][-0.59399, -1.13763, 0.049287][0.89447, -0.42350, 0.14341][0.55282, 0.86170, 0][-0.606199, -1.0774, 0.004242][0.94533, -0.19153, 0.26396][0.54273, 0.85862, 0][-0.531247, -1.15509, -0.199491][0.91674, -0.19359, 0.34943][0.52403, 0.88857, 0][-0.005861, -1.3803, 0.238494][-0.00058, -0.95923, -0.28263][0.64767, 0.88502, 0][-0.147134, -1.4343, -0.007107][0.11850, -0.98327, -0.13834][0.59226, 0.91120, 0][-0.003292, -1.439, -0.002555][-0.00048, -0.98966, -0.14344][0.61170, 0.91580, 0][-0.005861, -1.3803, 0.238494][-0.00058, -0.95923, -0.28263][0.64767, 0.88502, 0][-0.14592, -1.37488, 0.233152][0.11909, -0.95319, -0.27795][0.62772, 0.88119, 0][-0.147134, -1.4343, -0.007107][0.11850, -0.98327, -0.13834][0.59226, 0.91120, 0][-0.137306, -1.44811, -0.271898][0.11636, -0.99309, 0.01512][0.55320, 0.93782, 0][-0.18547, -1.428, -0.401469][0.28967, -0.95309, 0.08779][0.52828, 0.94583, 0][-0.128652, -1.44029, -0.396152][0.12129, -0.99062, 0.06296][0.53433, 0.94865, 0][-0.137306, -1.44811, -0.271898][0.11636, -0.99309, 0.01512][0.55320, 0.93782, 0][-0.205166, -1.43421, -0.27889][0.27593, -0.96063, 0.03245][0.54528, 0.93477, 0][-0.18547, -1.428, -0.401469][0.28967, -0.95309, 0.08779][0.52828, 0.94583, 0][-0.448998, -1.31552, -0.091271][0.67895, -0.73246, 0.05030][0.55022, 0.89832, 0][-0.405936, -1.29724, -0.339138][0.76869, -0.57737, 0.27524][0.51893, 0.92013, 0][-0.370499, -1.34146, -0.320259][0.67009, -0.71812, 0.18785][0.52507, 0.92406, 0][-0.448998, -1.31552, -0.091271][0.67895, -0.73246, 0.05030][0.55022, 0.89832, 0][-0.493505, -1.26608, -0.124932][0.79145, -0.59328, 0.14710][0.54134, 0.89501, 0][-0.405936, -1.29724, -0.339138][0.76869, -0.57737, 0.27524][0.51893, 0.92013, 0][-0.322233, -0.915022, -0.349321][0.43659, 0.74671, 0.50181][0.47188, 0.87527, 0][-0.215714, -0.955262, -0.469892][0.29200, 0.76218, 0.57778][0.45439, 0.89295, 0][-0.28029, -0.979873, -0.460712][0.43696, 0.68484, 0.58314][0.46501, 0.89485, 0][-0.322233, -0.915022, -0.349321][0.43659, 0.74671, 0.50181][0.47188, 0.87527, 0][-0.239729, -0.888718, -0.366641][0.28766, 0.82202, 0.49146][0.45857, 0.87385, 0][-0.215714, -0.955262, -0.469892][0.29200, 0.76218, 0.57778][0.45439, 0.89295, 0][-0.493505, -1.26608, -0.124932][0.79145, -0.59328, 0.14710][0.54134, 0.89501, 0][-0.428802, -1.24889, -0.359486][0.83824, -0.40373, 0.36653][0.51274, 0.91611, 0][-0.405936, -1.29724, -0.339138][0.76869, -0.57737, 0.27524][0.51893, 0.92013, 0][-0.493505, -1.26608, -0.124932][0.79145, -0.59328, 0.14710][0.54134, 0.89501, 0][-0.521308, -1.21194, -0.16133][0.87448, -0.41489, 0.25129][0.53274, 0.89174, 0][-0.428802, -1.24889, -0.359486][0.83824, -0.40373, 0.36653][0.51274, 0.91611, 0][-0.239729, -0.888718, -0.366641][0.28766, 0.82202, 0.49146][0.45857, 0.87385, 0][-0.145034, -0.939795, -0.475221][0.12918, 0.80452, 0.57970][0.44319, 0.89171, 0][-0.215714, -0.955262, -0.469892][0.29200, 0.76218, 0.57778][0.45439, 0.89295, 0][-0.239729, -0.888718, -0.366641][0.28766, 0.82202, 0.49146][0.45857, 0.87385, 0][-0.149925, -0.872296, -0.376635][0.12872, 0.86058, 0.49278][0.44451, 0.87278, 0][-0.145034, -0.939795, -0.475221][0.12918, 0.80452, 0.57970][0.44319, 0.89171, 0][-0.521308, -1.21194, -0.16133][0.87448, -0.41489, 0.25129][0.53274, 0.89174, 0][-0.438055, -1.19823, -0.380399][0.87382, -0.19304, 0.44629][0.50629, 0.91208, 0][-0.428802, -1.24889, -0.359486][0.83824, -0.40373, 0.36653][0.51274, 0.91611, 0][-0.521308, -1.21194, -0.16133][0.87448, -0.41489, 0.25129][0.53274, 0.89174, 0][-0.531247, -1.15509, -0.199491][0.91674, -0.19359, 0.34943][0.52403, 0.88857, 0][-0.438055, -1.19823, -0.380399][0.87382, -0.19304, 0.44629][0.50629, 0.91208, 0][-0.003292, -1.439, -0.002555][-0.00048, -0.98966, -0.14344][0.61170, 0.91580, 0][-0.137306, -1.44811, -0.271898][0.11636, -0.99309, 0.01512][0.55320, 0.93782, 0][-0.000826, -1.45207, -0.268855][-0.00033, -0.99996, 0.00906][0.57036, 0.94311, 0][-0.003292, -1.439, -0.002555][-0.00048, -0.98966, -0.14344][0.61170, 0.91580, 0][-0.147134, -1.4343, -0.007107][0.11850, -0.98327, -0.13834][0.59226, 0.91120, 0][-0.137306, -1.44811, -0.271898][0.11636, -0.99309, 0.01512][0.55320, 0.93782, 0][-0.149925, -0.872296, -0.376635][0.12872, 0.86058, 0.49278][0.44451, 0.87278, 0][-0.001524, -0.933837, -0.476674][0.00071, 0.81544, 0.57884][0.42059, 0.89121, 0][-0.145034, -0.939795, -0.475221][0.12918, 0.80452, 0.57970][0.44319, 0.89171, 0][-0.149925, -0.872296, -0.376635][0.12872, 0.86058, 0.49278][0.44451, 0.87278, 0][-0.00343, -0.866399, -0.379928][0.00133, 0.86917, 0.49451][0.42163, 0.87205, 0][-0.001524, -0.933837, -0.476674][0.00071, 0.81544, 0.57884][0.42059, 0.89121, 0][-0.531247, -1.15509, -0.199491][0.91674, -0.19359, 0.34943][0.52403, 0.88857, 0][-0.433183, -1.14781, -0.398681][0.85901, 0.03137, 0.51100][0.49964, 0.90797, 0][-0.438055, -1.19823, -0.380399][0.87382, -0.19304, 0.44629][0.50629, 0.91208, 0][-0.531247, -1.15509, -0.199491][0.91674, -0.19359, 0.34943][0.52403, 0.88857, 0][-0.522947, -1.09895, -0.233765][0.90131, 0.04664, 0.43066][0.51542, 0.88528, 0][-0.433183, -1.14781, -0.398681][0.85901, 0.03137, 0.51100][0.49964, 0.90797, 0][-0.147134, -1.4343, -0.007107][0.11850, -0.98327, -0.13834][0.59226, 0.91120, 0][-0.205166, -1.43421, -0.27889][0.27593, -0.96063, 0.03245][0.54528, 0.93477, 0][-0.137306, -1.44811, -0.271898][0.11636, -0.99309, 0.01512][0.55320, 0.93782, 0][-0.147134, -1.4343, -0.007107][0.11850, -0.98327, -0.13834][0.59226, 0.91120, 0][-0.23568, -1.41879, -0.018698][0.27195, -0.95470, -0.12082][0.58062, 0.90810, 0][-0.205166, -1.43421, -0.27889][0.27593, -0.96063, 0.03245][0.54528, 0.93477, 0][-0.522947, -1.09895, -0.233765][0.90131, 0.04664, 0.43066][0.51542, 0.88528, 0][-0.414134, -1.09884, -0.416548][0.79665, 0.23977, 0.55485][0.49225, 0.90407, 0][-0.433183, -1.14781, -0.398681][0.85901, 0.03137, 0.51100][0.49964, 0.90797, 0][-0.522947, -1.09895, -0.233765][0.90131, 0.04664, 0.43066][0.51542, 0.88528, 0][-0.49656, -1.04449, -0.267358][0.83191, 0.27243, 0.48343][0.50600, 0.88223, 0][-0.414134, -1.09884, -0.416548][0.79665, 0.23977, 0.55485][0.49225, 0.90407, 0][-0.23568, -1.41879, -0.018698][0.27195, -0.95470, -0.12082][0.58062, 0.90810, 0][-0.26816, -1.4112, -0.289367][0.41557, -0.90711, 0.06672][0.53808, 0.93141, 0][-0.205166, -1.43421, -0.27889][0.27593, -0.96063, 0.03245][0.54528, 0.93477, 0][-0.23568, -1.41879, -0.018698][0.27195, -0.95470, -0.12082][0.58062, 0.90810, 0][-0.317509, -1.39321, -0.03731][0.41114, -0.90766, -0.08439][0.56972, 0.90491, 0][-0.26816, -1.4112, -0.289367][0.41557, -0.90711, 0.06672][0.53808, 0.93141, 0][-0.49656, -1.04449, -0.267358][0.83191, 0.27243, 0.48343][0.50600, 0.88223, 0][-0.381469, -1.05325, -0.433217][0.69759, 0.42260, 0.57860][0.48403, 0.90049, 0][-0.414134, -1.09884, -0.416548][0.79665, 0.23977, 0.55485][0.49225, 0.90407, 0][-0.49656, -1.04449, -0.267358][0.83191, 0.27243, 0.48343][0.50600, 0.88223, 0][-0.453082, -0.994273, -0.298899][0.72079, 0.47100, 0.50855][0.49562, 0.87951, 0][-0.381469, -1.05325, -0.433217][0.69759, 0.42260, 0.57860][0.48403, 0.90049, 0][-0.317509, -1.39321, -0.03731][0.41114, -0.90766, -0.08439][0.56972, 0.90491, 0][-0.323978, -1.37993, -0.303397][0.54842, -0.82753, 0.12007][0.53139, 0.92784, 0][-0.26816, -1.4112, -0.289367][0.41557, -0.90711, 0.06672][0.53808, 0.93141, 0][-0.317509, -1.39321, -0.03731][0.41114, -0.90766, -0.08439][0.56972, 0.90491, 0][-0.389546, -1.35839, -0.061605][0.54831, -0.83587, -0.02623][0.55964, 0.90162, 0][-0.323978, -1.37993, -0.303397][0.54842, -0.82753, 0.12007][0.53139, 0.92784, 0][-0.453082, -0.994273, -0.298899][0.72079, 0.47100, 0.50855][0.49562, 0.87951, 0][-0.336291, -1.01302, -0.448016][0.57512, 0.57127, 0.58556][0.47494, 0.89736, 0][-0.381469, -1.05325, -0.433217][0.69759, 0.42260, 0.57860][0.48403, 0.90049, 0][-0.453082, -0.994273, -0.298899][0.72079, 0.47100, 0.50855][0.49562, 0.87951, 0][-0.394275, -0.950616, -0.326668][0.58416, 0.63045, 0.51116][0.48425, 0.87719, 0][-0.336291, -1.01302, -0.448016][0.57512, 0.57127, 0.58556][0.47494, 0.89736, 0][-0.389546, -1.35839, -0.061605][0.54831, -0.83587, -0.02623][0.55964, 0.90162, 0][-0.370499, -1.34146, -0.320259][0.67009, -0.71812, 0.18785][0.52507, 0.92406, 0][-0.323978, -1.37993, -0.303397][0.54842, -0.82753, 0.12007][0.53139, 0.92784, 0][-0.389546, -1.35839, -0.061605][0.54831, -0.83587, -0.02623][0.55964, 0.90162, 0][-0.448998, -1.31552, -0.091271][0.67895, -0.73246, 0.05030][0.55022, 0.89832, 0][-0.370499, -1.34146, -0.320259][0.67009, -0.71812, 0.18785][0.52507, 0.92406, 0][-0.323963, -1.34569, -0.432888][0.68386, -0.68696, 0.24581][0.51264, 0.93591, 0][-0.285673, -1.31792, -0.590877][0.76185, -0.49566, 0.41702][0.49229, 0.94769, 0][-0.261778, -1.35177, -0.58374][0.67442, -0.64401, 0.36112][0.49549, 0.95112, 0][-0.323963, -1.34569, -0.432888][0.68386, -0.68696, 0.24581][0.51264, 0.93591, 0][-0.3537, -1.30651, -0.447241][0.77807, -0.53966, 0.32151][0.50763, 0.93224, 0][-0.285673, -1.31792, -0.590877][0.76185, -0.49566, 0.41702][0.49229, 0.94769, 0][-0.433183, -1.14781, -0.398681][0.85901, 0.03137, 0.51100][0.49964, 0.90797, 0][-0.361064, -1.13115, -0.503815][0.78208, 0.25969, 0.56649][0.48466, 0.91705, 0][-0.376875, -1.17439, -0.49111][0.84767, 0.05975, 0.52715][0.49110, 0.92075, 0][-0.433183, -1.14781, -0.398681][0.85901, 0.03137, 0.51100][0.49964, 0.90797, 0][-0.414134, -1.09884, -0.416548][0.79665, 0.23977, 0.55485][0.49225, 0.90407, 0][-0.361064, -1.13115, -0.503815][0.78208, 0.25969, 0.56649][0.48466, 0.91705, 0][-0.205166, -1.43421, -0.27889][0.27593, -0.96063, 0.03245][0.54528, 0.93477, 0][-0.238198, -1.40756, -0.409678][0.43299, -0.89233, 0.12753][0.52277, 0.94276, 0][-0.18547, -1.428, -0.401469][0.28967, -0.95309, 0.08779][0.52828, 0.94583, 0][-0.205166, -1.43421, -0.27889][0.27593, -0.96063, 0.03245][0.54528, 0.93477, 0][-0.26816, -1.4112, -0.289367][0.41557, -0.90711, 0.06672][0.53808, 0.93141, 0][-0.238198, -1.40756, -0.409678][0.43299, -0.89233, 0.12753][0.52277, 0.94276, 0][-0.414134, -1.09884, -0.416548][0.79665, 0.23977, 0.55485][0.49225, 0.90407, 0][-0.333829, -1.09095, -0.515444][0.68386, 0.43526, 0.58557][0.47752, 0.91365, 0][-0.361064, -1.13115, -0.503815][0.78208, 0.25969, 0.56649][0.48466, 0.91705, 0][-0.414134, -1.09884, -0.416548][0.79665, 0.23977, 0.55485][0.49225, 0.90407, 0][-0.381469, -1.05325, -0.433217][0.69759, 0.42260, 0.57860][0.48403, 0.90049, 0][-0.333829, -1.09095, -0.515444][0.68386, 0.43526, 0.58557][0.47752, 0.91365, 0][-0.26816, -1.4112, -0.289367][0.41557, -0.90711, 0.06672][0.53808, 0.93141, 0][-0.284951, -1.37978, -0.420149][0.56602, -0.80427, 0.18106][0.51764, 0.93943, 0][-0.238198, -1.40756, -0.409678][0.43299, -0.89233, 0.12753][0.52277, 0.94276, 0][-0.26816, -1.4112, -0.289367][0.41557, -0.90711, 0.06672][0.53808, 0.93141, 0][-0.323978, -1.37993, -0.303397][0.54842, -0.82753, 0.12007][0.53139, 0.92784, 0][-0.284951, -1.37978, -0.420149][0.56602, -0.80427, 0.18106][0.51764, 0.93943, 0][-0.381469, -1.05325, -0.433217][0.69759, 0.42260, 0.57860][0.48403, 0.90049, 0][-0.296105, -1.05536, -0.525966][0.56313, 0.57680, 0.59177][0.46966, 0.91070, 0][-0.333829, -1.09095, -0.515444][0.68386, 0.43526, 0.58557][0.47752, 0.91365, 0][-0.381469, -1.05325, -0.433217][0.69759, 0.42260, 0.57860][0.48403, 0.90049, 0][-0.336291, -1.01302, -0.448016][0.57512, 0.57127, 0.58556][0.47494, 0.89736, 0][-0.296105, -1.05536, -0.525966][0.56313, 0.57680, 0.59177][0.46966, 0.91070, 0][-0.323978, -1.37993, -0.303397][0.54842, -0.82753, 0.12007][0.53139, 0.92784, 0][-0.323963, -1.34569, -0.432888][0.68386, -0.68696, 0.24581][0.51264, 0.93591, 0][-0.284951, -1.37978, -0.420149][0.56602, -0.80427, 0.18106][0.51764, 0.93943, 0][-0.323978, -1.37993, -0.303397][0.54842, -0.82753, 0.12007][0.53139, 0.92784, 0][-0.370499, -1.34146, -0.320259][0.67009, -0.71812, 0.18785][0.52507, 0.92406, 0][-0.323963, -1.34569, -0.432888][0.68386, -0.68696, 0.24581][0.51264, 0.93591, 0][-0.336291, -1.01302, -0.448016][0.57512, 0.57127, 0.58556][0.47494, 0.89736, 0][-0.24932, -1.02585, -0.534653][0.42949, 0.68444, 0.58913][0.46115, 0.90828, 0][-0.296105, -1.05536, -0.525966][0.56313, 0.57680, 0.59177][0.46966, 0.91070, 0][-0.336291, -1.01302, -0.448016][0.57512, 0.57127, 0.58556][0.47494, 0.89736, 0][-0.28029, -0.979873, -0.460712][0.43696, 0.68484, 0.58314][0.46501, 0.89485, 0][-0.24932, -1.02585, -0.534653][0.42949, 0.68444, 0.58913][0.46115, 0.90828, 0][-0.370499, -1.34146, -0.320259][0.67009, -0.71812, 0.18785][0.52507, 0.92406, 0][-0.3537, -1.30651, -0.447241][0.77807, -0.53966, 0.32151][0.50763, 0.93224, 0][-0.323963, -1.34569, -0.432888][0.68386, -0.68696, 0.24581][0.51264, 0.93591, 0][-0.370499, -1.34146, -0.320259][0.67009, -0.71812, 0.18785][0.52507, 0.92406, 0][-0.405936, -1.29724, -0.339138][0.76869, -0.57737, 0.27524][0.51893, 0.92013, 0][-0.3537, -1.30651, -0.447241][0.77807, -0.53966, 0.32151][0.50763, 0.93224, 0][-0.28029, -0.979873, -0.460712][0.43696, 0.68484, 0.58314][0.46501, 0.89485, 0][-0.195273, -1.00362, -0.540832][0.29031, 0.76012, 0.58132][0.45209, 0.90646, 0][-0.24932, -1.02585, -0.534653][0.42949, 0.68444, 0.58913][0.46115, 0.90828, 0][-0.28029, -0.979873, -0.460712][0.43696, 0.68484, 0.58314][0.46501, 0.89485, 0][-0.215714, -0.955262, -0.469892][0.29200, 0.76218, 0.57778][0.45439, 0.89295, 0][-0.195273, -1.00362, -0.540832][0.29031, 0.76012, 0.58132][0.45209, 0.90646, 0][-0.405936, -1.29724, -0.339138][0.76869, -0.57737, 0.27524][0.51893, 0.92013, 0][-0.372938, -1.26369, -0.462595][0.84192, -0.36338, 0.39891][0.50241, 0.92846, 0][-0.3537, -1.30651, -0.447241][0.77807, -0.53966, 0.32151][0.50763, 0.93224, 0][-0.405936, -1.29724, -0.339138][0.76869, -0.57737, 0.27524][0.51893, 0.92013, 0][-0.428802, -1.24889, -0.359486][0.83824, -0.40373, 0.36653][0.51274, 0.91611, 0][-0.372938, -1.26369, -0.462595][0.84192, -0.36338, 0.39891][0.50241, 0.92846, 0][-0.215714, -0.955262, -0.469892][0.29200, 0.76218, 0.57778][0.45439, 0.89295, 0][-0.136095, -0.989551, -0.54443][0.12805, 0.80835, 0.57461][0.44260, 0.90532, 0][-0.195273, -1.00362, -0.540832][0.29031, 0.76012, 0.58132][0.45209, 0.90646, 0][-0.215714, -0.955262, -0.469892][0.29200, 0.76218, 0.57778][0.45439, 0.89295, 0][-0.145034, -0.939795, -0.475221][0.12918, 0.80452, 0.57970][0.44319, 0.89171, 0][-0.136095, -0.989551, -0.54443][0.12805, 0.80835, 0.57461][0.44260, 0.90532, 0][-0.428802, -1.24889, -0.359486][0.83824, -0.40373, 0.36653][0.51274, 0.91611, 0][-0.380812, -1.21896, -0.477899][0.86939, -0.15635, 0.46875][0.49690, 0.92464, 0][-0.372938, -1.26369, -0.462595][0.84192, -0.36338, 0.39891][0.50241, 0.92846, 0][-0.428802, -1.24889, -0.359486][0.83824, -0.40373, 0.36653][0.51274, 0.91611, 0][-0.438055, -1.19823, -0.380399][0.87382, -0.19304, 0.44629][0.50629, 0.91208, 0][-0.380812, -1.21896, -0.477899][0.86939, -0.15635, 0.46875][0.49690, 0.92464, 0][-0.000826, -1.45207, -0.268855][-0.00033, -0.99996, 0.00906][0.57036, 0.94311, 0][-0.128652, -1.44029, -0.396152][0.12129, -0.99062, 0.06296][0.53433, 0.94865, 0][0.000184, -1.44367, -0.393649][-0.00019, -0.99855, 0.05376][0.54974, 0.95417, 0][-0.000826, -1.45207, -0.268855][-0.00033, -0.99996, 0.00906][0.57036, 0.94311, 0][-0.137306, -1.44811, -0.271898][0.11636, -0.99309, 0.01512][0.55320, 0.93782, 0][-0.128652, -1.44029, -0.396152][0.12129, -0.99062, 0.06296][0.53433, 0.94865, 0][-0.145034, -0.939795, -0.475221][0.12918, 0.80452, 0.57970][0.44319, 0.89171, 0][-0.000525, -0.983871, -0.545095][0.00050, 0.82351, 0.56729][0.42130, 0.90508, 0][-0.136095, -0.989551, -0.54443][0.12805, 0.80835, 0.57461][0.44260, 0.90532, 0][-0.145034, -0.939795, -0.475221][0.12918, 0.80452, 0.57970][0.44319, 0.89171, 0][-0.001524, -0.933837, -0.476674][0.00071, 0.81544, 0.57884][0.42059, 0.89121, 0][-0.000525, -0.983871, -0.545095][0.00050, 0.82351, 0.56729][0.42130, 0.90508, 0][-0.438055, -1.19823, -0.380399][0.87382, -0.19304, 0.44629][0.50629, 0.91208, 0][-0.376875, -1.17439, -0.49111][0.84767, 0.05975, 0.52715][0.49110, 0.92075, 0][-0.380812, -1.21896, -0.477899][0.86939, -0.15635, 0.46875][0.49690, 0.92464, 0][-0.438055, -1.19823, -0.380399][0.87382, -0.19304, 0.44629][0.50629, 0.91208, 0][-0.433183, -1.14781, -0.398681][0.85901, 0.03137, 0.51100][0.49964, 0.90797, 0][-0.376875, -1.17439, -0.49111][0.84767, 0.05975, 0.52715][0.49110, 0.92075, 0][-0.305176, -1.20412, -0.611936][0.82287, 0.07643, 0.56307][0.48023, 0.93674, 0][-0.207244, -1.20039, -0.736602][0.69798, 0.21221, 0.68396][0.46540, 0.94924, 0][-0.215672, -1.2262, -0.732697][0.73611, 0.04299, 0.67550][0.46905, 0.95157, 0][-0.305176, -1.20412, -0.611936][0.82287, 0.07643, 0.56307][0.48023, 0.93674, 0][-0.292946, -1.167, -0.617492][0.76473, 0.26778, 0.58608][0.47514, 0.93317, 0][-0.207244, -1.20039, -0.736602][0.69798, 0.21221, 0.68396][0.46540, 0.94924, 0][-0.24932, -1.02585, -0.534653][0.42949, 0.68444, 0.58913][0.46115, 0.90828, 0][-0.161472, -1.05807, -0.631741][0.29612, 0.77218, 0.56219][0.44897, 0.92283, 0][-0.204568, -1.07703, -0.629438][0.43376, 0.69274, 0.57616][0.45625, 0.92458, 0][-0.24932, -1.02585, -0.534653][0.42949, 0.68444, 0.58913][0.46115, 0.90828, 0][-0.195273, -1.00362, -0.540832][0.29031, 0.76012, 0.58132][0.45209, 0.90646, 0][-0.161472, -1.05807, -0.631741][0.29612, 0.77218, 0.56219][0.44897, 0.92283, 0][-0.3537, -1.30651, -0.447241][0.77807, -0.53966, 0.32151][0.50763, 0.93224, 0][-0.301299, -1.28104, -0.598362][0.81935, -0.32322, 0.47350][0.48873, 0.94411, 0][-0.285673, -1.31792, -0.590877][0.76185, -0.49566, 0.41702][0.49229, 0.94769, 0][-0.3537, -1.30651, -0.447241][0.77807, -0.53966, 0.32151][0.50763, 0.93224, 0][-0.372938, -1.26369, -0.462595][0.84192, -0.36338, 0.39891][0.50241, 0.92846, 0][-0.301299, -1.28104, -0.598362][0.81935, -0.32322, 0.47350][0.48873, 0.94411, 0][-0.195273, -1.00362, -0.540832][0.29031, 0.76012, 0.58132][0.45209, 0.90646, 0][-0.114202, -1.0461, -0.63313][0.12897, 0.82587, 0.54891][0.44140, 0.92182, 0][-0.161472, -1.05807, -0.631741][0.29612, 0.77218, 0.56219][0.44897, 0.92283, 0][-0.195273, -1.00362, -0.540832][0.29031, 0.76012, 0.58132][0.45209, 0.90646, 0][-0.136095, -0.989551, -0.54443][0.12805, 0.80835, 0.57461][0.44260, 0.90532, 0][-0.114202, -1.0461, -0.63313][0.12897, 0.82587, 0.54891][0.44140, 0.92182, 0][-0.372938, -1.26369, -0.462595][0.84192, -0.36338, 0.39891][0.50241, 0.92846, 0][-0.307932, -1.24252, -0.605919][0.84216, -0.12714, 0.52403][0.48469, 0.94045, 0][-0.301299, -1.28104, -0.598362][0.81935, -0.32322, 0.47350][0.48873, 0.94411, 0][-0.372938, -1.26369, -0.462595][0.84192, -0.36338, 0.39891][0.50241, 0.92846, 0][-0.380812, -1.21896, -0.477899][0.86939, -0.15635, 0.46875][0.49690, 0.92464, 0][-0.307932, -1.24252, -0.605919][0.84216, -0.12714, 0.52403][0.48469, 0.94045, 0][0.000184, -1.44367, -0.393649][-0.00019, -0.99855, 0.05376][0.54974, 0.95417, 0][-0.106475, -1.43381, -0.56487][0.12171, -0.97186, 0.20167][0.50809, 0.96263, 0][0.001397, -1.43681, -0.563328][-0.00017, -0.98183, 0.18978][0.51824, 0.96815, 0][0.000184, -1.44367, -0.393649][-0.00019, -0.99855, 0.05376][0.54974, 0.95417, 0][-0.128652, -1.44029, -0.396152][0.12129, -0.99062, 0.06296][0.53433, 0.94865, 0][-0.106475, -1.43381, -0.56487][0.12171, -0.97186, 0.20167][0.50809, 0.96263, 0][-0.136095, -0.989551, -0.54443][0.12805, 0.80835, 0.57461][0.44260, 0.90532, 0][0.000458, -1.0413, -0.632923][-0.00084, 0.84326, 0.53750][0.42368, 0.92183, 0][-0.114202, -1.0461, -0.63313][0.12897, 0.82587, 0.54891][0.44140, 0.92182, 0][-0.136095, -0.989551, -0.54443][0.12805, 0.80835, 0.57461][0.44260, 0.90532, 0][-0.000525, -0.983871, -0.545095][0.00050, 0.82351, 0.56729][0.42130, 0.90508, 0][0.000458, -1.0413, -0.632923][-0.00084, 0.84326, 0.53750][0.42368, 0.92183, 0][-0.380812, -1.21896, -0.477899][0.86939, -0.15635, 0.46875][0.49690, 0.92464, 0][-0.305176, -1.20412, -0.611936][0.82287, 0.07643, 0.56307][0.48023, 0.93674, 0][-0.307932, -1.24252, -0.605919][0.84216, -0.12714, 0.52403][0.48469, 0.94045, 0][-0.380812, -1.21896, -0.477899][0.86939, -0.15635, 0.46875][0.49690, 0.92464, 0][-0.376875, -1.17439, -0.49111][0.84767, 0.05975, 0.52715][0.49110, 0.92075, 0][-0.305176, -1.20412, -0.611936][0.82287, 0.07643, 0.56307][0.48023, 0.93674, 0][-0.128652, -1.44029, -0.396152][0.12129, -0.99062, 0.06296][0.53433, 0.94865, 0][-0.151532, -1.42311, -0.567555][0.29355, -0.92849, 0.22746][0.50458, 0.96008, 0][-0.106475, -1.43381, -0.56487][0.12171, -0.97186, 0.20167][0.50809, 0.96263, 0][-0.128652, -1.44029, -0.396152][0.12129, -0.99062, 0.06296][0.53433, 0.94865, 0][-0.18547, -1.428, -0.401469][0.28967, -0.95309, 0.08779][0.52828, 0.94583, 0][-0.151532, -1.42311, -0.567555][0.29355, -0.92849, 0.22746][0.50458, 0.96008, 0][-0.376875, -1.17439, -0.49111][0.84767, 0.05975, 0.52715][0.49110, 0.92075, 0][-0.292946, -1.167, -0.617492][0.76473, 0.26778, 0.58608][0.47514, 0.93317, 0][-0.305176, -1.20412, -0.611936][0.82287, 0.07643, 0.56307][0.48023, 0.93674, 0][-0.376875, -1.17439, -0.49111][0.84767, 0.05975, 0.52715][0.49110, 0.92075, 0][-0.361064, -1.13115, -0.503815][0.78208, 0.25969, 0.56649][0.48466, 0.91705, 0][-0.292946, -1.167, -0.617492][0.76473, 0.26778, 0.58608][0.47514, 0.93317, 0][-0.18547, -1.428, -0.401469][0.28967, -0.95309, 0.08779][0.52828, 0.94583, 0][-0.193417, -1.40539, -0.571769][0.43497, -0.86105, 0.26341][0.50146, 0.95732, 0][-0.151532, -1.42311, -0.567555][0.29355, -0.92849, 0.22746][0.50458, 0.96008, 0][-0.18547, -1.428, -0.401469][0.28967, -0.95309, 0.08779][0.52828, 0.94583, 0][-0.238198, -1.40756, -0.409678][0.43299, -0.89233, 0.12753][0.52277, 0.94276, 0][-0.193417, -1.40539, -0.571769][0.43497, -0.86105, 0.26341][0.50146, 0.95732, 0][-0.361064, -1.13115, -0.503815][0.78208, 0.25969, 0.56649][0.48466, 0.91705, 0][-0.271557, -1.13258, -0.622348][0.67567, 0.43939, 0.59196][0.46942, 0.92987, 0][-0.292946, -1.167, -0.617492][0.76473, 0.26778, 0.58608][0.47514, 0.93317, 0][-0.361064, -1.13115, -0.503815][0.78208, 0.25969, 0.56649][0.48466, 0.91705, 0][-0.333829, -1.09095, -0.515444][0.68386, 0.43526, 0.58557][0.47752, 0.91365, 0][-0.271557, -1.13258, -0.622348][0.67567, 0.43939, 0.59196][0.46942, 0.92987, 0][-0.238198, -1.40756, -0.409678][0.43299, -0.89233, 0.12753][0.52277, 0.94276, 0][-0.230624, -1.3813, -0.577274][0.56359, -0.76617, 0.30878][0.49850, 0.95434, 0][-0.193417, -1.40539, -0.571769][0.43497, -0.86105, 0.26341][0.50146, 0.95732, 0][-0.238198, -1.40756, -0.409678][0.43299, -0.89233, 0.12753][0.52277, 0.94276, 0][-0.284951, -1.37978, -0.420149][0.56602, -0.80427, 0.18106][0.51764, 0.93943, 0][-0.230624, -1.3813, -0.577274][0.56359, -0.76617, 0.30878][0.49850, 0.95434, 0][-0.333829, -1.09095, -0.515444][0.68386, 0.43526, 0.58557][0.47752, 0.91365, 0][-0.241744, -1.10221, -0.626277][0.56220, 0.58214, 0.58740][0.46311, 0.92696, 0][-0.271557, -1.13258, -0.622348][0.67567, 0.43939, 0.59196][0.46942, 0.92987, 0][-0.333829, -1.09095, -0.515444][0.68386, 0.43526, 0.58557][0.47752, 0.91365, 0][-0.296105, -1.05536, -0.525966][0.56313, 0.57680, 0.59177][0.46966, 0.91070, 0][-0.241744, -1.10221, -0.626277][0.56220, 0.58214, 0.58740][0.46311, 0.92696, 0][-0.284951, -1.37978, -0.420149][0.56602, -0.80427, 0.18106][0.51764, 0.93943, 0][-0.261778, -1.35177, -0.58374][0.67442, -0.64401, 0.36112][0.49549, 0.95112, 0][-0.230624, -1.3813, -0.577274][0.56359, -0.76617, 0.30878][0.49850, 0.95434, 0][-0.284951, -1.37978, -0.420149][0.56602, -0.80427, 0.18106][0.51764, 0.93943, 0][-0.323963, -1.34569, -0.432888][0.68386, -0.68696, 0.24581][0.51264, 0.93591, 0][-0.261778, -1.35177, -0.58374][0.67442, -0.64401, 0.36112][0.49549, 0.95112, 0][-0.296105, -1.05536, -0.525966][0.56313, 0.57680, 0.59177][0.46966, 0.91070, 0][-0.204568, -1.07703, -0.629438][0.43376, 0.69274, 0.57616][0.45625, 0.92458, 0][-0.241744, -1.10221, -0.626277][0.56220, 0.58214, 0.58740][0.46311, 0.92696, 0][-0.296105, -1.05536, -0.525966][0.56313, 0.57680, 0.59177][0.46966, 0.91070, 0][-0.24932, -1.02585, -0.534653][0.42949, 0.68444, 0.58913][0.46115, 0.90828, 0][-0.204568, -1.07703, -0.629438][0.43376, 0.69274, 0.57616][0.45625, 0.92458, 0][-0.120205, -1.12487, -0.747222][0.29361, 0.71743, 0.63173][0.44755, 0.94280, 0][-0.039047, -1.20096, -0.848609][0.14306, 0.89055, 0.43180][0.44488, 0.96230, 0][-0.052938, -1.20475, -0.848081][0.33360, 0.82884, 0.44915][0.44709, 0.96250, 0][-0.120205, -1.12487, -0.747222][0.29361, 0.71743, 0.63173][0.44755, 0.94280, 0][-0.089284, -1.11666, -0.748203][0.12691, 0.78308, 0.60884][0.44266, 0.94226, 0][-0.039047, -1.20096, -0.848609][0.14306, 0.89055, 0.43180][0.44488, 0.96230, 0][-0.151532, -1.42311, -0.567555][0.29355, -0.92849, 0.22746][0.50458, 0.96008, 0][-0.143143, -1.36639, -0.705436][0.39706, -0.79222, 0.46338][0.48379, 0.96568, 0][-0.115277, -1.37876, -0.702745][0.27139, -0.86172, 0.42871][0.48545, 0.96768, 0][-0.151532, -1.42311, -0.567555][0.29355, -0.92849, 0.22746][0.50458, 0.96008, 0][-0.193417, -1.40539, -0.571769][0.43497, -0.86105, 0.26341][0.50146, 0.95732, 0][-0.143143, -1.36639, -0.705436][0.39706, -0.79222, 0.46338][0.48379, 0.96568, 0][-0.292946, -1.167, -0.617492][0.76473, 0.26778, 0.58608][0.47514, 0.93317, 0][-0.192864, -1.17648, -0.740109][0.63109, 0.37048, 0.68153][0.46136, 0.94713, 0][-0.207244, -1.20039, -0.736602][0.69798, 0.21221, 0.68396][0.46540, 0.94924, 0][-0.292946, -1.167, -0.617492][0.76473, 0.26778, 0.58608][0.47514, 0.93317, 0][-0.271557, -1.13258, -0.622348][0.67567, 0.43939, 0.59196][0.46942, 0.92987, 0][-0.192864, -1.17648, -0.740109][0.63109, 0.37048, 0.68153][0.46136, 0.94713, 0][-0.193417, -1.40539, -0.571769][0.43497, -0.86105, 0.26341][0.50146, 0.95732, 0][-0.167793, -1.3496, -0.709019][0.50845, -0.69948, 0.50220][0.48204, 0.96354, 0][-0.143143, -1.36639, -0.705436][0.39706, -0.79222, 0.46338][0.48379, 0.96568, 0][-0.193417, -1.40539, -0.571769][0.43497, -0.86105, 0.26341][0.50146, 0.95732, 0][-0.230624, -1.3813, -0.577274][0.56359, -0.76617, 0.30878][0.49850, 0.95434, 0][-0.167793, -1.3496, -0.709019][0.50845, -0.69948, 0.50220][0.48204, 0.96354, 0][-0.271557, -1.13258, -0.622348][0.67567, 0.43939, 0.59196][0.46942, 0.92987, 0][-0.173035, -1.1554, -0.743104][0.53825, 0.51129, 0.66997][0.45700, 0.94530, 0][-0.192864, -1.17648, -0.740109][0.63109, 0.37048, 0.68153][0.46136, 0.94713, 0][-0.271557, -1.13258, -0.622348][0.67567, 0.43939, 0.59196][0.46942, 0.92987, 0][-0.241744, -1.10221, -0.626277][0.56220, 0.58214, 0.58740][0.46311, 0.92696, 0][-0.173035, -1.1554, -0.743104][0.53825, 0.51129, 0.66997][0.45700, 0.94530, 0][-0.230624, -1.3813, -0.577274][0.56359, -0.76617, 0.30878][0.49850, 0.95434, 0][-0.188303, -1.32903, -0.71331][0.60213, -0.58530, 0.54301][0.48008, 0.96127, 0][-0.167793, -1.3496, -0.709019][0.50845, -0.69948, 0.50220][0.48204, 0.96354, 0][-0.230624, -1.3813, -0.577274][0.56359, -0.76617, 0.30878][0.49850, 0.95434, 0][-0.261778, -1.35177, -0.58374][0.67442, -0.64401, 0.36112][0.49549, 0.95112, 0][-0.188303, -1.32903, -0.71331][0.60213, -0.58530, 0.54301][0.48008, 0.96127, 0][-0.241744, -1.10221, -0.626277][0.56220, 0.58214, 0.58740][0.46311, 0.92696, 0][-0.148499, -1.13796, -0.745486][0.42410, 0.62824, 0.65226][0.45236, 0.94383, 0][-0.173035, -1.1554, -0.743104][0.53825, 0.51129, 0.66997][0.45700, 0.94530, 0][-0.241744, -1.10221, -0.626277][0.56220, 0.58214, 0.58740][0.46311, 0.92696, 0][-0.204568, -1.07703, -0.629438][0.43376, 0.69274, 0.57616][0.45625, 0.92458, 0][-0.148499, -1.13796, -0.745486][0.42410, 0.62824, 0.65226][0.45236, 0.94383, 0][-0.261778, -1.35177, -0.58374][0.67442, -0.64401, 0.36112][0.49549, 0.95112, 0][-0.203877, -1.30544, -0.718132][0.67477, -0.45203, 0.58340][0.47783, 0.95890, 0][-0.188303, -1.32903, -0.71331][0.60213, -0.58530, 0.54301][0.48008, 0.96127, 0][-0.261778, -1.35177, -0.58374][0.67442, -0.64401, 0.36112][0.49549, 0.95112, 0][-0.285673, -1.31792, -0.590877][0.76185, -0.49566, 0.41702][0.49229, 0.94769, 0][-0.203877, -1.30544, -0.718132][0.67477, -0.45203, 0.58340][0.47783, 0.95890, 0][-0.204568, -1.07703, -0.629438][0.43376, 0.69274, 0.57616][0.45625, 0.92458, 0][-0.120205, -1.12487, -0.747222][0.29361, 0.71743, 0.63173][0.44755, 0.94280, 0][-0.148499, -1.13796, -0.745486][0.42410, 0.62824, 0.65226][0.45236, 0.94383, 0][-0.204568, -1.07703, -0.629438][0.43376, 0.69274, 0.57616][0.45625, 0.92458, 0][-0.161472, -1.05807, -0.631741][0.29612, 0.77218, 0.56219][0.44897, 0.92283, 0][-0.120205, -1.12487, -0.747222][0.29361, 0.71743, 0.63173][0.44755, 0.94280, 0][-0.285673, -1.31792, -0.590877][0.76185, -0.49566, 0.41702][0.49229, 0.94769, 0][-0.213884, -1.27975, -0.723277][0.72215, -0.30166, 0.62250][0.47526, 0.95646, 0][-0.203877, -1.30544, -0.718132][0.67477, -0.45203, 0.58340][0.47783, 0.95890, 0][-0.285673, -1.31792, -0.590877][0.76185, -0.49566, 0.41702][0.49229, 0.94769, 0][-0.301299, -1.28104, -0.598362][0.81935, -0.32322, 0.47350][0.48873, 0.94411, 0][-0.213884, -1.27975, -0.723277][0.72215, -0.30166, 0.62250][0.47526, 0.95646, 0][-0.161472, -1.05807, -0.631741][0.29612, 0.77218, 0.56219][0.44897, 0.92283, 0][-0.089284, -1.11666, -0.748203][0.12691, 0.78308, 0.60884][0.44266, 0.94226, 0][-0.120205, -1.12487, -0.747222][0.29361, 0.71743, 0.63173][0.44755, 0.94280, 0][-0.161472, -1.05807, -0.631741][0.29612, 0.77218, 0.56219][0.44897, 0.92283, 0][-0.114202, -1.0461, -0.63313][0.12897, 0.82587, 0.54891][0.44140, 0.92182, 0][-0.089284, -1.11666, -0.748203][0.12691, 0.78308, 0.60884][0.44266, 0.94226, 0][-0.301299, -1.28104, -0.598362][0.81935, -0.32322, 0.47350][0.48873, 0.94411, 0][-0.217889, -1.25297, -0.72828][0.74353, -0.13311, 0.65532][0.47233, 0.95400, 0][-0.213884, -1.27975, -0.723277][0.72215, -0.30166, 0.62250][0.47526, 0.95646, 0][-0.301299, -1.28104, -0.598362][0.81935, -0.32322, 0.47350][0.48873, 0.94411, 0][-0.307932, -1.24252, -0.605919][0.84216, -0.12714, 0.52403][0.48469, 0.94045, 0][-0.217889, -1.25297, -0.72828][0.74353, -0.13311, 0.65532][0.47233, 0.95400, 0][0.001397, -1.43681, -0.563328][-0.00017, -0.98183, 0.18978][0.51824, 0.96815, 0][-0.08523, -1.38625, -0.701034][0.11247, -0.91106, 0.39663][0.48716, 0.96959, 0][0.002125, -1.38829, -0.699873][-0.00024, -0.92579, 0.37804][0.49312, 0.97470, 0][0.001397, -1.43681, -0.563328][-0.00017, -0.98183, 0.18978][0.51824, 0.96815, 0][-0.106475, -1.43381, -0.56487][0.12171, -0.97186, 0.20167][0.50809, 0.96263, 0][-0.08523, -1.38625, -0.701034][0.11247, -0.91106, 0.39663][0.48716, 0.96959, 0][-0.114202, -1.0461, -0.63313][0.12897, 0.82587, 0.54891][0.44140, 0.92182, 0][0.001512, -1.1133, -0.74791][-0.00060, 0.80629, 0.59152][0.42912, 0.94270, 0][-0.089284, -1.11666, -0.748203][0.12691, 0.78308, 0.60884][0.44266, 0.94226, 0][-0.114202, -1.0461, -0.63313][0.12897, 0.82587, 0.54891][0.44140, 0.92182, 0][0.000458, -1.0413, -0.632923][-0.00084, 0.84326, 0.53750][0.42368, 0.92183, 0][0.001512, -1.1133, -0.74791][-0.00060, 0.80629, 0.59152][0.42912, 0.94270, 0][-0.307932, -1.24252, -0.605919][0.84216, -0.12714, 0.52403][0.48469, 0.94045, 0][-0.215672, -1.2262, -0.732697][0.73611, 0.04299, 0.67550][0.46905, 0.95157, 0][-0.217889, -1.25297, -0.72828][0.74353, -0.13311, 0.65532][0.47233, 0.95400, 0][-0.307932, -1.24252, -0.605919][0.84216, -0.12714, 0.52403][0.48469, 0.94045, 0][-0.305176, -1.20412, -0.611936][0.82287, 0.07643, 0.56307][0.48023, 0.93674, 0][-0.215672, -1.2262, -0.732697][0.73611, 0.04299, 0.67550][0.46905, 0.95157, 0][-0.106475, -1.43381, -0.56487][0.12171, -0.97186, 0.20167][0.50809, 0.96263, 0][-0.115277, -1.37876, -0.702745][0.27139, -0.86172, 0.42871][0.48545, 0.96768, 0][-0.08523, -1.38625, -0.701034][0.11247, -0.91106, 0.39663][0.48716, 0.96959, 0][-0.106475, -1.43381, -0.56487][0.12171, -0.97186, 0.20167][0.50809, 0.96263, 0][-0.151532, -1.42311, -0.567555][0.29355, -0.92849, 0.22746][0.50458, 0.96008, 0][-0.115277, -1.37876, -0.702745][0.27139, -0.86172, 0.42871][0.48545, 0.96768, 0][-0.064519, -1.31925, -0.828136][0.47647, -0.85129, 0.21974][0.84005, 0.91177, 0][-0.074959, -1.31461, -0.85152][0.66126, -0.74937, 0.03432][0.84401, 0.91332, 0][-0.063866, -1.32273, -0.850345][0.51263, -0.85858, -0.00639][0.84506, 0.91199, 0][-0.064519, -1.31925, -0.828136][0.47647, -0.85129, 0.21974][0.84005, 0.91177, 0][-0.075694, -1.3112, -0.82972][0.61374, -0.74656, 0.25684][0.83891, 0.91400, 0][-0.074959, -1.31461, -0.85152][0.66126, -0.74937, 0.03432][0.84401, 0.91332, 0][-0.213884, -1.27975, -0.723277][0.72215, -0.30166, 0.62250][0.47526, 0.95646, 0][-0.097812, -1.26518, -0.838457][0.90658, -0.08546, 0.41330][0.45934, 0.96776, 0][-0.096209, -1.2779, -0.836081][0.88251, -0.28030, 0.37763][0.46092, 0.96901, 0][-0.213884, -1.27975, -0.723277][0.72215, -0.30166, 0.62250][0.47526, 0.95646, 0][-0.217889, -1.25297, -0.72828][0.74353, -0.13311, 0.65532][0.47233, 0.95400, 0][-0.097812, -1.26518, -0.838457][0.90658, -0.08546, 0.41330][0.45934, 0.96776, 0][0.002125, -1.38829, -0.699873][-0.00024, -0.92579, 0.37804][0.49312, 0.97470, 0][-0.038095, -1.32884, -0.826164][0.13553, -0.97844, 0.15586][0.46676, 0.97588, 0][0.0026, -1.32994, -0.825789][-0.00022, -0.99035, 0.13858][0.46911, 0.97852, 0][0.002125, -1.38829, -0.699873][-0.00024, -0.92579, 0.37804][0.49312, 0.97470, 0][-0.08523, -1.38625, -0.701034][0.11247, -0.91106, 0.39663][0.48716, 0.96959, 0][-0.038095, -1.32884, -0.826164][0.13553, -0.97844, 0.15586][0.46676, 0.97588, 0][-0.089284, -1.11666, -0.748203][0.12691, 0.78308, 0.60884][0.44266, 0.94226, 0][0.002323, -1.19953, -0.848668][0.00072, 0.90861, 0.41766][0.43882, 0.96266, 0][-0.039047, -1.20096, -0.848609][0.14306, 0.89055, 0.43180][0.44488, 0.96230, 0][-0.089284, -1.11666, -0.748203][0.12691, 0.78308, 0.60884][0.44266, 0.94226, 0][0.001512, -1.1133, -0.74791][-0.00060, 0.80629, 0.59152][0.42912, 0.94270, 0][0.002323, -1.19953, -0.848668][0.00072, 0.90861, 0.41766][0.43882, 0.96266, 0][-0.217889, -1.25297, -0.72828][0.74353, -0.13311, 0.65532][0.47233, 0.95400, 0][-0.096589, -1.25248, -0.84055][0.89039, 0.11412, 0.44066][0.45759, 0.96654, 0][-0.097812, -1.26518, -0.838457][0.90658, -0.08546, 0.41330][0.45934, 0.96776, 0][-0.217889, -1.25297, -0.72828][0.74353, -0.13311, 0.65532][0.47233, 0.95400, 0][-0.215672, -1.2262, -0.732697][0.73611, 0.04299, 0.67550][0.46905, 0.95157, 0][-0.096589, -1.25248, -0.84055][0.89039, 0.11412, 0.44066][0.45759, 0.96654, 0][-0.08523, -1.38625, -0.701034][0.11247, -0.91106, 0.39663][0.48716, 0.96959, 0][-0.051826, -1.3252, -0.826935][0.32430, -0.92729, 0.18697][0.46608, 0.97491, 0][-0.038095, -1.32884, -0.826164][0.13553, -0.97844, 0.15586][0.46676, 0.97588, 0][-0.08523, -1.38625, -0.701034][0.11247, -0.91106, 0.39663][0.48716, 0.96959, 0][-0.115277, -1.37876, -0.702745][0.27139, -0.86172, 0.42871][0.48545, 0.96768, 0][-0.051826, -1.3252, -0.826935][0.32430, -0.92729, 0.18697][0.46608, 0.97491, 0][-0.215672, -1.2262, -0.732697][0.73611, 0.04299, 0.67550][0.46905, 0.95157, 0][-0.092572, -1.24025, -0.842538][0.83541, 0.30331, 0.45836][0.45569, 0.96541, 0][-0.096589, -1.25248, -0.84055][0.89039, 0.11412, 0.44066][0.45759, 0.96654, 0][-0.215672, -1.2262, -0.732697][0.73611, 0.04299, 0.67550][0.46905, 0.95157, 0][-0.207244, -1.20039, -0.736602][0.69798, 0.21221, 0.68396][0.46540, 0.94924, 0][-0.092572, -1.24025, -0.842538][0.83541, 0.30331, 0.45836][0.45569, 0.96541, 0][-0.115277, -1.37876, -0.702745][0.27139, -0.86172, 0.42871][0.48545, 0.96768, 0][-0.064519, -1.31925, -0.828136][0.47647, -0.85129, 0.21974][0.46536, 0.97386, 0][-0.051826, -1.3252, -0.826935][0.32430, -0.92729, 0.18697][0.46608, 0.97491, 0][-0.115277, -1.37876, -0.702745][0.27139, -0.86172, 0.42871][0.48545, 0.96768, 0][-0.143143, -1.36639, -0.705436][0.39706, -0.79222, 0.46338][0.48379, 0.96568, 0][-0.064519, -1.31925, -0.828136][0.47647, -0.85129, 0.21974][0.46536, 0.97386, 0][-0.207244, -1.20039, -0.736602][0.69798, 0.21221, 0.68396][0.46540, 0.94924, 0][-0.085903, -1.22895, -0.844348][0.74556, 0.47562, 0.46683][0.45366, 0.96442, 0][-0.092572, -1.24025, -0.842538][0.83541, 0.30331, 0.45836][0.45569, 0.96541, 0][-0.207244, -1.20039, -0.736602][0.69798, 0.21221, 0.68396][0.46540, 0.94924, 0][-0.192864, -1.17648, -0.740109][0.63109, 0.37048, 0.68153][0.46136, 0.94713, 0][-0.085903, -1.22895, -0.844348][0.74556, 0.47562, 0.46683][0.45366, 0.96442, 0][-0.143143, -1.36639, -0.705436][0.39706, -0.79222, 0.46338][0.48379, 0.96568, 0][-0.075694, -1.3112, -0.82972][0.61374, -0.74656, 0.25684][0.46452, 0.97273, 0][-0.064519, -1.31925, -0.828136][0.47647, -0.85129, 0.21974][0.46536, 0.97386, 0][-0.143143, -1.36639, -0.705436][0.39706, -0.79222, 0.46338][0.48379, 0.96568, 0][-0.167793, -1.3496, -0.709019][0.50845, -0.69948, 0.50220][0.48204, 0.96354, 0][-0.075694, -1.3112, -0.82972][0.61374, -0.74656, 0.25684][0.46452, 0.97273, 0][-0.192864, -1.17648, -0.740109][0.63109, 0.37048, 0.68153][0.46136, 0.94713, 0][-0.07683, -1.21902, -0.845911][0.62711, 0.62326, 0.46721][0.45152, 0.96358, 0][-0.085903, -1.22895, -0.844348][0.74556, 0.47562, 0.46683][0.45366, 0.96442, 0][-0.192864, -1.17648, -0.740109][0.63109, 0.37048, 0.68153][0.46136, 0.94713, 0][-0.173035, -1.1554, -0.743104][0.53825, 0.51129, 0.66997][0.45700, 0.94530, 0][-0.07683, -1.21902, -0.845911][0.62711, 0.62326, 0.46721][0.45152, 0.96358, 0][-0.167793, -1.3496, -0.709019][0.50845, -0.69948, 0.50220][0.48204, 0.96354, 0][-0.084924, -1.30136, -0.831624][0.73106, -0.61446, 0.29662][0.46351, 0.97153, 0][-0.075694, -1.3112, -0.82972][0.61374, -0.74656, 0.25684][0.46452, 0.97273, 0][-0.167793, -1.3496, -0.709019][0.50845, -0.69948, 0.50220][0.48204, 0.96354, 0][-0.188303, -1.32903, -0.71331][0.60213, -0.58530, 0.54301][0.48008, 0.96127, 0][-0.084924, -1.30136, -0.831624][0.73106, -0.61446, 0.29662][0.46351, 0.97153, 0][-0.173035, -1.1554, -0.743104][0.53825, 0.51129, 0.66997][0.45700, 0.94530, 0][-0.065699, -1.21085, -0.847171][0.48752, 0.74168, 0.46069][0.44932, 0.96293, 0][-0.07683, -1.21902, -0.845911][0.62711, 0.62326, 0.46721][0.45152, 0.96358, 0][-0.173035, -1.1554, -0.743104][0.53825, 0.51129, 0.66997][0.45700, 0.94530, 0][-0.148499, -1.13796, -0.745486][0.42410, 0.62824, 0.65226][0.45236, 0.94383, 0][-0.065699, -1.21085, -0.847171][0.48752, 0.74168, 0.46069][0.44932, 0.96293, 0][-0.188303, -1.32903, -0.71331][0.60213, -0.58530, 0.54301][0.48008, 0.96127, 0][-0.091854, -1.29012, -0.833773][0.82263, -0.45748, 0.33762][0.46231, 0.97028, 0][-0.084924, -1.30136, -0.831624][0.73106, -0.61446, 0.29662][0.46351, 0.97153, 0][-0.188303, -1.32903, -0.71331][0.60213, -0.58530, 0.54301][0.48008, 0.96127, 0][-0.203877, -1.30544, -0.718132][0.67477, -0.45203, 0.58340][0.47783, 0.95890, 0][-0.091854, -1.29012, -0.833773][0.82263, -0.45748, 0.33762][0.46231, 0.97028, 0][-0.148499, -1.13796, -0.745486][0.42410, 0.62824, 0.65226][0.45236, 0.94383, 0][-0.052938, -1.20475, -0.848081][0.33360, 0.82884, 0.44915][0.44709, 0.96250, 0][-0.065699, -1.21085, -0.847171][0.48752, 0.74168, 0.46069][0.44932, 0.96293, 0][-0.148499, -1.13796, -0.745486][0.42410, 0.62824, 0.65226][0.45236, 0.94383, 0][-0.120205, -1.12487, -0.747222][0.29361, 0.71743, 0.63173][0.44755, 0.94280, 0][-0.052938, -1.20475, -0.848081][0.33360, 0.82884, 0.44915][0.44709, 0.96250, 0][-0.203877, -1.30544, -0.718132][0.67477, -0.45203, 0.58340][0.47783, 0.95890, 0][-0.096209, -1.2779, -0.836081][0.88251, -0.28030, 0.37763][0.46092, 0.96901, 0][-0.091854, -1.29012, -0.833773][0.82263, -0.45748, 0.33762][0.46231, 0.97028, 0][-0.203877, -1.30544, -0.718132][0.67477, -0.45203, 0.58340][0.47783, 0.95890, 0][-0.213884, -1.27975, -0.723277][0.72215, -0.30166, 0.62250][0.47526, 0.95646, 0][-0.096209, -1.2779, -0.836081][0.88251, -0.28030, 0.37763][0.46092, 0.96901, 0][-0.038095, -1.32884, -0.826164][0.13553, -0.97844, 0.15586][0.84224, 0.90813, 0][-0.051271, -1.32875, -0.849516][0.34850, -0.93637, -0.04192][0.84605, 0.91088, 0][-0.037652, -1.33243, -0.849005][0.14621, -0.98681, -0.06955][0.84706, 0.90984, 0][-0.038095, -1.32884, -0.826164][0.13553, -0.97844, 0.15586][0.84224, 0.90813, 0][-0.051826, -1.3252, -0.826935][0.32430, -0.92729, 0.18697][0.84120, 0.90985, 0][-0.051271, -1.32875, -0.849516][0.34850, -0.93637, -0.04192][0.84605, 0.91088, 0][-0.085903, -1.22895, -0.844348][0.74556, 0.47562, 0.46683][0.83724, 0.93533, 0][-0.076066, -1.22239, -0.867733][0.66958, 0.69456, 0.26317][0.84123, 0.93282, 0][-0.085078, -1.23227, -0.865783][0.79900, 0.54171, 0.26104][0.84050, 0.93039, 0][-0.085903, -1.22895, -0.844348][0.74556, 0.47562, 0.46683][0.83724, 0.93533, 0][-0.07683, -1.21902, -0.845911][0.62711, 0.62326, 0.46721][0.83821, 0.93807, 0][-0.076066, -1.22239, -0.867733][0.66958, 0.69456, 0.26317][0.84123, 0.93282, 0][-0.075694, -1.3112, -0.82972][0.61374, -0.74656, 0.25684][0.83891, 0.91400, 0][-0.084125, -1.30471, -0.853042][0.78861, -0.61001, 0.07738][0.84294, 0.91498, 0][-0.074959, -1.31461, -0.85152][0.66126, -0.74937, 0.03432][0.84401, 0.91332, 0][-0.075694, -1.3112, -0.82972][0.61374, -0.74656, 0.25684][0.83891, 0.91400, 0][-0.084924, -1.30136, -0.831624][0.73106, -0.61446, 0.29662][0.83788, 0.91657, 0][-0.084125, -1.30471, -0.853042][0.78861, -0.61001, 0.07738][0.84294, 0.91498, 0][-0.07683, -1.21902, -0.845911][0.62711, 0.62326, 0.46721][0.83821, 0.93807, 0][-0.065015, -1.21429, -0.869406][0.51858, 0.81531, 0.25756][0.84228, 0.93492, 0][-0.076066, -1.22239, -0.867733][0.66958, 0.69456, 0.26317][0.84123, 0.93282, 0][-0.07683, -1.21902, -0.845911][0.62711, 0.62326, 0.46721][0.83821, 0.93807, 0][-0.065699, -1.21085, -0.847171][0.48752, 0.74168, 0.46069][0.83945, 0.94047, 0][-0.065015, -1.21429, -0.869406][0.51858, 0.81531, 0.25756][0.84228, 0.93492, 0][-0.084924, -1.30136, -0.831624][0.73106, -0.61446, 0.29662][0.83788, 0.91657, 0][-0.091007, -1.29342, -0.854889][0.88820, -0.44325, 0.12096][0.84193, 0.91703, 0][-0.084125, -1.30471, -0.853042][0.78861, -0.61001, 0.07738][0.84294, 0.91498, 0][-0.084924, -1.30136, -0.831624][0.73106, -0.61446, 0.29662][0.83788, 0.91657, 0][-0.091854, -1.29012, -0.833773][0.82263, -0.45748, 0.33762][0.83704, 0.91945, 0][-0.091007, -1.29342, -0.854889][0.88820, -0.44325, 0.12096][0.84193, 0.91703, 0][-0.065699, -1.21085, -0.847171][0.48752, 0.74168, 0.46069][0.83945, 0.94047, 0][-0.052354, -1.20824, -0.870692][0.35368, 0.90213, 0.24711][0.84359, 0.93666, 0][-0.065015, -1.21429, -0.869406][0.51858, 0.81531, 0.25756][0.84228, 0.93492, 0][-0.065699, -1.21085, -0.847171][0.48752, 0.74168, 0.46069][0.83945, 0.94047, 0][-0.052938, -1.20475, -0.848081][0.33360, 0.82884, 0.44915][0.84092, 0.94245, 0][-0.052354, -1.20824, -0.870692][0.35368, 0.90213, 0.24711][0.84359, 0.93666, 0][-0.091854, -1.29012, -0.833773][0.82263, -0.45748, 0.33762][0.83704, 0.91945, 0][-0.095332, -1.28118, -0.857002][0.95348, -0.25409, 0.16225][0.84106, 0.91944, 0][-0.091007, -1.29342, -0.854889][0.88820, -0.44325, 0.12096][0.84193, 0.91703, 0][-0.091854, -1.29012, -0.833773][0.82263, -0.45748, 0.33762][0.83704, 0.91945, 0][-0.096209, -1.2779, -0.836081][0.88251, -0.28030, 0.37763][0.83646, 0.92257, 0][-0.095332, -1.28118, -0.857002][0.95348, -0.25409, 0.16225][0.84106, 0.91944, 0][-0.052938, -1.20475, -0.848081][0.33360, 0.82884, 0.44915][0.84092, 0.94245, 0][-0.03858, -1.20449, -0.871482][0.15187, 0.95979, 0.23609][0.84515, 0.93800, 0][-0.052354, -1.20824, -0.870692][0.35368, 0.90213, 0.24711][0.84359, 0.93666, 0][-0.052938, -1.20475, -0.848081][0.33360, 0.82884, 0.44915][0.84092, 0.94245, 0][-0.039047, -1.20096, -0.848609][0.14306, 0.89055, 0.43180][0.84259, 0.94397, 0][-0.03858, -1.20449, -0.871482][0.15187, 0.95979, 0.23609][0.84515, 0.93800, 0][-0.096209, -1.2779, -0.836081][0.88251, -0.28030, 0.37763][0.83646, 0.92257, 0][-0.096921, -1.26844, -0.859305][0.97879, -0.04857, 0.19905][0.84044, 0.92211, 0][-0.095332, -1.28118, -0.857002][0.95348, -0.25409, 0.16225][0.84106, 0.91944, 0][-0.096209, -1.2779, -0.836081][0.88251, -0.28030, 0.37763][0.83646, 0.92257, 0][-0.097812, -1.26518, -0.838457][0.90658, -0.08546, 0.41330][0.83619, 0.92581, 0][-0.096921, -1.26844, -0.859305][0.97879, -0.04857, 0.19905][0.84044, 0.92211, 0][-0.039047, -1.20096, -0.848609][0.14306, 0.89055, 0.43180][0.84259, 0.94397, 0][0.00242, -1.20308, -0.871632][0.00043, 0.97349, 0.22872][0.85040, 0.94002, 0][-0.03858, -1.20449, -0.871482][0.15187, 0.95979, 0.23609][0.84515, 0.93800, 0][-0.039047, -1.20096, -0.848609][0.14306, 0.89055, 0.43180][0.84259, 0.94397, 0][0.002323, -1.19953, -0.848668][0.00072, 0.90861, 0.41766][0.84811, 0.94631, 0][0.00242, -1.20308, -0.871632][0.00043, 0.97349, 0.22872][0.85040, 0.94002, 0][-0.097812, -1.26518, -0.838457][0.90658, -0.08546, 0.41330][0.83619, 0.92581, 0][-0.095702, -1.25574, -0.861477][0.95991, 0.16122, 0.22929][0.84009, 0.92493, 0][-0.096921, -1.26844, -0.859305][0.97879, -0.04857, 0.19905][0.84044, 0.92211, 0][-0.097812, -1.26518, -0.838457][0.90658, -0.08546, 0.41330][0.83619, 0.92581, 0][-0.096589, -1.25248, -0.84055][0.89039, 0.11412, 0.44066][0.83621, 0.92910, 0][-0.095702, -1.25574, -0.861477][0.95991, 0.16122, 0.22929][0.84009, 0.92493, 0][0.002742, -1.32724, -0.865274][-0.00011, -0.37776, 0.92590][0.85195, 0.91081, 0][-0.030502, -1.21511, -0.885102][0.03453, 0.09773, 0.99461][0.84779, 0.93294, 0][0.002504, -1.21398, -0.885178][-0.00007, 0.04715, 0.99889][0.85195, 0.93412, 0][0.002742, -1.32724, -0.865274][-0.00011, -0.37776, 0.92590][0.85195, 0.91081, 0][-0.036739, -1.21683, -0.884846][0.07530, 0.04789, 0.99601][0.84711, 0.93238, 0][-0.030502, -1.21511, -0.885102][0.03453, 0.09773, 0.99461][0.84779, 0.93294, 0][0.002742, -1.32724, -0.865274][-0.00011, -0.37776, 0.92590][0.85195, 0.91081, 0][-0.046004, -1.2213, -0.884141][0.09572, -0.00090, 0.99541][0.84620, 0.93116, 0][-0.036739, -1.21683, -0.884846][0.07530, 0.04789, 0.99601][0.84711, 0.93238, 0][0.002742, -1.32724, -0.865274][-0.00011, -0.37776, 0.92590][0.85195, 0.91081, 0][-0.055237, -1.22814, -0.883041][0.10816, -0.04305, 0.99320][0.84541, 0.92944, 0][-0.046004, -1.2213, -0.884141][0.09572, -0.00090, 0.99541][0.84620, 0.93116, 0][0.002742, -1.32724, -0.865274][-0.00011, -0.37776, 0.92590][0.85195, 0.91081, 0][-0.063255, -1.23699, -0.8816][0.11602, -0.07896, 0.99010][0.84486, 0.92734, 0][-0.055237, -1.22814, -0.883041][0.10816, -0.04305, 0.99320][0.84541, 0.92944, 0][0.002742, -1.32724, -0.865274][-0.00011, -0.37776, 0.92590][0.85195, 0.91081, 0][-0.069342, -1.24739, -0.879894][0.12099, -0.11064, 0.98647][0.84460, 0.92500, 0][-0.063255, -1.23699, -0.8816][0.11602, -0.07896, 0.99010][0.84486, 0.92734, 0][0.002742, -1.32724, -0.865274][-0.00011, -0.37776, 0.92590][0.85195, 0.91081, 0][-0.073083, -1.25883, -0.878002][0.12384, -0.13977, 0.98241][0.84465, 0.92253, 0][-0.069342, -1.24739, -0.879894][0.12099, -0.11064, 0.98647][0.84460, 0.92500, 0][0.002742, -1.32724, -0.865274][-0.00011, -0.37776, 0.92590][0.85195, 0.91081, 0][-0.074256, -1.27079, -0.876011][0.12468, -0.17319, 0.97697][0.84498, 0.92000, 0][-0.073083, -1.25883, -0.878002][0.12384, -0.13977, 0.98241][0.84465, 0.92253, 0][0.002742, -1.32724, -0.865274][-0.00011, -0.37776, 0.92590][0.85195, 0.91081, 0][-0.072807, -1.28278, -0.873788][0.12341, -0.20616, 0.97071][0.84531, 0.91775, 0][-0.074256, -1.27079, -0.876011][0.12468, -0.17319, 0.97697][0.84498, 0.92000, 0][0.002742, -1.32724, -0.865274][-0.00011, -0.37776, 0.92590][0.85195, 0.91081, 0][-0.068826, -1.29423, -0.871654][0.12015, -0.23411, 0.96476][0.84584, 0.91583, 0][-0.072807, -1.28278, -0.873788][0.12341, -0.20616, 0.97071][0.84531, 0.91775, 0][0.002742, -1.32724, -0.865274][-0.00011, -0.37776, 0.92590][0.85195, 0.91081, 0][-0.062561, -1.30461, -0.869706][0.11474, -0.26385, 0.95771][0.84649, 0.91425, 0][-0.068826, -1.29423, -0.871654][0.12015, -0.23411, 0.96476][0.84584, 0.91583, 0][0.002742, -1.32724, -0.865274][-0.00011, -0.37776, 0.92590][0.85195, 0.91081, 0][-0.054449, -1.31344, -0.868041][0.10652, -0.29702, 0.94891][0.84717, 0.91302, 0][-0.062561, -1.30461, -0.869706][0.11474, -0.26385, 0.95771][0.84649, 0.91425, 0][0.002742, -1.32724, -0.865274][-0.00011, -0.37776, 0.92590][0.85195, 0.91081, 0][-0.045202, -1.32024, -0.866746][0.09377, -0.33545, 0.93738][0.84784, 0.91212, 0][-0.054449, -1.31344, -0.868041][0.10652, -0.29702, 0.94891][0.84717, 0.91302, 0][0.002742, -1.32724, -0.865274][-0.00011, -0.37776, 0.92590][0.85195, 0.91081, 0][-0.035989, -1.32465, -0.86589][0.07299, -0.37914, 0.92246][0.84844, 0.91154, 0][-0.045202, -1.32024, -0.866746][0.09377, -0.33545, 0.93738][0.84784, 0.91212, 0][0.002742, -1.32724, -0.865274][-0.00011, -0.37776, 0.92590][0.85195, 0.91081, 0][-0.029814, -1.32632, -0.865553][0.03248, -0.42294, 0.90557][0.84886, 0.91131, 0][-0.035989, -1.32465, -0.86589][0.07299, -0.37914, 0.92246][0.84844, 0.91154, 0][-0.096589, -1.25248, -0.84055][0.89039, 0.11412, 0.44066][0.83621, 0.92910, 0][-0.091706, -1.24353, -0.863666][0.89832, 0.36125, 0.25006][0.84012, 0.92773, 0][-0.095702, -1.25574, -0.861477][0.95991, 0.16122, 0.22929][0.84009, 0.92493, 0][-0.096589, -1.25248, -0.84055][0.89039, 0.11412, 0.44066][0.83621, 0.92910, 0][-0.092572, -1.24025, -0.842538][0.83541, 0.30331, 0.45836][0.83657, 0.93230, 0][-0.091706, -1.24353, -0.863666][0.89832, 0.36125, 0.25006][0.84012, 0.92773, 0][-0.051826, -1.3252, -0.826935][0.32430, -0.92729, 0.18697][0.84120, 0.90985, 0][-0.063866, -1.32273, -0.850345][0.51263, -0.85858, -0.00639][0.84506, 0.91199, 0][-0.051271, -1.32875, -0.849516][0.34850, -0.93637, -0.04192][0.84605, 0.91088, 0][-0.051826, -1.3252, -0.826935][0.32430, -0.92729, 0.18697][0.84120, 0.90985, 0][-0.064519, -1.31925, -0.828136][0.47647, -0.85129, 0.21974][0.84005, 0.91177, 0][-0.063866, -1.32273, -0.850345][0.51263, -0.85858, -0.00639][0.84506, 0.91199, 0][-0.092572, -1.24025, -0.842538][0.83541, 0.30331, 0.45836][0.83657, 0.93230, 0][-0.085078, -1.23227, -0.865783][0.79900, 0.54171, 0.26104][0.84050, 0.93039, 0][-0.091706, -1.24353, -0.863666][0.89832, 0.36125, 0.25006][0.84012, 0.92773, 0][-0.092572, -1.24025, -0.842538][0.83541, 0.30331, 0.45836][0.83657, 0.93230, 0][-0.085903, -1.22895, -0.844348][0.74556, 0.47562, 0.46683][0.83724, 0.93533, 0][-0.085078, -1.23227, -0.865783][0.79900, 0.54171, 0.26104][0.84050, 0.93039, 0][0.002696, -1.33355, -0.84872][-0.00017, -0.99675, -0.08053][0.85089, 0.90760, 0][-0.036494, -1.3325, -0.85676][0.13474, -0.96908, 0.20670][0.84804, 0.91057, 0][0.002724, -1.33359, -0.856444][-0.00019, -0.98401, 0.17813][0.85162, 0.90924, 0][0.002696, -1.33355, -0.84872][-0.00017, -0.99675, -0.08053][0.85089, 0.90760, 0][-0.037652, -1.33243, -0.849005][0.14621, -0.98681, -0.06955][0.84706, 0.90984, 0][-0.036494, -1.3325, -0.85676][0.13474, -0.96908, 0.20670][0.84804, 0.91057, 0][0.002724, -1.33359, -0.856444][-0.00019, -0.98401, 0.17813][0.85162, 0.90924, 0][-0.033627, -1.33027, -0.862817][0.08862, -0.75759, 0.64669][0.84854, 0.91098, 0][0.002741, -1.33128, -0.862504][-0.00014, -0.78582, 0.61845][0.85187, 0.91018, 0][0.002724, -1.33359, -0.856444][-0.00019, -0.98401, 0.17813][0.85162, 0.90924, 0][-0.036494, -1.3325, -0.85676][0.13474, -0.96908, 0.20670][0.84804, 0.91057, 0][-0.033627, -1.33027, -0.862817][0.08862, -0.75759, 0.64669][0.84854, 0.91098, 0][0.002741, -1.33128, -0.862504][-0.00014, -0.78582, 0.61845][0.85187, 0.91018, 0][-0.029814, -1.32632, -0.865553][0.03248, -0.42294, 0.90557][0.84886, 0.91131, 0][0.002742, -1.32724, -0.865274][-0.00011, -0.37776, 0.92590][0.85195, 0.91081, 0][0.002741, -1.33128, -0.862504][-0.00014, -0.78582, 0.61845][0.85187, 0.91018, 0][-0.033627, -1.33027, -0.862817][0.08862, -0.75759, 0.64669][0.84854, 0.91098, 0][-0.029814, -1.32632, -0.865553][0.03248, -0.42294, 0.90557][0.84886, 0.91131, 0][-0.037652, -1.33243, -0.849005][0.14621, -0.98681, -0.06955][0.84706, 0.90984, 0][-0.049084, -1.3291, -0.857341][0.31689, -0.90975, 0.26821][0.84719, 0.91121, 0][-0.036494, -1.3325, -0.85676][0.13474, -0.96908, 0.20670][0.84804, 0.91057, 0][-0.037652, -1.33243, -0.849005][0.14621, -0.98681, -0.06955][0.84706, 0.90984, 0][-0.051271, -1.32875, -0.849516][0.34850, -0.93637, -0.04192][0.84605, 0.91088, 0][-0.049084, -1.3291, -0.857341][0.31689, -0.90975, 0.26821][0.84719, 0.91121, 0][-0.036494, -1.3325, -0.85676][0.13474, -0.96908, 0.20670][0.84804, 0.91057, 0][-0.043493, -1.3276, -0.86333][0.20081, -0.68484, 0.70048][0.84790, 0.91134, 0][-0.033627, -1.33027, -0.862817][0.08862, -0.75759, 0.64669][0.84854, 0.91098, 0][-0.036494, -1.3325, -0.85676][0.13474, -0.96908, 0.20670][0.84804, 0.91057, 0][-0.049084, -1.3291, -0.857341][0.31689, -0.90975, 0.26821][0.84719, 0.91121, 0][-0.043493, -1.3276, -0.86333][0.20081, -0.68484, 0.70048][0.84790, 0.91134, 0][-0.033627, -1.33027, -0.862817][0.08862, -0.75759, 0.64669][0.84854, 0.91098, 0][-0.035989, -1.32465, -0.86589][0.07299, -0.37914, 0.92246][0.84844, 0.91154, 0][-0.029814, -1.32632, -0.865553][0.03248, -0.42294, 0.90557][0.84886, 0.91131, 0][-0.033627, -1.33027, -0.862817][0.08862, -0.75759, 0.64669][0.84854, 0.91098, 0][-0.043493, -1.3276, -0.86333][0.20081, -0.68484, 0.70048][0.84790, 0.91134, 0][-0.035989, -1.32465, -0.86589][0.07299, -0.37914, 0.92246][0.84844, 0.91154, 0][-0.051271, -1.32875, -0.849516][0.34850, -0.93637, -0.04192][0.84605, 0.91088, 0][-0.061193, -1.32331, -0.858304][0.45412, -0.82424, 0.33825][0.84631, 0.91204, 0][-0.049084, -1.3291, -0.857341][0.31689, -0.90975, 0.26821][0.84719, 0.91121, 0][-0.051271, -1.32875, -0.849516][0.34850, -0.93637, -0.04192][0.84605, 0.91088, 0][-0.063866, -1.32273, -0.850345][0.51263, -0.85858, -0.00639][0.84506, 0.91199, 0][-0.061193, -1.32331, -0.858304][0.45412, -0.82424, 0.33825][0.84631, 0.91204, 0][-0.049084, -1.3291, -0.857341][0.31689, -0.90975, 0.26821][0.84719, 0.91121, 0][-0.054364, -1.3224, -0.864302][0.27058, -0.59925, 0.75345][0.84716, 0.91200, 0][-0.043493, -1.3276, -0.86333][0.20081, -0.68484, 0.70048][0.84790, 0.91134, 0][-0.049084, -1.3291, -0.857341][0.31689, -0.90975, 0.26821][0.84719, 0.91121, 0][-0.061193, -1.32331, -0.858304][0.45412, -0.82424, 0.33825][0.84631, 0.91204, 0][-0.054364, -1.3224, -0.864302][0.27058, -0.59925, 0.75345][0.84716, 0.91200, 0][-0.043493, -1.3276, -0.86333][0.20081, -0.68484, 0.70048][0.84790, 0.91134, 0][-0.045202, -1.32024, -0.866746][0.09377, -0.33545, 0.93738][0.84784, 0.91212, 0][-0.035989, -1.32465, -0.86589][0.07299, -0.37914, 0.92246][0.84844, 0.91154, 0][-0.043493, -1.3276, -0.86333][0.20081, -0.68484, 0.70048][0.84790, 0.91134, 0][-0.054364, -1.3224, -0.864302][0.27058, -0.59925, 0.75345][0.84716, 0.91200, 0][-0.045202, -1.32024, -0.866746][0.09377, -0.33545, 0.93738][0.84784, 0.91212, 0][-0.063866, -1.32273, -0.850345][0.51263, -0.85858, -0.00639][0.84506, 0.91199, 0][-0.072009, -1.31539, -0.859636][0.56987, -0.71460, 0.40571][0.84540, 0.91312, 0][-0.061193, -1.32331, -0.858304][0.45412, -0.82424, 0.33825][0.84631, 0.91204, 0][-0.063866, -1.32273, -0.850345][0.51263, -0.85858, -0.00639][0.84506, 0.91199, 0][-0.074959, -1.31461, -0.85152][0.66126, -0.74937, 0.03432][0.84401, 0.91332, 0][-0.072009, -1.31539, -0.859636][0.56987, -0.71460, 0.40571][0.84540, 0.91312, 0][-0.061193, -1.32331, -0.858304][0.45412, -0.82424, 0.33825][0.84631, 0.91204, 0][-0.064504, -1.31497, -0.865681][0.32051, -0.51107, 0.79755][0.84638, 0.91294, 0][-0.054364, -1.3224, -0.864302][0.27058, -0.59925, 0.75345][0.84716, 0.91200, 0][-0.061193, -1.32331, -0.858304][0.45412, -0.82424, 0.33825][0.84631, 0.91204, 0][-0.072009, -1.31539, -0.859636][0.56987, -0.71460, 0.40571][0.84540, 0.91312, 0][-0.064504, -1.31497, -0.865681][0.32051, -0.51107, 0.79755][0.84638, 0.91294, 0][-0.054364, -1.3224, -0.864302][0.27058, -0.59925, 0.75345][0.84716, 0.91200, 0][-0.054449, -1.31344, -0.868041][0.10652, -0.29702, 0.94891][0.84717, 0.91302, 0][-0.045202, -1.32024, -0.866746][0.09377, -0.33545, 0.93738][0.84784, 0.91212, 0][-0.054364, -1.3224, -0.864302][0.27058, -0.59925, 0.75345][0.84716, 0.91200, 0][-0.064504, -1.31497, -0.865681][0.32051, -0.51107, 0.79755][0.84638, 0.91294, 0][-0.054449, -1.31344, -0.868041][0.10652, -0.29702, 0.94891][0.84717, 0.91302, 0][-0.074959, -1.31461, -0.85152][0.66126, -0.74937, 0.03432][0.84401, 0.91332, 0][-0.081006, -1.30566, -0.861312][0.66304, -0.58598, 0.46584][0.84445, 0.91453, 0][-0.072009, -1.31539, -0.859636][0.56987, -0.71460, 0.40571][0.84540, 0.91312, 0][-0.074959, -1.31461, -0.85152][0.66126, -0.74937, 0.03432][0.84401, 0.91332, 0][-0.084125, -1.30471, -0.853042][0.78861, -0.61001, 0.07738][0.84294, 0.91498, 0][-0.081006, -1.30566, -0.861312][0.66304, -0.58598, 0.46584][0.84445, 0.91453, 0][-0.072009, -1.31539, -0.859636][0.56987, -0.71460, 0.40571][0.84540, 0.91312, 0][-0.073116, -1.30563, -0.867408][0.35599, -0.42476, 0.83238][0.84557, 0.91421, 0][-0.064504, -1.31497, -0.865681][0.32051, -0.51107, 0.79755][0.84638, 0.91294, 0][-0.072009, -1.31539, -0.859636][0.56987, -0.71460, 0.40571][0.84540, 0.91312, 0][-0.081006, -1.30566, -0.861312][0.66304, -0.58598, 0.46584][0.84445, 0.91453, 0][-0.073116, -1.30563, -0.867408][0.35599, -0.42476, 0.83238][0.84557, 0.91421, 0][-0.064504, -1.31497, -0.865681][0.32051, -0.51107, 0.79755][0.84638, 0.91294, 0][-0.062561, -1.30461, -0.869706][0.11474, -0.26385, 0.95771][0.84649, 0.91425, 0][-0.054449, -1.31344, -0.868041][0.10652, -0.29702, 0.94891][0.84717, 0.91302, 0][-0.064504, -1.31497, -0.865681][0.32051, -0.51107, 0.79755][0.84638, 0.91294, 0][-0.073116, -1.30563, -0.867408][0.35599, -0.42476, 0.83238][0.84557, 0.91421, 0][-0.062561, -1.30461, -0.869706][0.11474, -0.26385, 0.95771][0.84649, 0.91425, 0][-0.084125, -1.30471, -0.853042][0.78861, -0.61001, 0.07738][0.84294, 0.91498, 0][-0.087785, -1.29451, -0.863277][0.73266, -0.44195, 0.51758][0.84354, 0.91630, 0][-0.081006, -1.30566, -0.861312][0.66304, -0.58598, 0.46584][0.84445, 0.91453, 0][-0.084125, -1.30471, -0.853042][0.78861, -0.61001, 0.07738][0.84294, 0.91498, 0][-0.091007, -1.29342, -0.854889][0.88820, -0.44325, 0.12096][0.84193, 0.91703, 0][-0.087785, -1.29451, -0.863277][0.73266, -0.44195, 0.51758][0.84354, 0.91630, 0][-0.081006, -1.30566, -0.861312][0.66304, -0.58598, 0.46584][0.84445, 0.91453, 0][-0.079668, -1.2948, -0.86941][0.38042, -0.34021, 0.85996][0.84480, 0.91584, 0][-0.073116, -1.30563, -0.867408][0.35599, -0.42476, 0.83238][0.84557, 0.91421, 0][-0.081006, -1.30566, -0.861312][0.66304, -0.58598, 0.46584][0.84445, 0.91453, 0][-0.087785, -1.29451, -0.863277][0.73266, -0.44195, 0.51758][0.84354, 0.91630, 0][-0.079668, -1.2948, -0.86941][0.38042, -0.34021, 0.85996][0.84480, 0.91584, 0][-0.073116, -1.30563, -0.867408][0.35599, -0.42476, 0.83238][0.84557, 0.91421, 0][-0.068826, -1.29423, -0.871654][0.12015, -0.23411, 0.96476][0.84584, 0.91583, 0][-0.062561, -1.30461, -0.869706][0.11474, -0.26385, 0.95771][0.84649, 0.91425, 0][-0.073116, -1.30563, -0.867408][0.35599, -0.42476, 0.83238][0.84557, 0.91421, 0][-0.079668, -1.2948, -0.86941][0.38042, -0.34021, 0.85996][0.84480, 0.91584, 0][-0.068826, -1.29423, -0.871654][0.12015, -0.23411, 0.96476][0.84584, 0.91583, 0][-0.091007, -1.29342, -0.854889][0.88820, -0.44325, 0.12096][0.84193, 0.91703, 0][-0.092049, -1.28238, -0.865459][0.77739, -0.28554, 0.56048][0.84274, 0.91845, 0][-0.087785, -1.29451, -0.863277][0.73266, -0.44195, 0.51758][0.84354, 0.91630, 0][-0.091007, -1.29342, -0.854889][0.88820, -0.44325, 0.12096][0.84193, 0.91703, 0][-0.095332, -1.28118, -0.857002][0.95348, -0.25409, 0.16225][0.84106, 0.91944, 0][-0.092049, -1.28238, -0.865459][0.77739, -0.28554, 0.56048][0.84274, 0.91845, 0][-0.087785, -1.29451, -0.863277][0.73266, -0.44195, 0.51758][0.84354, 0.91630, 0][-0.083806, -1.28296, -0.871601][0.39559, -0.25612, 0.88200][0.84413, 0.91783, 0][-0.079668, -1.2948, -0.86941][0.38042, -0.34021, 0.85996][0.84480, 0.91584, 0][-0.087785, -1.29451, -0.863277][0.73266, -0.44195, 0.51758][0.84354, 0.91630, 0][-0.092049, -1.28238, -0.865459][0.77739, -0.28554, 0.56048][0.84274, 0.91845, 0][-0.083806, -1.28296, -0.871601][0.39559, -0.25612, 0.88200][0.84413, 0.91783, 0][-0.079668, -1.2948, -0.86941][0.38042, -0.34021, 0.85996][0.84480, 0.91584, 0][-0.072807, -1.28278, -0.873788][0.12341, -0.20616, 0.97071][0.84531, 0.91775, 0][-0.068826, -1.29423, -0.871654][0.12015, -0.23411, 0.96476][0.84584, 0.91583, 0][-0.079668, -1.2948, -0.86941][0.38042, -0.34021, 0.85996][0.84480, 0.91584, 0][-0.083806, -1.28296, -0.871601][0.39559, -0.25612, 0.88200][0.84413, 0.91783, 0][-0.072807, -1.28278, -0.873788][0.12341, -0.20616, 0.97071][0.84531, 0.91775, 0][-0.095332, -1.28118, -0.857002][0.95348, -0.25409, 0.16225][0.84106, 0.91944, 0][-0.093613, -1.26974, -0.867774][0.79514, -0.11518, 0.59539][0.84212, 0.92090, 0][-0.092049, -1.28238, -0.865459][0.77739, -0.28554, 0.56048][0.84274, 0.91845, 0][-0.095332, -1.28118, -0.857002][0.95348, -0.25409, 0.16225][0.84106, 0.91944, 0][-0.096921, -1.26844, -0.859305][0.97879, -0.04857, 0.19905][0.84044, 0.92211, 0][-0.093613, -1.26974, -0.867774][0.79514, -0.11518, 0.59539][0.84212, 0.92090, 0][-0.092049, -1.28238, -0.865459][0.77739, -0.28554, 0.56048][0.84274, 0.91845, 0][-0.085319, -1.2706, -0.873886][0.40165, -0.16338, 0.90110][0.84363, 0.92014, 0][-0.083806, -1.28296, -0.871601][0.39559, -0.25612, 0.88200][0.84413, 0.91783, 0][-0.092049, -1.28238, -0.865459][0.77739, -0.28554, 0.56048][0.84274, 0.91845, 0][-0.093613, -1.26974, -0.867774][0.79514, -0.11518, 0.59539][0.84212, 0.92090, 0][-0.085319, -1.2706, -0.873886][0.40165, -0.16338, 0.90110][0.84363, 0.92014, 0][-0.083806, -1.28296, -0.871601][0.39559, -0.25612, 0.88200][0.84413, 0.91783, 0][-0.074256, -1.27079, -0.876011][0.12468, -0.17319, 0.97697][0.84498, 0.92000, 0][-0.072807, -1.28278, -0.873788][0.12341, -0.20616, 0.97071][0.84531, 0.91775, 0][-0.083806, -1.28296, -0.871601][0.39559, -0.25612, 0.88200][0.84413, 0.91783, 0][-0.085319, -1.2706, -0.873886][0.40165, -0.16338, 0.90110][0.84363, 0.92014, 0][-0.074256, -1.27079, -0.876011][0.12468, -0.17319, 0.97697][0.84498, 0.92000, 0][-0.096921, -1.26844, -0.859305][0.97879, -0.04857, 0.19905][0.84044, 0.92211, 0][-0.092403, -1.25714, -0.869901][0.78294, 0.05969, 0.61923][0.84172, 0.92354, 0][-0.093613, -1.26974, -0.867774][0.79514, -0.11518, 0.59539][0.84212, 0.92090, 0][-0.096921, -1.26844, -0.859305][0.97879, -0.04857, 0.19905][0.84044, 0.92211, 0][-0.095702, -1.25574, -0.861477][0.95991, 0.16122, 0.22929][0.84009, 0.92493, 0][-0.092403, -1.25714, -0.869901][0.78294, 0.05969, 0.61923][0.84172, 0.92354, 0][-0.093613, -1.26974, -0.867774][0.79514, -0.11518, 0.59539][0.84212, 0.92090, 0][-0.084125, -1.25827, -0.875946][0.39775, -0.06858, 0.91493][0.84327, 0.92268, 0][-0.085319, -1.2706, -0.873886][0.40165, -0.16338, 0.90110][0.84363, 0.92014, 0][-0.093613, -1.26974, -0.867774][0.79514, -0.11518, 0.59539][0.84212, 0.92090, 0][-0.092403, -1.25714, -0.869901][0.78294, 0.05969, 0.61923][0.84172, 0.92354, 0][-0.084125, -1.25827, -0.875946][0.39775, -0.06858, 0.91493][0.84327, 0.92268, 0][-0.085319, -1.2706, -0.873886][0.40165, -0.16338, 0.90110][0.84363, 0.92014, 0][-0.073083, -1.25883, -0.878002][0.12384, -0.13977, 0.98241][0.84465, 0.92253, 0][-0.074256, -1.27079, -0.876011][0.12468, -0.17319, 0.97697][0.84498, 0.92000, 0][-0.085319, -1.2706, -0.873886][0.40165, -0.16338, 0.90110][0.84363, 0.92014, 0][-0.084125, -1.25827, -0.875946][0.39775, -0.06858, 0.91493][0.84327, 0.92268, 0][-0.073083, -1.25883, -0.878002][0.12384, -0.13977, 0.98241][0.84465, 0.92253, 0][-0.095702, -1.25574, -0.861477][0.95991, 0.16122, 0.22929][0.84009, 0.92493, 0][-0.088453, -1.24502, -0.871985][0.74223, 0.22811, 0.63012][0.84165, 0.92620, 0][-0.092403, -1.25714, -0.869901][0.78294, 0.05969, 0.61923][0.84172, 0.92354, 0][-0.095702, -1.25574, -0.861477][0.95991, 0.16122, 0.22929][0.84009, 0.92493, 0][-0.091706, -1.24353, -0.863666][0.89832, 0.36125, 0.25006][0.84012, 0.92773, 0][-0.088453, -1.24502, -0.871985][0.74223, 0.22811, 0.63012][0.84165, 0.92620, 0][-0.092403, -1.25714, -0.869901][0.78294, 0.05969, 0.61923][0.84172, 0.92354, 0][-0.080268, -1.24643, -0.877922][0.38464, 0.02108, 0.92283][0.84319, 0.92523, 0][-0.084125, -1.25827, -0.875946][0.39775, -0.06858, 0.91493][0.84327, 0.92268, 0][-0.092403, -1.25714, -0.869901][0.78294, 0.05969, 0.61923][0.84172, 0.92354, 0][-0.088453, -1.24502, -0.871985][0.74223, 0.22811, 0.63012][0.84165, 0.92620, 0][-0.080268, -1.24643, -0.877922][0.38464, 0.02108, 0.92283][0.84319, 0.92523, 0][-0.084125, -1.25827, -0.875946][0.39775, -0.06858, 0.91493][0.84327, 0.92268, 0][-0.069342, -1.24739, -0.879894][0.12099, -0.11064, 0.98647][0.84460, 0.92500, 0][-0.073083, -1.25883, -0.878002][0.12384, -0.13977, 0.98241][0.84465, 0.92253, 0][-0.084125, -1.25827, -0.875946][0.39775, -0.06858, 0.91493][0.84327, 0.92268, 0][-0.080268, -1.24643, -0.877922][0.38464, 0.02108, 0.92283][0.84319, 0.92523, 0][-0.069342, -1.24739, -0.879894][0.12099, -0.11064, 0.98647][0.84460, 0.92500, 0][-0.091706, -1.24353, -0.863666][0.89832, 0.36125, 0.25006][0.84012, 0.92773, 0][-0.081916, -1.23386, -0.873943][0.67403, 0.38948, 0.62769][0.84192, 0.92876, 0][-0.088453, -1.24502, -0.871985][0.74223, 0.22811, 0.63012][0.84165, 0.92620, 0][-0.091706, -1.24353, -0.863666][0.89832, 0.36125, 0.25006][0.84012, 0.92773, 0][-0.085078, -1.23227, -0.865783][0.79900, 0.54171, 0.26104][0.84050, 0.93039, 0][-0.081916, -1.23386, -0.873943][0.67403, 0.38948, 0.62769][0.84192, 0.92876, 0][-0.088453, -1.24502, -0.871985][0.74223, 0.22811, 0.63012][0.84165, 0.92620, 0][-0.073929, -1.23558, -0.87973][0.36164, 0.11449, 0.92526][0.84344, 0.92768, 0][-0.080268, -1.24643, -0.877922][0.38464, 0.02108, 0.92283][0.84319, 0.92523, 0][-0.088453, -1.24502, -0.871985][0.74223, 0.22811, 0.63012][0.84165, 0.92620, 0][-0.081916, -1.23386, -0.873943][0.67403, 0.38948, 0.62769][0.84192, 0.92876, 0][-0.073929, -1.23558, -0.87973][0.36164, 0.11449, 0.92526][0.84344, 0.92768, 0][-0.080268, -1.24643, -0.877922][0.38464, 0.02108, 0.92283][0.84319, 0.92523, 0][-0.063255, -1.23699, -0.8816][0.11602, -0.07896, 0.99010][0.84486, 0.92734, 0][-0.069342, -1.24739, -0.879894][0.12099, -0.11064, 0.98647][0.84460, 0.92500, 0][-0.080268, -1.24643, -0.877922][0.38464, 0.02108, 0.92283][0.84319, 0.92523, 0][-0.073929, -1.23558, -0.87973][0.36164, 0.11449, 0.92526][0.84344, 0.92768, 0][-0.063255, -1.23699, -0.8816][0.11602, -0.07896, 0.99010][0.84486, 0.92734, 0][-0.085078, -1.23227, -0.865783][0.79900, 0.54171, 0.26104][0.84050, 0.93039, 0][-0.073062, -1.2241, -0.875692][0.58012, 0.53877, 0.61089][0.84254, 0.93109, 0][-0.081916, -1.23386, -0.873943][0.67403, 0.38948, 0.62769][0.84192, 0.92876, 0][-0.085078, -1.23227, -0.865783][0.79900, 0.54171, 0.26104][0.84050, 0.93039, 0][-0.076066, -1.22239, -0.867733][0.66958, 0.69456, 0.26317][0.84123, 0.93282, 0][-0.073062, -1.2241, -0.875692][0.58012, 0.53877, 0.61089][0.84254, 0.93109, 0][-0.081916, -1.23386, -0.873943][0.67403, 0.38948, 0.62769][0.84192, 0.92876, 0][-0.065438, -1.2262, -0.881292][0.32689, 0.21284, 0.92078][0.84401, 0.92989, 0][-0.073929, -1.23558, -0.87973][0.36164, 0.11449, 0.92526][0.84344, 0.92768, 0][-0.081916, -1.23386, -0.873943][0.67403, 0.38948, 0.62769][0.84192, 0.92876, 0][-0.073062, -1.2241, -0.875692][0.58012, 0.53877, 0.61089][0.84254, 0.93109, 0][-0.065438, -1.2262, -0.881292][0.32689, 0.21284, 0.92078][0.84401, 0.92989, 0][-0.073929, -1.23558, -0.87973][0.36164, 0.11449, 0.92526][0.84344, 0.92768, 0][-0.055237, -1.22814, -0.883041][0.10816, -0.04305, 0.99320][0.84541, 0.92944, 0][-0.063255, -1.23699, -0.8816][0.11602, -0.07896, 0.99010][0.84486, 0.92734, 0][-0.073929, -1.23558, -0.87973][0.36164, 0.11449, 0.92526][0.84344, 0.92768, 0][-0.065438, -1.2262, -0.881292][0.32689, 0.21284, 0.92078][0.84401, 0.92989, 0][-0.055237, -1.22814, -0.883041][0.10816, -0.04305, 0.99320][0.84541, 0.92944, 0][-0.076066, -1.22239, -0.867733][0.66958, 0.69456, 0.26317][0.84123, 0.93282, 0][-0.062284, -1.21614, -0.877149][0.46265, 0.67073, 0.57972][0.84347, 0.93311, 0][-0.073062, -1.2241, -0.875692][0.58012, 0.53877, 0.61089][0.84254, 0.93109, 0][-0.076066, -1.22239, -0.867733][0.66958, 0.69456, 0.26317][0.84123, 0.93282, 0][-0.065015, -1.21429, -0.869406][0.51858, 0.81531, 0.25756][0.84228, 0.93492, 0][-0.062284, -1.21614, -0.877149][0.46265, 0.67073, 0.57972][0.84347, 0.93311, 0][-0.073062, -1.2241, -0.875692][0.58012, 0.53877, 0.61089][0.84254, 0.93109, 0][-0.055326, -1.2187, -0.882537][0.27707, 0.31623, 0.90732][0.84486, 0.93178, 0][-0.065438, -1.2262, -0.881292][0.32689, 0.21284, 0.92078][0.84401, 0.92989, 0][-0.073062, -1.2241, -0.875692][0.58012, 0.53877, 0.61089][0.84254, 0.93109, 0][-0.062284, -1.21614, -0.877149][0.46265, 0.67073, 0.57972][0.84347, 0.93311, 0][-0.055326, -1.2187, -0.882537][0.27707, 0.31623, 0.90732][0.84486, 0.93178, 0][-0.065438, -1.2262, -0.881292][0.32689, 0.21284, 0.92078][0.84401, 0.92989, 0][-0.046004, -1.2213, -0.884141][0.09572, -0.00090, 0.99541][0.84620, 0.93116, 0][-0.055237, -1.22814, -0.883041][0.10816, -0.04305, 0.99320][0.84541, 0.92944, 0][-0.065438, -1.2262, -0.881292][0.32689, 0.21284, 0.92078][0.84401, 0.92989, 0][-0.055326, -1.2187, -0.882537][0.27707, 0.31623, 0.90732][0.84486, 0.93178, 0][-0.046004, -1.2213, -0.884141][0.09572, -0.00090, 0.99541][0.84620, 0.93116, 0][-0.065015, -1.21429, -0.869406][0.51858, 0.81531, 0.25756][0.84228, 0.93492, 0][-0.050112, -1.21028, -0.878227][0.32405, 0.77821, 0.53794][0.84466, 0.93475, 0][-0.062284, -1.21614, -0.877149][0.46265, 0.67073, 0.57972][0.84347, 0.93311, 0][-0.065015, -1.21429, -0.869406][0.51858, 0.81531, 0.25756][0.84228, 0.93492, 0][-0.052354, -1.20824, -0.870692][0.35368, 0.90213, 0.24711][0.84359, 0.93666, 0][-0.050112, -1.21028, -0.878227][0.32405, 0.77821, 0.53794][0.84466, 0.93475, 0][-0.062284, -1.21614, -0.877149][0.46265, 0.67073, 0.57972][0.84347, 0.93311, 0][-0.044395, -1.21343, -0.883404][0.20707, 0.41977, 0.88369][0.84591, 0.93323, 0][-0.055326, -1.2187, -0.882537][0.27707, 0.31623, 0.90732][0.84486, 0.93178, 0][-0.062284, -1.21614, -0.877149][0.46265, 0.67073, 0.57972][0.84347, 0.93311, 0][-0.050112, -1.21028, -0.878227][0.32405, 0.77821, 0.53794][0.84466, 0.93475, 0][-0.044395, -1.21343, -0.883404][0.20707, 0.41977, 0.88369][0.84591, 0.93323, 0][-0.055326, -1.2187, -0.882537][0.27707, 0.31623, 0.90732][0.84486, 0.93178, 0][-0.036739, -1.21683, -0.884846][0.07530, 0.04789, 0.99601][0.84711, 0.93238, 0][-0.046004, -1.2213, -0.884141][0.09572, -0.00090, 0.99541][0.84620, 0.93116, 0][-0.055326, -1.2187, -0.882537][0.27707, 0.31623, 0.90732][0.84486, 0.93178, 0][-0.044395, -1.21343, -0.883404][0.20707, 0.41977, 0.88369][0.84591, 0.93323, 0][-0.036739, -1.21683, -0.884846][0.07530, 0.04789, 0.99601][0.84711, 0.93238, 0][-0.052354, -1.20824, -0.870692][0.35368, 0.90213, 0.24711][0.84359, 0.93666, 0][-0.037383, -1.20679, -0.878853][0.14093, 0.85655, 0.49645][0.84604, 0.93595, 0][-0.050112, -1.21028, -0.878227][0.32405, 0.77821, 0.53794][0.84466, 0.93475, 0][-0.052354, -1.20824, -0.870692][0.35368, 0.90213, 0.24711][0.84359, 0.93666, 0][-0.03858, -1.20449, -0.871482][0.15187, 0.95979, 0.23609][0.84515, 0.93800, 0][-0.037383, -1.20679, -0.878853][0.14093, 0.85655, 0.49645][0.84604, 0.93595, 0][-0.050112, -1.21028, -0.878227][0.32405, 0.77821, 0.53794][0.84466, 0.93475, 0][-0.034425, -1.21068, -0.883837][0.09368, 0.51060, 0.85470][0.84698, 0.93414, 0][-0.044395, -1.21343, -0.883404][0.20707, 0.41977, 0.88369][0.84591, 0.93323, 0][-0.050112, -1.21028, -0.878227][0.32405, 0.77821, 0.53794][0.84466, 0.93475, 0][-0.037383, -1.20679, -0.878853][0.14093, 0.85655, 0.49645][0.84604, 0.93595, 0][-0.034425, -1.21068, -0.883837][0.09368, 0.51060, 0.85470][0.84698, 0.93414, 0][-0.044395, -1.21343, -0.883404][0.20707, 0.41977, 0.88369][0.84591, 0.93323, 0][-0.030502, -1.21511, -0.885102][0.03453, 0.09773, 0.99461][0.84779, 0.93294, 0][-0.036739, -1.21683, -0.884846][0.07530, 0.04789, 0.99601][0.84711, 0.93238, 0][-0.044395, -1.21343, -0.883404][0.20707, 0.41977, 0.88369][0.84591, 0.93323, 0][-0.034425, -1.21068, -0.883837][0.09368, 0.51060, 0.85470][0.84698, 0.93414, 0][-0.030502, -1.21511, -0.885102][0.03453, 0.09773, 0.99461][0.84779, 0.93294, 0][-0.03858, -1.20449, -0.871482][0.15187, 0.95979, 0.23609][0.84515, 0.93800, 0][0.002454, -1.20542, -0.878962][0.00026, 0.88119, 0.47277][0.85110, 0.93775, 0][-0.037383, -1.20679, -0.878853][0.14093, 0.85655, 0.49645][0.84604, 0.93595, 0][-0.03858, -1.20449, -0.871482][0.15187, 0.95979, 0.23609][0.84515, 0.93800, 0][0.00242, -1.20308, -0.871632][0.00043, 0.97349, 0.22872][0.85040, 0.94002, 0][0.002454, -1.20542, -0.878962][0.00026, 0.88119, 0.47277][0.85110, 0.93775, 0][-0.037383, -1.20679, -0.878853][0.14093, 0.85655, 0.49645][0.84604, 0.93595, 0][0.002484, -1.20941, -0.88392][0.00010, 0.54888, 0.83590][0.85164, 0.93560, 0][-0.034425, -1.21068, -0.883837][0.09368, 0.51060, 0.85470][0.84698, 0.93414, 0][-0.037383, -1.20679, -0.878853][0.14093, 0.85655, 0.49645][0.84604, 0.93595, 0][0.002454, -1.20542, -0.878962][0.00026, 0.88119, 0.47277][0.85110, 0.93775, 0][0.002484, -1.20941, -0.88392][0.00010, 0.54888, 0.83590][0.85164, 0.93560, 0][-0.034425, -1.21068, -0.883837][0.09368, 0.51060, 0.85470][0.84698, 0.93414, 0][0.002504, -1.21398, -0.885178][-0.00007, 0.04715, 0.99889][0.85195, 0.93412, 0][-0.030502, -1.21511, -0.885102][0.03453, 0.09773, 0.99461][0.84779, 0.93294, 0][-0.034425, -1.21068, -0.883837][0.09368, 0.51060, 0.85470][0.84698, 0.93414, 0][0.002484, -1.20941, -0.88392][0.00010, 0.54888, 0.83590][0.85164, 0.93560, 0][0.002504, -1.21398, -0.885178][-0.00007, 0.04715, 0.99889][0.85195, 0.93412, 0][0.0026, -1.32994, -0.825789][-0.00022, -0.99035, 0.13858][0.84568, 0.90312, 0][-0.037652, -1.33243, -0.849005][0.14621, -0.98681, -0.06955][0.84706, 0.90984, 0][0.002696, -1.33355, -0.84872][-0.00017, -0.99675, -0.08053][0.85089, 0.90760, 0][0.0026, -1.32994, -0.825789][-0.00022, -0.99035, 0.13858][0.84568, 0.90312, 0][-0.038095, -1.32884, -0.826164][0.13553, -0.97844, 0.15586][0.84224, 0.90813, 0][-0.037652, -1.33243, -0.849005][0.14621, -0.98681, -0.06955][0.84706, 0.90984, 0][-0.425665, -0.673324, 0.098236][0.33681, 0.72091, 0.60568][0.44714, 0.84564, 0][-0.434724, -0.639811, 0.141755][0.34191, 0.70480, 0.62157][0.45130, 0.85884, 0][-0.3725, -0.664069, 0.087082][0.08554, 0.90616, 0.41419][0.43216, 0.84755, 0][0.444668, 0.162207, 0.25784][-0.51754, -0.25489, 0.81682][0.54851, 0.54758, 0][0.378251, 0.189137, 0.205817][-0.48269, -0.30568, 0.82071][0.57435, 0.55621, 0][0.45648, 0.420255, 0.170875][-0.55947, -0.25737, 0.78788][0.55913, 0.63297, 0][-0.565334, -0.615702, 0.245542][0.40227, 0.52938, 0.74695][0.52930, 0.77684, 0][-0.581019, -0.527431, 0.305597][0.19346, 0.52815, 0.82682][0.53402, 0.75939, 0][-0.519351, -0.606719, 0.228931][0.37659, 0.61794, 0.69017][0.52149, 0.77725, 0][-0.505524, 0.160876, 0.268161][0.52510, -0.23668, 0.81746][0.57292, 0.63555, 0][-0.403109, 0.422186, 0.111037][0.49621, -0.24319, 0.83345][0.55727, 0.53469, 0][-0.430027, 0.188797, 0.209949][0.47545, -0.29623, 0.82837][0.59723, 0.62209, 0][-0.505524, 0.160876, 0.268161][0.52510, -0.23668, 0.81746][0.57292, 0.63555, 0][-0.544626, 0.16045, 0.293402][0.57861, -0.19385, 0.79223][0.55727, 0.63734, 0][-0.403109, 0.422186, 0.111037][0.49621, -0.24319, 0.83345][0.55727, 0.53469, 0][0.238768, 0.420117, 0.048451][-0.31378, -0.27587, 0.90854][0.37718, 0.65310, 0][0.115485, 0.229903, 0.079344][-0.18398, -0.32598, 0.92730][0.39326, 0.67616, 0][0.113283, 0.420636, 0.009775][-0.16874, -0.26256, 0.95005][0.39798, 0.65626, 0][0.238768, 0.420117, 0.048451][-0.31378, -0.27587, 0.90854][0.37718, 0.65310, 0][0.250458, 0.222091, 0.128862][-0.34440, -0.32517, 0.88071][0.36966, 0.67303, 0][0.115485, 0.229903, 0.079344][-0.18398, -0.32598, 0.92730][0.39326, 0.67616, 0][0.113283, 0.420636, 0.009775][-0.16874, -0.26256, 0.95005][0.39798, 0.65626, 0][-0.026227, 0.229582, 0.061975][0.00861, -0.33162, 0.94337][0.41579, 0.67816, 0][-0.025299, 0.420971, -0.003441][0.00333, -0.25700, 0.96640][0.41982, 0.65770, 0][0.113283, 0.420636, 0.009775][-0.16874, -0.26256, 0.95005][0.39798, 0.65626, 0][0.115485, 0.229903, 0.079344][-0.18398, -0.32598, 0.92730][0.39326, 0.67616, 0][-0.026227, 0.229582, 0.061975][0.00861, -0.33162, 0.94337][0.41579, 0.67816, 0][-0.163605, 0.420856, 0.01231][0.18859, -0.26001, 0.94701][0.44359, 0.65641, 0][-0.302303, 0.22078, 0.133326][0.36295, -0.32481, 0.87337][0.47155, 0.67353, 0][-0.288366, 0.42061, 0.05316][0.34986, -0.25167, 0.90237][0.46468, 0.65327, 0][-0.163605, 0.420856, 0.01231][0.18859, -0.26001, 0.94701][0.44359, 0.65641, 0][-0.167716, 0.229581, 0.081804][0.20013, -0.33953, 0.91906][0.44758, 0.67648, 0][-0.302303, 0.22078, 0.133326][0.36295, -0.32481, 0.87337][0.47155, 0.67353, 0][0.639813, -0.334681, 0.42765][-0.61923, 0.21134, 0.75623][0.28517, 0.72187, 0][0.512078, -0.501793, 0.309383][-0.53179, 0.41791, 0.73658][0.31005, 0.75453, 0][0.541066, -0.320662, 0.368864][-0.53276, 0.27401, 0.80068][0.30348, 0.72539, 0][0.639813, -0.334681, 0.42765][-0.61923, 0.21134, 0.75623][0.28517, 0.72187, 0][0.461121, -0.599635, 0.222742][-0.42817, 0.61191, 0.66501][0.32252, 0.77569, 0][0.512078, -0.501793, 0.309383][-0.53179, 0.41791, 0.73658][0.31005, 0.75453, 0][0.639813, -0.334681, 0.42765][-0.61923, 0.21134, 0.75623][0.28517, 0.72187, 0][0.52389, -0.61126, 0.246143][-0.48287, 0.57580, 0.65977][0.31181, 0.77507, 0][0.461121, -0.599635, 0.222742][-0.42817, 0.61191, 0.66501][0.32252, 0.77569, 0][0.639813, -0.334681, 0.42765][-0.61923, 0.21134, 0.75623][0.28517, 0.72187, 0][0.621589, -0.638772, 0.30107][-0.62740, 0.44836, 0.63666][0.29377, 0.77341, 0][0.52389, -0.61126, 0.246143][-0.48287, 0.57580, 0.65977][0.31181, 0.77507, 0][0.639813, -0.334681, 0.42765][-0.61923, 0.21134, 0.75623][0.28517, 0.72187, 0][0.63688, -0.520969, 0.378948][-0.64771, 0.30473, 0.69829][0.28730, 0.75056, 0][0.621589, -0.638772, 0.30107][-0.62740, 0.44836, 0.63666][0.29377, 0.77341, 0][0.132252, -0.750985, -0.111167][-0.10760, 0.86472, 0.49060][0.38802, 0.82871, 0][0.26216, -0.673347, 0.037536][-0.13021, 0.89287, 0.43107][0.36190, 0.80361, 0][0.249812, -0.764646, -0.095648][-0.23583, 0.83607, 0.49534][0.36928, 0.82937, 0][0.132252, -0.750985, -0.111167][-0.10760, 0.86472, 0.49060][0.38802, 0.82871, 0][0.128959, -0.68034, -0.007356][-0.03698, 0.94490, 0.32528][0.38418, 0.80862, 0][0.26216, -0.673347, 0.037536][-0.13021, 0.89287, 0.43107][0.36190, 0.80361, 0][-0.025299, 0.420971, -0.003441][0.00333, -0.25700, 0.96640][0.42156, 0.65784, 0][-0.167716, 0.229581, 0.081804][0.20013, -0.33953, 0.91906][0.44758, 0.67648, 0][-0.163605, 0.420856, 0.01231][0.18859, -0.26001, 0.94701][0.44359, 0.65641, 0][-0.025299, 0.420971, -0.003441][0.00333, -0.25700, 0.96640][0.42156, 0.65784, 0][-0.026227, 0.229582, 0.061975][0.00861, -0.33162, 0.94337][0.42481, 0.67840, 0][-0.167716, 0.229581, 0.081804][0.20013, -0.33953, 0.91906][0.44758, 0.67648, 0][-0.010387, -0.746607, -0.116019][0.00150, 0.87284, 0.48800][0.41042, 0.82782, 0][0.128959, -0.68034, -0.007356][-0.03698, 0.94490, 0.32528][0.38418, 0.80862, 0][0.132252, -0.750985, -0.111167][-0.10760, 0.86472, 0.49060][0.38802, 0.82871, 0][-0.010387, -0.746607, -0.116019][0.00150, 0.87284, 0.48800][0.41042, 0.82782, 0][-0.013789, -0.687176, -0.028584][0.01061, 0.94644, 0.32269][0.40721, 0.81094, 0][0.128959, -0.68034, -0.007356][-0.03698, 0.94490, 0.32528][0.38418, 0.80862, 0][0.354696, 0.420038, 0.104168][-0.44596, -0.27404, 0.85207][0.35623, 0.64875, 0][0.250458, 0.222091, 0.128862][-0.34440, -0.32517, 0.88071][0.36966, 0.67303, 0][0.238768, 0.420117, 0.048451][-0.31378, -0.27587, 0.90854][0.37718, 0.65310, 0][0.354696, 0.420038, 0.104168][-0.44596, -0.27404, 0.85207][0.35623, 0.64875, 0][0.378251, 0.189137, 0.205817][-0.48269, -0.30568, 0.82071][0.34443, 0.67121, 0][0.250458, 0.222091, 0.128862][-0.34440, -0.32517, 0.88071][0.36966, 0.67303, 0][-0.270544, -0.765545, -0.095826][0.23827, 0.83715, 0.49235][0.47163, 0.82947, 0][-0.157369, -0.68624, -0.015179][0.03607, 0.94556, 0.32344][0.45654, 0.81034, 0][-0.153012, -0.751396, -0.111025][0.10993, 0.86621, 0.48743][0.45285, 0.82889, 0][-0.270544, -0.765545, -0.095826][0.23827, 0.83715, 0.49235][0.47163, 0.82947, 0][-0.29342, -0.672212, 0.040809][0.12393, 0.91311, 0.38842][0.47932, 0.80304, 0][-0.157369, -0.68624, -0.015179][0.03607, 0.94556, 0.32344][0.45654, 0.81034, 0][0.358061, -0.787465, -0.070676][-0.35117, 0.77757, 0.52159][0.35154, 0.83004, 0][0.392544, -0.671387, 0.097746][-0.34695, 0.72424, 0.59590][0.33949, 0.79759, 0][0.452998, -0.818646, -0.035788][-0.49896, 0.67816, 0.53957][0.33509, 0.83060, 0][-0.153012, -0.751396, -0.111025][0.10993, 0.86621, 0.48743][0.45285, 0.82889, 0][-0.013789, -0.687176, -0.028584][0.01061, 0.94644, 0.32269][0.43374, 0.81129, 0][-0.010387, -0.746607, -0.116019][0.00150, 0.87284, 0.48800][0.43041, 0.82818, 0][-0.153012, -0.751396, -0.111025][0.10993, 0.86621, 0.48743][0.45285, 0.82889, 0][-0.157369, -0.68624, -0.015179][0.03607, 0.94556, 0.32344][0.45654, 0.81034, 0][-0.013789, -0.687176, -0.028584][0.01061, 0.94644, 0.32269][0.43374, 0.81129, 0][-0.288366, 0.42061, 0.05316][0.34986, -0.25167, 0.90237][0.46468, 0.65327, 0][-0.430027, 0.188797, 0.209949][0.47545, -0.29623, 0.82837][0.49690, 0.67177, 0][-0.403109, 0.422186, 0.111037][0.49621, -0.24319, 0.83345][0.48598, 0.64871, 0][-0.288366, 0.42061, 0.05316][0.34986, -0.25167, 0.90237][0.46468, 0.65327, 0][-0.302303, 0.22078, 0.133326][0.36295, -0.32481, 0.87337][0.47155, 0.67353, 0][-0.430027, 0.188797, 0.209949][0.47545, -0.29623, 0.82837][0.49690, 0.67177, 0][0.392544, -0.671387, 0.097746][-0.34695, 0.72424, 0.59590][0.33949, 0.79759, 0][0.504047, -0.700528, 0.134255][-0.44056, 0.65997, 0.60857][0.32095, 0.79791, 0][0.452998, -0.818646, -0.035788][-0.49896, 0.67816, 0.53957][0.33509, 0.83060, 0][-0.544626, 0.16045, 0.293402][0.57861, -0.19385, 0.79223][0.52125, 0.66896, 0][-0.505524, 0.160876, 0.268161][0.52510, -0.23668, 0.81746][0.51326, 0.67093, 0][-0.553052, 0.096302, 0.309897][0.57429, -0.10774, 0.81153][0.52342, 0.67612, 0][0.492761, 0.161087, 0.288602][-0.57394, -0.21506, 0.79015][0.32038, 0.66825, 0][0.50567, 0.050684, 0.319689][-0.56510, -0.16173, 0.80902][0.31599, 0.68034, 0][0.444668, 0.162207, 0.25784][-0.51754, -0.25489, 0.81682][0.33006, 0.67063, 0][0.250458, 0.230452, 0.268222][0.02632, -0.96600, 0.25718][0.43550, 0.12185, 0][0.378251, 0.189137, 0.205817][0.34744, -0.93602, -0.05616][0.43690, 0.05001, 0][0.378251, 0.197498, 0.345177][0.12945, -0.95461, 0.26826][0.41909, 0.11199, 0][0.250458, 0.230452, 0.268222][0.02632, -0.96600, 0.25718][0.43550, 0.12185, 0][0.250458, 0.222091, 0.128862][0.18151, -0.98162, -0.05889][0.46464, 0.06484, 0][0.378251, 0.189137, 0.205817][0.34744, -0.93602, -0.05616][0.43690, 0.05001, 0][0.553317, -0.206962, 0.531143][0.99989, 0.01464, 0.00088][0.35163, 0.07775, 0][0.541066, -0.320662, 0.368864][0.99024, 0.13910, 0.00835][0.29082, 0.03557, 0][0.541066, -0.3123, 0.508224][0.99024, 0.13910, 0.00835][0.32087, 0.07228, 0][0.553317, -0.206962, 0.531143][0.99989, 0.01464, 0.00088][0.35163, 0.07775, 0][0.553317, -0.215323, 0.391783][0.99989, 0.01464, 0.00088][0.32493, 0.03023, 0][0.541066, -0.320662, 0.368864][0.99024, 0.13910, 0.00835][0.29082, 0.03557, 0][-0.590389, -0.501827, 0.456688][-0.94937, 0.31361, 0.01882][0.26098, 0.37849, 0][-0.612171, -0.330017, 0.377199][-0.99878, 0.04937, 0.00296][0.28629, 0.42063, 0][-0.612171, -0.321656, 0.516559][-0.99878, 0.04937, 0.00296][0.31643, 0.38642, 0][-0.590389, -0.501827, 0.456688][-0.94937, 0.31361, 0.01882][0.26098, 0.37849, 0][-0.590389, -0.510188, 0.317327][-0.94937, 0.31361, 0.01882][0.22995, 0.40027, 0][-0.612171, -0.330017, 0.377199][-0.99878, 0.04937, 0.00296][0.28629, 0.42063, 0][-0.59098, -0.037819, 0.498076][-0.98387, -0.17855, -0.01071][0.38249, 0.37800, 0][-0.553052, 0.096302, 0.309897][-0.90626, -0.42195, -0.02532][0.40387, 0.42822, 0][-0.553052, 0.104664, 0.449257][-0.90626, -0.42195, -0.02532][0.40216, 0.36248, 0][-0.59098, -0.037819, 0.498076][-0.98387, -0.17855, -0.01071][0.38249, 0.37800, 0][-0.59098, -0.046181, 0.358716][-0.98387, -0.17855, -0.01071][0.36540, 0.44237, 0][-0.553052, 0.096302, 0.309897][-0.90626, -0.42195, -0.02532][0.40387, 0.42822, 0][-0.157369, -0.677878, 0.124181][0.02394, 0.95250, 0.30360][0.14173, 0.27752, 0][-0.29342, -0.672212, 0.040809][0.12393, 0.91311, 0.38842][0.12462, 0.32094, 0][-0.29342, -0.66385, 0.180169][0.04762, 0.95458, 0.29413][0.15958, 0.31394, 0][-0.157369, -0.677878, 0.124181][0.02394, 0.95250, 0.30360][0.14173, 0.27752, 0][-0.157369, -0.68624, -0.015179][0.03607, 0.94556, 0.32344][0.10671, 0.28401, 0][-0.29342, -0.672212, 0.040809][0.12393, 0.91311, 0.38842][0.12462, 0.32094, 0][-0.505524, 0.169238, 0.407521][-0.62379, -0.78019, -0.04681][0.40911, 0.35670, 0][-0.430027, 0.188797, 0.209949][-0.32978, -0.94236, -0.05654][0.43494, 0.41853, 0][-0.430027, 0.197158, 0.349309][-0.11252, -0.95690, 0.26772][0.41722, 0.35573, 0][-0.505524, 0.169238, 0.407521][-0.62379, -0.78019, -0.04681][0.40911, 0.35670, 0][-0.505524, 0.160876, 0.268161][-0.62379, -0.78019, -0.04681][0.41846, 0.41515, 0][-0.430027, 0.188797, 0.209949][-0.32978, -0.94236, -0.05654][0.43494, 0.41853, 0][0.398527, -0.627219, 0.282797][0.10048, 0.94886, 0.29927][0.19676, 0.08997, 0][0.315114, -0.658661, 0.081423][0.22363, 0.97292, 0.05837][0.14169, 0.09643, 0][0.315114, -0.6503, 0.220784][0.03433, 0.95543, 0.29321][0.17594, 0.10764, 0][0.398527, -0.627219, 0.282797][0.10048, 0.94886, 0.29927][0.19676, 0.08997, 0][0.398527, -0.635581, 0.143436][0.33782, 0.93952, 0.05637][0.16274, 0.07767, 0][0.315114, -0.658661, 0.081423][0.22363, 0.97292, 0.05837][0.14169, 0.09643, 0][0.461121, -0.591273, 0.362102][0.38403, 0.84550, 0.37100][0.22296, 0.08079, 0][0.398527, -0.635581, 0.143436][0.33782, 0.93952, 0.05637][0.16274, 0.07767, 0][0.398527, -0.627219, 0.282797][0.10048, 0.94886, 0.29927][0.19676, 0.08997, 0][0.461121, -0.591273, 0.362102][0.38403, 0.84550, 0.37100][0.22296, 0.08079, 0][0.461121, -0.599635, 0.222742][0.69207, 0.72054, 0.04323][0.19044, 0.06571, 0][0.398527, -0.635581, 0.143436][0.33782, 0.93952, 0.05637][0.16274, 0.07767, 0][-0.013789, -0.678814, 0.110776][0.01130, 0.95200, 0.30589][0.13676, 0.23647, 0][-0.157369, -0.68624, -0.015179][0.03607, 0.94556, 0.32344][0.10671, 0.28401, 0][-0.157369, -0.677878, 0.124181][0.02394, 0.95250, 0.30360][0.14173, 0.27752, 0][-0.013789, -0.678814, 0.110776][0.01130, 0.95200, 0.30589][0.13676, 0.23647, 0][-0.013789, -0.687176, -0.028584][0.01061, 0.94644, 0.32269][0.10170, 0.24275, 0][-0.157369, -0.68624, -0.015179][0.03607, 0.94556, 0.32344][0.10671, 0.28401, 0][-0.434724, -0.631449, 0.281115][-0.08351, 0.94977, 0.30162][0.19176, 0.34898, 0][-0.519351, -0.606719, 0.228931][-0.56350, 0.82464, 0.04948][0.18623, 0.37741, 0][-0.519351, -0.598357, 0.368291][-0.28165, 0.89050, 0.35732][0.21985, 0.36684, 0][-0.434724, -0.631449, 0.281115][-0.08351, 0.94977, 0.30162][0.19176, 0.34898, 0][-0.434724, -0.639811, 0.141755][-0.31558, 0.94720, 0.05683][0.15738, 0.35757, 0][-0.519351, -0.606719, 0.228931][-0.56350, 0.82464, 0.04948][0.18623, 0.37741, 0][-0.581019, -0.519069, 0.444957][-0.82327, 0.56663, 0.03400][0.25462, 0.37647, 0][-0.590389, -0.510188, 0.317327][-0.94937, 0.31361, 0.01882][0.22995, 0.40027, 0][-0.590389, -0.501827, 0.456688][-0.94937, 0.31361, 0.01882][0.26098, 0.37849, 0][-0.581019, -0.519069, 0.444957][-0.82327, 0.56663, 0.03400][0.25462, 0.37647, 0][-0.581019, -0.527431, 0.305597][-0.82327, 0.56663, 0.03400][0.22310, 0.39821, 0][-0.590389, -0.510188, 0.317327][-0.94937, 0.31361, 0.01882][0.22995, 0.40027, 0][-0.430027, 0.197158, 0.349309][-0.11252, -0.95690, 0.26772][0.41722, 0.35573, 0][-0.302303, 0.22078, 0.133326][-0.18220, -0.98150, -0.05889][0.46297, 0.40519, 0][-0.302303, 0.229142, 0.272686][-0.02345, -0.96536, 0.25987][0.43409, 0.34646, 0][-0.430027, 0.197158, 0.349309][-0.11252, -0.95690, 0.26772][0.41722, 0.35573, 0][-0.430027, 0.188797, 0.209949][-0.32978, -0.94236, -0.05654][0.43494, 0.41853, 0][-0.302303, 0.22078, 0.133326][-0.18220, -0.98150, -0.05889][0.46297, 0.40519, 0][0.115485, 0.238265, 0.218705][-0.03495, -0.96633, 0.25492][0.45452, 0.14465, 0][0.250458, 0.222091, 0.128862][0.18151, -0.98162, -0.05889][0.46464, 0.06484, 0][0.250458, 0.230452, 0.268222][0.02632, -0.96600, 0.25718][0.43550, 0.12185, 0][0.115485, 0.238265, 0.218705][-0.03495, -0.96633, 0.25492][0.45452, 0.14465, 0][0.115485, 0.229903, 0.079344][0.04232, -0.99731, -0.05984][0.48963, 0.08910, 0][0.250458, 0.222091, 0.128862][0.18151, -0.98162, -0.05889][0.46464, 0.06484, 0][0.315114, -0.6503, 0.220784][0.03433, 0.95543, 0.29321][0.17594, 0.10764, 0][0.26216, -0.673347, 0.037536][-0.13021, 0.89287, 0.43107][0.12724, 0.10808, 0][0.26216, -0.664985, 0.176896][-0.01232, 0.95612, 0.29272][0.16167, 0.11897, 0][0.315114, -0.6503, 0.220784][0.03433, 0.95543, 0.29321][0.17594, 0.10764, 0][0.315114, -0.658661, 0.081423][0.22363, 0.97292, 0.05837][0.14169, 0.09643, 0][0.26216, -0.673347, 0.037536][-0.13021, 0.89287, 0.43107][0.12724, 0.10808, 0][-0.026227, 0.237944, 0.201335][0.00127, -0.96558, 0.26012][0.47104, 0.18293, 0][0.115485, 0.229903, 0.079344][0.04232, -0.99731, -0.05984][0.48963, 0.08910, 0][0.115485, 0.238265, 0.218705][-0.03495, -0.96633, 0.25492][0.45452, 0.14465, 0][-0.026227, 0.237944, 0.201335][0.00127, -0.96558, 0.26012][0.47104, 0.18293, 0][-0.026227, 0.229582, 0.061975][-0.00166, -0.99820, -0.05989][0.50843, 0.12635, 0][0.115485, 0.229903, 0.079344][0.04232, -0.99731, -0.05984][0.48963, 0.08910, 0][-0.553052, 0.104664, 0.449257][-0.90626, -0.42195, -0.02532][0.40216, 0.36248, 0][-0.505524, 0.160876, 0.268161][-0.62379, -0.78019, -0.04681][0.41846, 0.41515, 0][-0.505524, 0.169238, 0.407521][-0.62379, -0.78019, -0.04681][0.40911, 0.35670, 0][-0.553052, 0.104664, 0.449257][-0.90626, -0.42195, -0.02532][0.40216, 0.36248, 0][-0.553052, 0.096302, 0.309897][-0.90626, -0.42195, -0.02532][0.40387, 0.42822, 0][-0.505524, 0.160876, 0.268161][-0.62379, -0.78019, -0.04681][0.41846, 0.41515, 0][-0.302303, 0.229142, 0.272686][-0.02345, -0.96536, 0.25987][0.43409, 0.34646, 0][-0.167716, 0.229581, 0.081804][-0.04817, -0.99705, -0.05983][0.48859, 0.38263, 0][-0.167716, 0.237943, 0.221164][0.03530, -0.96566, 0.25740][0.45390, 0.32487, 0][-0.302303, 0.229142, 0.272686][-0.02345, -0.96536, 0.25987][0.43409, 0.34646, 0][-0.302303, 0.22078, 0.133326][-0.18220, -0.98150, -0.05889][0.46297, 0.40519, 0][-0.167716, 0.229581, 0.081804][-0.04817, -0.99705, -0.05983][0.48859, 0.38263, 0][-0.3725, -0.655707, 0.226442][-0.01326, 0.95422, 0.29882][0.17302, 0.33435, 0][-0.434724, -0.639811, 0.141755][-0.31558, 0.94720, 0.05683][0.15738, 0.35757, 0][-0.434724, -0.631449, 0.281115][-0.08351, 0.94977, 0.30162][0.19176, 0.34898, 0][-0.3725, -0.655707, 0.226442][-0.01326, 0.95422, 0.29882][0.17302, 0.33435, 0][-0.3725, -0.664069, 0.087082][0.08554, 0.90616, 0.41419][0.13833, 0.34155, 0][-0.434724, -0.639811, 0.141755][-0.31558, 0.94720, 0.05683][0.15738, 0.35757, 0][0.444668, 0.170569, 0.3972][0.68435, -0.72785, -0.04367][0.41177, 0.11045, 0][0.50567, 0.050684, 0.319689][0.91683, -0.39855, -0.02391][0.39562, 0.02939, 0][0.50567, 0.059045, 0.45905][0.91683, -0.39855, -0.02391][0.39937, 0.09887, 0][0.444668, 0.170569, 0.3972][0.68435, -0.72785, -0.04367][0.41177, 0.11045, 0][0.444668, 0.162207, 0.25784][0.68435, -0.72785, -0.04367][0.42264, 0.05164, 0][0.50567, 0.050684, 0.319689][0.91683, -0.39855, -0.02391][0.39562, 0.02939, 0][0.26216, -0.664985, 0.176896][-0.01232, 0.95612, 0.29272][0.16167, 0.11897, 0][0.128959, -0.68034, -0.007356][-0.03698, 0.94490, 0.32528][0.11269, 0.14294, 0][0.128959, -0.671979, 0.132004][-0.02465, 0.95347, 0.30048][0.14735, 0.15346, 0][0.26216, -0.664985, 0.176896][-0.01232, 0.95612, 0.29272][0.16167, 0.11897, 0][0.26216, -0.673347, 0.037536][-0.13021, 0.89287, 0.43107][0.12724, 0.10808, 0][0.128959, -0.68034, -0.007356][-0.03698, 0.94490, 0.32528][0.11269, 0.14294, 0][0.50567, 0.059045, 0.45905][0.91683, -0.39855, -0.02391][0.39937, 0.09887, 0][0.537603, -0.039224, 0.358622][0.97782, -0.20906, -0.01254][0.37288, 0.02225, 0][0.537603, -0.030862, 0.497982][0.97782, -0.20906, -0.01254][0.38628, 0.09013, 0][0.50567, 0.059045, 0.45905][0.91683, -0.39855, -0.02391][0.39937, 0.09887, 0][0.50567, 0.050684, 0.319689][0.91683, -0.39855, -0.02391][0.39562, 0.02939, 0][0.537603, -0.039224, 0.358622][0.97782, -0.20906, -0.01254][0.37288, 0.02225, 0][0.512078, -0.493432, 0.448744][0.94511, 0.32617, 0.01957][0.26407, 0.07630, 0][0.461121, -0.599635, 0.222742][0.69207, 0.72054, 0.04323][0.19044, 0.06571, 0][0.461121, -0.591273, 0.362102][0.38403, 0.84550, 0.37100][0.22296, 0.08079, 0][0.512078, -0.493432, 0.448744][0.94511, 0.32617, 0.01957][0.26407, 0.07630, 0][0.512078, -0.501793, 0.309383][0.94511, 0.32617, 0.01957][0.23333, 0.05016, 0][0.461121, -0.599635, 0.222742][0.69207, 0.72054, 0.04323][0.19044, 0.06571, 0][-0.609629, -0.214716, 0.530561][-0.99795, -0.06388, -0.00383][0.34589, 0.38514, 0][-0.59098, -0.046181, 0.358716][-0.98387, -0.17855, -0.01071][0.36540, 0.44237, 0][-0.59098, -0.037819, 0.498076][-0.98387, -0.17855, -0.01071][0.38249, 0.37800, 0][-0.609629, -0.214716, 0.530561][-0.99795, -0.06388, -0.00383][0.34589, 0.38514, 0][-0.609629, -0.223077, 0.391201][-0.99795, -0.06388, -0.00383][0.31851, 0.43040, 0][-0.59098, -0.046181, 0.358716][-0.98387, -0.17855, -0.01071][0.36540, 0.44237, 0][0.378251, 0.197498, 0.345177][0.12945, -0.95461, 0.26826][0.41909, 0.11199, 0][0.444668, 0.162207, 0.25784][0.68435, -0.72785, -0.04367][0.42264, 0.05164, 0][0.444668, 0.170569, 0.3972][0.68435, -0.72785, -0.04367][0.41177, 0.11045, 0][0.378251, 0.197498, 0.345177][0.12945, -0.95461, 0.26826][0.41909, 0.11199, 0][0.378251, 0.189137, 0.205817][0.34744, -0.93602, -0.05616][0.43690, 0.05001, 0][0.444668, 0.162207, 0.25784][0.68435, -0.72785, -0.04367][0.42264, 0.05164, 0][0.541066, -0.3123, 0.508224][0.99024, 0.13910, 0.00835][0.32087, 0.07228, 0][0.512078, -0.501793, 0.309383][0.94511, 0.32617, 0.01957][0.23333, 0.05016, 0][0.512078, -0.493432, 0.448744][0.94511, 0.32617, 0.01957][0.26407, 0.07630, 0][0.541066, -0.3123, 0.508224][0.99024, 0.13910, 0.00835][0.32087, 0.07228, 0][0.541066, -0.320662, 0.368864][0.99024, 0.13910, 0.00835][0.29082, 0.03557, 0][0.512078, -0.501793, 0.309383][0.94511, 0.32617, 0.01957][0.23333, 0.05016, 0][0.537603, -0.030862, 0.497982][0.97782, -0.20906, -0.01254][0.38628, 0.09013, 0][0.553317, -0.215323, 0.391783][0.99989, 0.01464, 0.00088][0.32493, 0.03023, 0][0.553317, -0.206962, 0.531143][0.99989, 0.01464, 0.00088][0.35163, 0.07775, 0][0.537603, -0.030862, 0.497982][0.97782, -0.20906, -0.01254][0.38628, 0.09013, 0][0.537603, -0.039224, 0.358622][0.97782, -0.20906, -0.01254][0.37288, 0.02225, 0][0.553317, -0.215323, 0.391783][0.99989, 0.01464, 0.00088][0.32493, 0.03023, 0][-0.612171, -0.321656, 0.516559][-0.99878, 0.04937, 0.00296][0.31643, 0.38642, 0][-0.609629, -0.223077, 0.391201][-0.99795, -0.06388, -0.00383][0.31851, 0.43040, 0][-0.609629, -0.214716, 0.530561][-0.99795, -0.06388, -0.00383][0.34589, 0.38514, 0][-0.612171, -0.321656, 0.516559][-0.99878, 0.04937, 0.00296][0.31643, 0.38642, 0][-0.612171, -0.330017, 0.377199][-0.99878, 0.04937, 0.00296][0.28629, 0.42063, 0][-0.609629, -0.223077, 0.391201][-0.99795, -0.06388, -0.00383][0.31851, 0.43040, 0][-0.167716, 0.237943, 0.221164][0.03530, -0.96566, 0.25740][0.45390, 0.32487, 0][-0.026227, 0.229582, 0.061975][-0.00166, -0.99820, -0.05989][0.50843, 0.34714, 0][-0.026227, 0.237944, 0.201335][0.00127, -0.96558, 0.26012][0.47151, 0.28829, 0][-0.167716, 0.237943, 0.221164][0.03530, -0.96566, 0.25740][0.45390, 0.32487, 0][-0.167716, 0.229581, 0.081804][-0.04817, -0.99705, -0.05983][0.48859, 0.38263, 0][-0.026227, 0.229582, 0.061975][-0.00166, -0.99820, -0.05989][0.50843, 0.34714, 0][-0.29342, -0.66385, 0.180169][0.04762, 0.95458, 0.29413][0.15958, 0.31394, 0][-0.3725, -0.664069, 0.087082][0.08554, 0.90616, 0.41419][0.13833, 0.34155, 0][-0.3725, -0.655707, 0.226442][-0.01326, 0.95422, 0.29882][0.17302, 0.33435, 0][-0.29342, -0.66385, 0.180169][0.04762, 0.95458, 0.29413][0.15958, 0.31394, 0][-0.29342, -0.672212, 0.040809][0.12393, 0.91311, 0.38842][0.12462, 0.32094, 0][-0.3725, -0.664069, 0.087082][0.08554, 0.90616, 0.41419][0.13833, 0.34155, 0][0.128959, -0.671979, 0.132004][-0.02465, 0.95347, 0.30048][0.14735, 0.15346, 0][-0.013789, -0.687176, -0.028584][0.01061, 0.94644, 0.32269][0.10361, 0.18230, 0][-0.013789, -0.678814, 0.110776][0.01130, 0.95200, 0.30589][0.13834, 0.19259, 0][0.128959, -0.671979, 0.132004][-0.02465, 0.95347, 0.30048][0.14735, 0.15346, 0][0.128959, -0.68034, -0.007356][-0.03698, 0.94490, 0.32528][0.11269, 0.14294, 0][-0.013789, -0.687176, -0.028584][0.01061, 0.94644, 0.32269][0.10361, 0.18230, 0][-0.519351, -0.598357, 0.368291][-0.28165, 0.89050, 0.35732][0.21985, 0.36684, 0][-0.581019, -0.527431, 0.305597][-0.82327, 0.56663, 0.03400][0.22310, 0.39821, 0][-0.581019, -0.519069, 0.444957][-0.82327, 0.56663, 0.03400][0.25462, 0.37647, 0][-0.519351, -0.598357, 0.368291][-0.28165, 0.89050, 0.35732][0.21985, 0.36684, 0][-0.519351, -0.606719, 0.228931][-0.56350, 0.82464, 0.04948][0.18623, 0.37741, 0][-0.581019, -0.527431, 0.305597][-0.82327, 0.56663, 0.03400][0.22310, 0.39821, 0][0.406251, -0.438282, 0.528059][0.29317, 0.53536, 0.79211][0.29210, 0.11036, 0][0.461121, -0.591273, 0.362102][0.38403, 0.84550, 0.37100][0.22296, 0.08079, 0][0.364996, -0.517494, 0.457914][-0.00193, 0.78882, 0.61462][0.25857, 0.11568, 0][0.406251, -0.438282, 0.528059][0.29317, 0.53536, 0.79211][0.29210, 0.11036, 0][0.512078, -0.493432, 0.448744][0.30896, 0.53652, 0.78529][0.26407, 0.07630, 0][0.461121, -0.591273, 0.362102][0.38403, 0.84550, 0.37100][0.22296, 0.08079, 0][-0.501882, -0.212633, 0.594299][-0.48104, -0.05283, 0.87511][0.35582, 0.35037, 0][-0.59098, -0.037819, 0.498076][-0.46657, -0.30148, 0.83152][0.38249, 0.37800, 0][-0.486783, -0.069418, 0.567999][-0.43517, -0.30013, 0.84885][0.38232, 0.34803, 0][-0.501882, -0.212633, 0.594299][-0.48104, -0.05283, 0.87511][0.35582, 0.35037, 0][-0.609629, -0.214716, 0.530561][-0.50917, -0.05410, 0.85897][0.34589, 0.38514, 0][-0.59098, -0.037819, 0.498076][-0.46657, -0.30148, 0.83152][0.38249, 0.37800, 0][0.297905, 0.121095, 0.444212][-0.12572, -0.81217, 0.56972][0.41356, 0.13740, 0][0.444668, 0.170569, 0.3972][0.09624, -0.72597, 0.68096][0.41177, 0.11045, 0][0.351676, 0.099293, 0.48633][0.07009, -0.71323, 0.69742][0.40740, 0.13071, 0][0.297905, 0.121095, 0.444212][-0.12572, -0.81217, 0.56972][0.41356, 0.13740, 0][0.378251, 0.197498, 0.345177][0.12945, -0.95461, 0.26826][0.41909, 0.11199, 0][0.444668, 0.170569, 0.3972][0.09624, -0.72597, 0.68096][0.41177, 0.11045, 0][0.42972, -0.291638, 0.576215][0.43728, 0.29175, 0.85069][0.33665, 0.11085, 0][0.512078, -0.493432, 0.448744][0.30896, 0.53652, 0.78529][0.26407, 0.07630, 0][0.406251, -0.438282, 0.528059][0.29317, 0.53536, 0.79211][0.29210, 0.11036, 0][0.42972, -0.291638, 0.576215][0.43728, 0.29175, 0.85069][0.33665, 0.11085, 0][0.541066, -0.3123, 0.508224][0.45849, 0.29164, 0.83948][0.32087, 0.07228, 0][0.512078, -0.493432, 0.448744][0.30896, 0.53652, 0.78529][0.26407, 0.07630, 0][0.426916, -0.063786, 0.567923][0.39531, -0.34159, 0.85267][0.38564, 0.11971, 0][0.553317, -0.206962, 0.531143][0.48825, 0.01843, 0.87251][0.35163, 0.07775, 0][0.439638, -0.206356, 0.59477][0.46165, 0.01830, 0.88687][0.35971, 0.11484, 0][0.426916, -0.063786, 0.567923][0.39531, -0.34159, 0.85267][0.38564, 0.11971, 0][0.537603, -0.030862, 0.497982][0.42646, -0.34366, 0.83668][0.38628, 0.09013, 0][0.553317, -0.206962, 0.531143][0.48825, 0.01843, 0.87251][0.35163, 0.07775, 0][-0.50394, -0.299212, 0.582963][-0.45372, 0.21864, 0.86391][0.33352, 0.35193, 0][-0.609629, -0.214716, 0.530561][-0.50917, -0.05410, 0.85897][0.34589, 0.38514, 0][-0.501882, -0.212633, 0.594299][-0.48104, -0.05283, 0.87511][0.35582, 0.35037, 0][-0.50394, -0.299212, 0.582963][-0.45372, 0.21864, 0.86391][0.33352, 0.35193, 0][-0.612171, -0.321656, 0.516559][-0.47743, 0.21693, 0.85147][0.31643, 0.38642, 0][-0.609629, -0.214716, 0.530561][-0.50917, -0.05410, 0.85897][0.34589, 0.38514, 0][-0.144109, 0.153839, 0.343811][0.12156, -0.81238, 0.57031][0.43753, 0.29082, 0][-0.026227, 0.237944, 0.201335][0.00127, -0.96558, 0.26012][0.47151, 0.28829, 0][-0.02956, 0.15384, 0.327758][0.00431, -0.81559, 0.57861][0.44939, 0.25731, 0][-0.144109, 0.153839, 0.343811][0.12156, -0.81238, 0.57031][0.43753, 0.29082, 0][-0.167716, 0.237943, 0.221164][0.03530, -0.96566, 0.25740][0.45390, 0.32487, 0][-0.026227, 0.237944, 0.201335][0.00127, -0.96558, 0.26012][0.47151, 0.28829, 0][-0.245879, -0.576252, 0.310622][0.16544, 0.84472, 0.50901][0.20932, 0.29094, 0][-0.3725, -0.655707, 0.226442][-0.01326, 0.95422, 0.29882][0.17302, 0.33435, 0][-0.309903, -0.56966, 0.348084][0.16930, 0.84259, 0.51125][0.21981, 0.30788, 0][-0.245879, -0.576252, 0.310622][0.16544, 0.84472, 0.50901][0.20932, 0.29094, 0][-0.29342, -0.66385, 0.180169][0.04762, 0.95458, 0.29413][0.15958, 0.31394, 0][-0.3725, -0.655707, 0.226442][-0.01326, 0.95422, 0.29882][0.17302, 0.33435, 0][0.096078, -0.582833, 0.271628][-0.08375, 0.84767, 0.52387][0.19942, 0.17774, 0][-0.013789, -0.678814, 0.110776][0.01130, 0.95200, 0.30589][0.13834, 0.19259, 0][-0.019491, -0.588367, 0.254441][0.00284, 0.84498, 0.53479][0.19248, 0.20924, 0][0.096078, -0.582833, 0.271628][-0.08375, 0.84767, 0.52387][0.19942, 0.17774, 0][0.128959, -0.671979, 0.132004][-0.02465, 0.95347, 0.30048][0.14735, 0.15346, 0][-0.013789, -0.678814, 0.110776][0.01130, 0.95200, 0.30589][0.13834, 0.19259, 0][-0.428793, -0.523229, 0.462925][0.04659, 0.79974, 0.59854][0.25609, 0.33555, 0][-0.581019, -0.519069, 0.444957][-0.15909, 0.68139, 0.71442][0.25462, 0.37647, 0][-0.478719, -0.459038, 0.524993][-0.14874, 0.67864, 0.71925][0.28402, 0.34645, 0][-0.428793, -0.523229, 0.462925][0.04659, 0.79974, 0.59854][0.25609, 0.33555, 0][-0.519351, -0.598357, 0.368291][-0.28165, 0.89050, 0.35732][0.21985, 0.36684, 0][-0.581019, -0.519069, 0.444957][-0.15909, 0.68139, 0.71442][0.25462, 0.37647, 0][0.194443, 0.147774, 0.381909][-0.14392, -0.81517, 0.56105][0.42552, 0.15374, 0][0.378251, 0.197498, 0.345177][0.12945, -0.95461, 0.26826][0.41909, 0.11199, 0][0.297905, 0.121095, 0.444212][-0.12572, -0.81217, 0.56972][0.41356, 0.13740, 0][0.194443, 0.147774, 0.381909][-0.14392, -0.81517, 0.56105][0.42552, 0.15374, 0][0.250458, 0.230452, 0.268222][0.02632, -0.96600, 0.25718][0.43550, 0.12185, 0][0.378251, 0.197498, 0.345177][0.12945, -0.95461, 0.26826][0.41909, 0.11199, 0][0.439638, -0.206356, 0.59477][0.46165, 0.01830, 0.88687][0.35971, 0.11484, 0][0.541066, -0.3123, 0.508224][0.45849, 0.29164, 0.83948][0.32087, 0.07228, 0][0.42972, -0.291638, 0.576215][0.43728, 0.29175, 0.85069][0.33665, 0.11085, 0][0.439638, -0.206356, 0.59477][0.46165, 0.01830, 0.88687][0.35971, 0.11484, 0][0.553317, -0.206962, 0.531143][0.48825, 0.01843, 0.87251][0.35163, 0.07775, 0][0.541066, -0.3123, 0.508224][0.45849, 0.29164, 0.83948][0.32087, 0.07228, 0][-0.486305, -0.445078, 0.534491][-0.31886, 0.48651, 0.81341][0.28928, 0.34812, 0][-0.612171, -0.321656, 0.516559][-0.47743, 0.21693, 0.85147][0.31643, 0.38642, 0][-0.50394, -0.299212, 0.582963][-0.45372, 0.21864, 0.86391][0.33352, 0.35193, 0][-0.486305, -0.445078, 0.534491][-0.31886, 0.48651, 0.81341][0.28928, 0.34812, 0][-0.590389, -0.501827, 0.456688][-0.33626, 0.48777, 0.80561][0.26098, 0.37849, 0][-0.612171, -0.321656, 0.516559][-0.47743, 0.21693, 0.85147][0.31643, 0.38642, 0][-0.486783, -0.069418, 0.567999][-0.43517, -0.30013, 0.84885][0.38232, 0.34803, 0][-0.553052, 0.104664, 0.449257][-0.32693, -0.52244, 0.78751][0.40216, 0.36248, 0][-0.456077, 0.045936, 0.528475][-0.29535, -0.51533, 0.80449][0.39868, 0.34137, 0][-0.486783, -0.069418, 0.567999][-0.43517, -0.30013, 0.84885][0.38232, 0.34803, 0][-0.59098, -0.037819, 0.498076][-0.46657, -0.30148, 0.83152][0.38249, 0.37800, 0][-0.553052, 0.104664, 0.449257][-0.32693, -0.52244, 0.78751][0.40216, 0.36248, 0][-0.135732, -0.587609, 0.265294][0.08629, 0.84404, 0.52928][0.19542, 0.26144, 0][-0.29342, -0.66385, 0.180169][0.04762, 0.95458, 0.29413][0.15958, 0.31394, 0][-0.245879, -0.576252, 0.310622][0.16544, 0.84472, 0.50901][0.20932, 0.29094, 0][-0.135732, -0.587609, 0.265294][0.08629, 0.84404, 0.52928][0.19542, 0.26144, 0][-0.157369, -0.677878, 0.124181][0.02394, 0.95250, 0.30360][0.14173, 0.27752, 0][-0.29342, -0.66385, 0.180169][0.04762, 0.95458, 0.29413][0.15958, 0.31394, 0][-0.417599, 0.098215, 0.494686][-0.02449, -0.73465, 0.67801][0.40505, 0.33785, 0][-0.430027, 0.197158, 0.349309][-0.11252, -0.95690, 0.26772][0.41722, 0.35573, 0][-0.356476, 0.12082, 0.447557][0.13964, -0.80966, 0.57004][0.41194, 0.33048, 0][-0.417599, 0.098215, 0.494686][-0.02449, -0.73465, 0.67801][0.40505, 0.33785, 0][-0.505524, 0.169238, 0.407521][-0.04990, -0.74903, 0.66065][0.40911, 0.35670, 0][-0.430027, 0.197158, 0.349309][-0.11252, -0.95690, 0.26772][0.41722, 0.35573, 0][0.314321, -0.546596, 0.393709][-0.14785, 0.84905, 0.50720][0.23761, 0.12525, 0][0.315114, -0.6503, 0.220784][0.03433, 0.95543, 0.29321][0.17594, 0.10764, 0][0.246789, -0.565282, 0.343503][-0.15900, 0.85001, 0.50219][0.22165, 0.14013, 0][0.314321, -0.546596, 0.393709][-0.14785, 0.84905, 0.50720][0.23761, 0.12525, 0][0.398527, -0.627219, 0.282797][0.10048, 0.94886, 0.29927][0.19676, 0.08997, 0][0.315114, -0.6503, 0.220784][0.03433, 0.95543, 0.29321][0.17594, 0.10764, 0][0.364996, -0.517494, 0.457914][-0.00193, 0.78882, 0.61462][0.25857, 0.11568, 0][0.398527, -0.627219, 0.282797][0.10048, 0.94886, 0.29927][0.19676, 0.08997, 0][0.314321, -0.546596, 0.393709][-0.14785, 0.84905, 0.50720][0.23761, 0.12525, 0][0.364996, -0.517494, 0.457914][-0.00193, 0.78882, 0.61462][0.25857, 0.11568, 0][0.461121, -0.591273, 0.362102][0.38403, 0.84550, 0.37100][0.22296, 0.08079, 0][0.398527, -0.627219, 0.282797][0.10048, 0.94886, 0.29927][0.19676, 0.08997, 0][-0.019491, -0.588367, 0.254441][0.00284, 0.84498, 0.53479][0.19167, 0.22841, 0][-0.157369, -0.677878, 0.124181][0.02394, 0.95250, 0.30360][0.14173, 0.27752, 0][-0.135732, -0.587609, 0.265294][0.08629, 0.84404, 0.52928][0.19542, 0.26144, 0][-0.019491, -0.588367, 0.254441][0.00284, 0.84498, 0.53479][0.19167, 0.22841, 0][-0.013789, -0.678814, 0.110776][0.01130, 0.95200, 0.30589][0.13676, 0.23647, 0][-0.157369, -0.677878, 0.124181][0.02394, 0.95250, 0.30360][0.14173, 0.27752, 0][-0.360279, -0.550021, 0.392347][0.15951, 0.84331, 0.51322][0.23441, 0.31960, 0][-0.519351, -0.598357, 0.368291][-0.28165, 0.89050, 0.35732][0.21985, 0.36684, 0][-0.428793, -0.523229, 0.462925][0.04659, 0.79974, 0.59854][0.25609, 0.33555, 0][-0.360279, -0.550021, 0.392347][0.15951, 0.84331, 0.51322][0.23441, 0.31960, 0][-0.434724, -0.631449, 0.281115][-0.08351, 0.94977, 0.30162][0.19176, 0.34898, 0][-0.519351, -0.598357, 0.368291][-0.28165, 0.89050, 0.35732][0.21985, 0.36684, 0][-0.356476, 0.12082, 0.447557][0.13964, -0.80966, 0.57004][0.41194, 0.33048, 0][-0.302303, 0.229142, 0.272686][-0.02345, -0.96536, 0.25987][0.43409, 0.34646, 0][-0.253071, 0.146714, 0.385523][0.15064, -0.81058, 0.56593][0.42417, 0.31498, 0][-0.356476, 0.12082, 0.447557][0.13964, -0.80966, 0.57004][0.41194, 0.33048, 0][-0.430027, 0.197158, 0.349309][-0.11252, -0.95690, 0.26772][0.41722, 0.35573, 0][-0.302303, 0.229142, 0.272686][-0.02345, -0.96536, 0.25987][0.43409, 0.34646, 0][0.08517, 0.154099, 0.34182][-0.11461, -0.81625, 0.56621][0.43814, 0.17877, 0][0.250458, 0.230452, 0.268222][0.02632, -0.96600, 0.25718][0.43550, 0.12185, 0][0.194443, 0.147774, 0.381909][-0.14392, -0.81517, 0.56105][0.42552, 0.15374, 0][0.08517, 0.154099, 0.34182][-0.11461, -0.81625, 0.56621][0.43814, 0.17877, 0][0.115485, 0.238265, 0.218705][-0.03495, -0.96633, 0.25492][0.45452, 0.14465, 0][0.250458, 0.230452, 0.268222][0.02632, -0.96600, 0.25718][0.43550, 0.12185, 0][0.246789, -0.565282, 0.343503][-0.15900, 0.85001, 0.50219][0.22165, 0.14013, 0][0.26216, -0.664985, 0.176896][-0.01232, 0.95612, 0.29272][0.16167, 0.11897, 0][0.203918, -0.577171, 0.307972][-0.15121, 0.85023, 0.50422][0.21048, 0.14953, 0][0.246789, -0.565282, 0.343503][-0.15900, 0.85001, 0.50219][0.22165, 0.14013, 0][0.315114, -0.6503, 0.220784][0.03433, 0.95543, 0.29321][0.17594, 0.10764, 0][0.26216, -0.664985, 0.176896][-0.01232, 0.95612, 0.29272][0.16167, 0.11897, 0][-0.02956, 0.15384, 0.327758][0.00431, -0.81559, 0.57861][0.44908, 0.21426, 0][0.115485, 0.238265, 0.218705][-0.03495, -0.96633, 0.25492][0.45452, 0.14465, 0][0.08517, 0.154099, 0.34182][-0.11461, -0.81625, 0.56621][0.43814, 0.17877, 0][-0.02956, 0.15384, 0.327758][0.00431, -0.81559, 0.57861][0.44908, 0.21426, 0][-0.026227, 0.237944, 0.201335][0.00127, -0.96558, 0.26012][0.47104, 0.18293, 0][0.115485, 0.238265, 0.218705][-0.03495, -0.96633, 0.25492][0.45452, 0.14465, 0][-0.478719, -0.459038, 0.524993][-0.14874, 0.67864, 0.71925][0.28402, 0.34645, 0][-0.590389, -0.501827, 0.456688][-0.33626, 0.48777, 0.80561][0.26098, 0.37849, 0][-0.486305, -0.445078, 0.534491][-0.31886, 0.48651, 0.81341][0.28928, 0.34812, 0][-0.478719, -0.459038, 0.524993][-0.14874, 0.67864, 0.71925][0.28402, 0.34645, 0][-0.581019, -0.519069, 0.444957][-0.15909, 0.68139, 0.71442][0.25462, 0.37647, 0][-0.590389, -0.501827, 0.456688][-0.33626, 0.48777, 0.80561][0.26098, 0.37849, 0][-0.456077, 0.045936, 0.528475][-0.29535, -0.51533, 0.80449][0.39868, 0.34137, 0][-0.505524, 0.169238, 0.407521][-0.04990, -0.74903, 0.66065][0.40911, 0.35670, 0][-0.417599, 0.098215, 0.494686][-0.02449, -0.73465, 0.67801][0.40505, 0.33785, 0][-0.456077, 0.045936, 0.528475][-0.29535, -0.51533, 0.80449][0.39868, 0.34137, 0][-0.553052, 0.104664, 0.449257][-0.32693, -0.52244, 0.78751][0.40216, 0.36248, 0][-0.505524, 0.169238, 0.407521][-0.04990, -0.74903, 0.66065][0.40911, 0.35670, 0][-0.253071, 0.146714, 0.385523][0.15064, -0.81058, 0.56593][0.42417, 0.31498, 0][-0.167716, 0.237943, 0.221164][0.03530, -0.96566, 0.25740][0.45390, 0.32487, 0][-0.144109, 0.153839, 0.343811][0.12156, -0.81238, 0.57031][0.43753, 0.29082, 0][-0.253071, 0.146714, 0.385523][0.15064, -0.81058, 0.56593][0.42417, 0.31498, 0][-0.302303, 0.229142, 0.272686][-0.02345, -0.96536, 0.25987][0.43409, 0.34646, 0][-0.167716, 0.237943, 0.221164][0.03530, -0.96566, 0.25740][0.45390, 0.32487, 0][-0.309903, -0.56966, 0.348084][0.16930, 0.84259, 0.51125][0.21981, 0.30788, 0][-0.434724, -0.631449, 0.281115][-0.08351, 0.94977, 0.30162][0.19176, 0.34898, 0][-0.360279, -0.550021, 0.392347][0.15951, 0.84331, 0.51322][0.23441, 0.31960, 0][-0.309903, -0.56966, 0.348084][0.16930, 0.84259, 0.51125][0.21981, 0.30788, 0][-0.3725, -0.655707, 0.226442][-0.01326, 0.95422, 0.29882][0.17302, 0.33435, 0][-0.434724, -0.631449, 0.281115][-0.08351, 0.94977, 0.30162][0.19176, 0.34898, 0][0.351676, 0.099293, 0.48633][0.07009, -0.71323, 0.69742][0.40740, 0.13071, 0][0.50567, 0.059045, 0.45905][0.32618, -0.52908, 0.78338][0.39937, 0.09887, 0][0.401063, 0.009003, 0.536403][0.29498, -0.52309, 0.79960][0.39591, 0.12433, 0][0.351676, 0.099293, 0.48633][0.07009, -0.71323, 0.69742][0.40740, 0.13071, 0][0.444668, 0.170569, 0.3972][0.09624, -0.72597, 0.68096][0.41177, 0.11045, 0][0.50567, 0.059045, 0.45905][0.32618, -0.52908, 0.78338][0.39937, 0.09887, 0][0.203918, -0.577171, 0.307972][-0.15121, 0.85023, 0.50422][0.21048, 0.14953, 0][0.128959, -0.671979, 0.132004][-0.02465, 0.95347, 0.30048][0.14735, 0.15346, 0][0.096078, -0.582833, 0.271628][-0.08375, 0.84767, 0.52387][0.19942, 0.17774, 0][0.203918, -0.577171, 0.307972][-0.15121, 0.85023, 0.50422][0.21048, 0.14953, 0][0.26216, -0.664985, 0.176896][-0.01232, 0.95612, 0.29272][0.16167, 0.11897, 0][0.128959, -0.671979, 0.132004][-0.02465, 0.95347, 0.30048][0.14735, 0.15346, 0][0.401063, 0.009003, 0.536403][0.29498, -0.52309, 0.79960][0.39591, 0.12433, 0][0.537603, -0.030862, 0.497982][0.42646, -0.34366, 0.83668][0.38628, 0.09013, 0][0.426916, -0.063786, 0.567923][0.39531, -0.34159, 0.85267][0.38564, 0.11971, 0][0.401063, 0.009003, 0.536403][0.29498, -0.52309, 0.79960][0.39591, 0.12433, 0][0.50567, 0.059045, 0.45905][0.32618, -0.52908, 0.78338][0.39937, 0.09887, 0][0.537603, -0.030862, 0.497982][0.42646, -0.34366, 0.83668][0.38628, 0.09013, 0][-0.407044, -0.405444, 0.587009][-0.55961, 0.49367, 0.66567][0.30863, 0.32491, 0][-0.50394, -0.299212, 0.582963][-0.45372, 0.21864, 0.86391][0.33352, 0.35193, 0][-0.421521, -0.285701, 0.6268][-0.69891, 0.19126, 0.68917][0.34380, 0.32781, 0][-0.407044, -0.405444, 0.587009][-0.55961, 0.49367, 0.66567][0.30863, 0.32491, 0][-0.486305, -0.445078, 0.534491][-0.31886, 0.48651, 0.81341][0.28928, 0.34812, 0][-0.50394, -0.299212, 0.582963][-0.45372, 0.21864, 0.86391][0.33352, 0.35193, 0][-0.407437, -0.097062, 0.614517][-0.67756, -0.29915, 0.67188][0.38198, 0.32901, 0][-0.456077, 0.045936, 0.528475][-0.29535, -0.51533, 0.80449][0.39868, 0.34137, 0][-0.382229, -0.002366, 0.582071][-0.53175, -0.55249, 0.64187][0.39502, 0.32541, 0][-0.407437, -0.097062, 0.614517][-0.67756, -0.29915, 0.67188][0.38198, 0.32901, 0][-0.486783, -0.069418, 0.567999][-0.43517, -0.30013, 0.84885][0.38232, 0.34803, 0][-0.456077, 0.045936, 0.528475][-0.29535, -0.51533, 0.80449][0.39868, 0.34137, 0][-0.119256, -0.522449, 0.366023][0.05658, 0.90448, 0.42275][0.23349, 0.25157, 0][-0.245879, -0.576252, 0.310622][0.16544, 0.84472, 0.50901][0.20932, 0.29094, 0][-0.209676, -0.513126, 0.403233][0.11043, 0.90522, 0.41034][0.24436, 0.27617, 0][-0.119256, -0.522449, 0.366023][0.05658, 0.90448, 0.42275][0.23349, 0.25157, 0][-0.135732, -0.587609, 0.265294][0.08629, 0.84404, 0.52928][0.19542, 0.26144, 0][-0.245879, -0.576252, 0.310622][0.16544, 0.84472, 0.50901][0.20932, 0.29094, 0][-0.350642, 0.04055, 0.554333][-0.20296, -0.81878, 0.53703][0.40059, 0.32042, 0][-0.356476, 0.12082, 0.447557][0.13964, -0.80966, 0.57004][0.41194, 0.33048, 0][-0.300466, 0.059106, 0.515645][0.02212, -0.89858, 0.43825][0.40637, 0.31258, 0][-0.350642, 0.04055, 0.554333][-0.20296, -0.81878, 0.53703][0.40059, 0.32042, 0][-0.417599, 0.098215, 0.494686][-0.02449, -0.73465, 0.67801][0.40505, 0.33785, 0][-0.356476, 0.12082, 0.447557][0.13964, -0.80966, 0.57004][0.41194, 0.33048, 0][0.250196, -0.48878, 0.47144][-0.04094, 0.90542, 0.42254][0.26679, 0.14877, 0][0.246789, -0.565282, 0.343503][-0.15900, 0.85001, 0.50219][0.22165, 0.14013, 0][0.194759, -0.50412, 0.430226][-0.07283, 0.90789, 0.41283][0.25388, 0.16185, 0][0.250196, -0.48878, 0.47144][-0.04094, 0.90542, 0.42254][0.26679, 0.14877, 0][0.314321, -0.546596, 0.393709][-0.14785, 0.84905, 0.50720][0.23761, 0.12525, 0][0.246789, -0.565282, 0.343503][-0.15900, 0.85001, 0.50219][0.22165, 0.14013, 0][0.291796, -0.46489, 0.524147][0.17924, 0.83435, 0.52129][0.28389, 0.14031, 0][0.314321, -0.546596, 0.393709][-0.14785, 0.84905, 0.50720][0.23761, 0.12525, 0][0.250196, -0.48878, 0.47144][-0.04094, 0.90542, 0.42254][0.26679, 0.14877, 0][0.291796, -0.46489, 0.524147][0.17924, 0.83435, 0.52129][0.28389, 0.14031, 0][0.364996, -0.517494, 0.457914][-0.00193, 0.78882, 0.61462][0.25857, 0.11568, 0][0.314321, -0.546596, 0.393709][-0.14785, 0.84905, 0.50720][0.23761, 0.12525, 0][-0.023832, -0.523071, 0.357114][0.00704, 0.90490, 0.42557][0.23082, 0.22451, 0][-0.135732, -0.587609, 0.265294][0.08629, 0.84404, 0.52928][0.19542, 0.26144, 0][-0.119256, -0.522449, 0.366023][0.05658, 0.90448, 0.42275][0.23349, 0.25157, 0][-0.023832, -0.523071, 0.357114][0.00704, 0.90490, 0.42557][0.23082, 0.22451, 0][-0.019491, -0.588367, 0.254441][0.00284, 0.84498, 0.53479][0.19167, 0.22841, 0][-0.135732, -0.587609, 0.265294][0.08629, 0.84404, 0.52928][0.19542, 0.26144, 0][-0.303588, -0.491592, 0.470323][0.05187, 0.90379, 0.42482][0.26415, 0.30051, 0][-0.428793, -0.523229, 0.462925][0.04659, 0.79974, 0.59854][0.25609, 0.33555, 0][-0.359831, -0.469599, 0.52826][-0.10872, 0.85870, 0.50082][0.28163, 0.31443, 0][-0.303588, -0.491592, 0.470323][0.05187, 0.90379, 0.42482][0.26415, 0.30051, 0][-0.360279, -0.550021, 0.392347][0.15951, 0.84331, 0.51322][0.23441, 0.31960, 0][-0.428793, -0.523229, 0.462925][0.04659, 0.79974, 0.59854][0.25609, 0.33555, 0][-0.300466, 0.059106, 0.515645][0.02212, -0.89858, 0.43825][0.40637, 0.31258, 0][-0.253071, 0.146714, 0.385523][0.15064, -0.81058, 0.56593][0.42417, 0.31498, 0][-0.21558, 0.080363, 0.464721][0.06901, -0.90106, 0.42818][0.41535, 0.29423, 0][-0.300466, 0.059106, 0.515645][0.02212, -0.89858, 0.43825][0.40637, 0.31258, 0][-0.356476, 0.12082, 0.447557][0.13964, -0.80966, 0.57004][0.41194, 0.33048, 0][-0.253071, 0.146714, 0.385523][0.15064, -0.81058, 0.56593][0.42417, 0.31498, 0][0.062085, 0.086426, 0.428844][-0.07760, -0.90299, 0.42259][0.42523, 0.19961, 0][0.194443, 0.147774, 0.381909][-0.14392, -0.81517, 0.56105][0.42552, 0.15374, 0][0.151788, 0.081233, 0.461754][-0.06486, -0.90263, 0.42551][0.41654, 0.17511, 0][0.062085, 0.086426, 0.428844][-0.07760, -0.90299, 0.42259][0.42523, 0.19961, 0][0.08517, 0.154099, 0.34182][-0.11461, -0.81625, 0.56621][0.43814, 0.17877, 0][0.194443, 0.147774, 0.381909][-0.14392, -0.81517, 0.56105][0.42552, 0.15374, 0][0.194759, -0.50412, 0.430226][-0.07283, 0.90789, 0.41283][0.25388, 0.16185, 0][0.203918, -0.577171, 0.307972][-0.15121, 0.85023, 0.50422][0.21048, 0.14953, 0][0.159566, -0.51388, 0.401058][-0.08849, 0.90791, 0.40971][0.24496, 0.16998, 0][0.194759, -0.50412, 0.430226][-0.07283, 0.90789, 0.41283][0.25388, 0.16185, 0][0.246789, -0.565282, 0.343503][-0.15900, 0.85001, 0.50219][0.22165, 0.14013, 0][0.203918, -0.577171, 0.307972][-0.15121, 0.85023, 0.50422][0.21048, 0.14953, 0][-0.032098, 0.086213, 0.4173][0.00285, -0.90298, 0.42967][0.43137, 0.23049, 0][0.08517, 0.154099, 0.34182][-0.11461, -0.81625, 0.56621][0.43814, 0.17877, 0][0.062085, 0.086426, 0.428844][-0.07760, -0.90299, 0.42259][0.42523, 0.19961, 0][-0.032098, 0.086213, 0.4173][0.00285, -0.90298, 0.42967][0.43137, 0.23049, 0][-0.02956, 0.15384, 0.327758][0.00431, -0.81559, 0.57861][0.44908, 0.21426, 0][0.08517, 0.154099, 0.34182][-0.11461, -0.81625, 0.56621][0.43814, 0.17877, 0][-0.400817, -0.416903, 0.579213][-0.35947, 0.71736, 0.59681][0.30432, 0.32387, 0][-0.486305, -0.445078, 0.534491][-0.31886, 0.48651, 0.81341][0.28928, 0.34812, 0][-0.407044, -0.405444, 0.587009][-0.55961, 0.49367, 0.66567][0.30863, 0.32491, 0][-0.400817, -0.416903, 0.579213][-0.35947, 0.71736, 0.59681][0.30432, 0.32387, 0][-0.478719, -0.459038, 0.524993][-0.14874, 0.67864, 0.71925][0.28402, 0.34645, 0][-0.486305, -0.445078, 0.534491][-0.31886, 0.48651, 0.81341][0.28928, 0.34812, 0][-0.382229, -0.002366, 0.582071][-0.53175, -0.55249, 0.64187][0.39502, 0.32541, 0][-0.417599, 0.098215, 0.494686][-0.02449, -0.73465, 0.67801][0.40505, 0.33785, 0][-0.350642, 0.04055, 0.554333][-0.20296, -0.81878, 0.53703][0.40059, 0.32042, 0][-0.382229, -0.002366, 0.582071][-0.53175, -0.55249, 0.64187][0.39502, 0.32541, 0][-0.456077, 0.045936, 0.528475][-0.29535, -0.51533, 0.80449][0.39868, 0.34137, 0][-0.417599, 0.098215, 0.494686][-0.02449, -0.73465, 0.67801][0.40505, 0.33785, 0][-0.21558, 0.080363, 0.464721][0.06901, -0.90106, 0.42818][0.41535, 0.29423, 0][-0.144109, 0.153839, 0.343811][0.12156, -0.81238, 0.57031][0.43753, 0.29082, 0][-0.126133, 0.086212, 0.430479][0.08123, -0.90131, 0.42549][0.42450, 0.27055, 0][-0.21558, 0.080363, 0.464721][0.06901, -0.90106, 0.42818][0.41535, 0.29423, 0][-0.253071, 0.146714, 0.385523][0.15064, -0.81058, 0.56593][0.42417, 0.31498, 0][-0.144109, 0.153839, 0.343811][0.12156, -0.81238, 0.57031][0.43753, 0.29082, 0][-0.262234, -0.507714, 0.433986][0.08617, 0.90425, 0.41823][0.25255, 0.29015, 0][-0.360279, -0.550021, 0.392347][0.15951, 0.84331, 0.51322][0.23441, 0.31960, 0][-0.303588, -0.491592, 0.470323][0.05187, 0.90379, 0.42482][0.26415, 0.30051, 0][-0.262234, -0.507714, 0.433986][0.08617, 0.90425, 0.41823][0.25255, 0.29015, 0][-0.309903, -0.56966, 0.348084][0.16930, 0.84259, 0.51125][0.21981, 0.30788, 0][-0.360279, -0.550021, 0.392347][0.15951, 0.84331, 0.51322][0.23441, 0.31960, 0][0.280861, 0.041435, 0.547474][0.25792, -0.78876, 0.55798][0.40268, 0.14899, 0][0.401063, 0.009003, 0.536403][0.29498, -0.52309, 0.79960][0.39591, 0.12433, 0][0.321404, -0.032685, 0.588579][0.53334, -0.55200, 0.64097][0.39290, 0.14173, 0][0.280861, 0.041435, 0.547474][0.25792, -0.78876, 0.55798][0.40268, 0.14899, 0][0.351676, 0.099293, 0.48633][0.07009, -0.71323, 0.69742][0.40740, 0.13071, 0][0.401063, 0.009003, 0.536403][0.29498, -0.52309, 0.79960][0.39591, 0.12433, 0][0.159566, -0.51388, 0.401058][-0.08849, 0.90791, 0.40971][0.24496, 0.16998, 0][0.096078, -0.582833, 0.271628][-0.08375, 0.84767, 0.52387][0.19942, 0.17774, 0][0.071039, -0.518528, 0.371223][-0.05552, 0.90653, 0.41847][0.23636, 0.19332, 0][0.159566, -0.51388, 0.401058][-0.08849, 0.90791, 0.40971][0.24496, 0.16998, 0][0.203918, -0.577171, 0.307972][-0.15121, 0.85023, 0.50422][0.21048, 0.14953, 0][0.096078, -0.582833, 0.271628][-0.08375, 0.84767, 0.52387][0.19942, 0.17774, 0][0.321404, -0.032685, 0.588579][0.53334, -0.55200, 0.64097][0.39290, 0.14173, 0][0.426916, -0.063786, 0.567923][0.39531, -0.34159, 0.85267][0.38564, 0.11971, 0][0.342627, -0.092438, 0.614454][0.64368, -0.34510, 0.68307][0.38481, 0.13944, 0][0.321404, -0.032685, 0.588579][0.53334, -0.55200, 0.64097][0.39290, 0.14173, 0][0.401063, 0.009003, 0.536403][0.29498, -0.52309, 0.79960][0.39591, 0.12433, 0][0.426916, -0.063786, 0.567923][0.39531, -0.34159, 0.85267][0.38564, 0.11971, 0][0.325663, -0.399864, 0.58173][0.53293, 0.53978, 0.65163][0.31087, 0.13577, 0][0.364996, -0.517494, 0.457914][-0.00193, 0.78882, 0.61462][0.25857, 0.11568, 0][0.291796, -0.46489, 0.524147][0.17924, 0.83435, 0.52129][0.28389, 0.14031, 0][0.325663, -0.399864, 0.58173][0.53293, 0.53978, 0.65163][0.31087, 0.13577, 0][0.406251, -0.438282, 0.528059][0.29317, 0.53536, 0.79211][0.29210, 0.11036, 0][0.364996, -0.517494, 0.457914][-0.00193, 0.78882, 0.61462][0.25857, 0.11568, 0][-0.419831, -0.214628, 0.636106][-0.72103, -0.06342, 0.68999][0.36152, 0.32773, 0][-0.486783, -0.069418, 0.567999][-0.43517, -0.30013, 0.84885][0.38232, 0.34803, 0][-0.407437, -0.097062, 0.614517][-0.67756, -0.29915, 0.67188][0.38198, 0.32901, 0][-0.419831, -0.214628, 0.636106][-0.72103, -0.06342, 0.68999][0.36152, 0.32773, 0][-0.501882, -0.212633, 0.594299][-0.48104, -0.05283, 0.87511][0.35582, 0.35037, 0][-0.486783, -0.069418, 0.567999][-0.43517, -0.30013, 0.84885][0.38232, 0.34803, 0][0.23672, 0.059332, 0.512899][-0.00808, -0.89783, 0.44027][0.40778, 0.15600, 0][0.351676, 0.099293, 0.48633][0.07009, -0.71323, 0.69742][0.40740, 0.13071, 0][0.280861, 0.041435, 0.547474][0.25792, -0.78876, 0.55798][0.40268, 0.14899, 0][0.23672, 0.059332, 0.512899][-0.00808, -0.89783, 0.44027][0.40778, 0.15600, 0][0.297905, 0.121095, 0.444212][-0.12572, -0.81217, 0.56972][0.41356, 0.13740, 0][0.351676, 0.099293, 0.48633][0.07009, -0.71323, 0.69742][0.40740, 0.13071, 0][0.344928, -0.279483, 0.621261][0.67492, 0.27911, 0.68306][0.34586, 0.13737, 0][0.406251, -0.438282, 0.528059][0.29317, 0.53536, 0.79211][0.29210, 0.11036, 0][0.325663, -0.399864, 0.58173][0.53293, 0.53978, 0.65163][0.31087, 0.13577, 0][0.344928, -0.279483, 0.621261][0.67492, 0.27911, 0.68306][0.34586, 0.13737, 0][0.42972, -0.291638, 0.576215][0.43728, 0.29175, 0.85069][0.33665, 0.11085, 0][0.406251, -0.438282, 0.528059][0.29317, 0.53536, 0.79211][0.29210, 0.11036, 0][0.342627, -0.092438, 0.614454][0.64368, -0.34510, 0.68307][0.38481, 0.13944, 0][0.439638, -0.206356, 0.59477][0.46165, 0.01830, 0.88687][0.35971, 0.11484, 0][0.353071, -0.209475, 0.636493][0.70673, 0.01970, 0.70721][0.36441, 0.13913, 0][0.342627, -0.092438, 0.614454][0.64368, -0.34510, 0.68307][0.38481, 0.13944, 0][0.426916, -0.063786, 0.567923][0.39531, -0.34159, 0.85267][0.38564, 0.11971, 0][0.439638, -0.206356, 0.59477][0.46165, 0.01830, 0.88687][0.35971, 0.11484, 0][-0.421521, -0.285701, 0.6268][-0.69891, 0.19126, 0.68917][0.34380, 0.32781, 0][-0.501882, -0.212633, 0.594299][-0.48104, -0.05283, 0.87511][0.35582, 0.35037, 0][-0.419831, -0.214628, 0.636106][-0.72103, -0.06342, 0.68999][0.36152, 0.32773, 0][-0.421521, -0.285701, 0.6268][-0.69891, 0.19126, 0.68917][0.34380, 0.32781, 0][-0.50394, -0.299212, 0.582963][-0.45372, 0.21864, 0.86391][0.33352, 0.35193, 0][-0.501882, -0.212633, 0.594299][-0.48104, -0.05283, 0.87511][0.35582, 0.35037, 0][-0.126133, 0.086212, 0.430479][0.08123, -0.90131, 0.42549][0.42450, 0.27055, 0][-0.02956, 0.15384, 0.327758][0.00431, -0.81559, 0.57861][0.44939, 0.25731, 0][-0.032098, 0.086213, 0.4173][0.00285, -0.90298, 0.42967][0.43189, 0.23973, 0][-0.126133, 0.086212, 0.430479][0.08123, -0.90131, 0.42549][0.42450, 0.27055, 0][-0.144109, 0.153839, 0.343811][0.12156, -0.81238, 0.57031][0.43753, 0.29082, 0][-0.02956, 0.15384, 0.327758][0.00431, -0.81559, 0.57861][0.44939, 0.25731, 0][-0.209676, -0.513126, 0.403233][0.11043, 0.90522, 0.41034][0.24436, 0.27617, 0][-0.309903, -0.56966, 0.348084][0.16930, 0.84259, 0.51125][0.21981, 0.30788, 0][-0.262234, -0.507714, 0.433986][0.08617, 0.90425, 0.41823][0.25255, 0.29015, 0][-0.209676, -0.513126, 0.403233][0.11043, 0.90522, 0.41034][0.24436, 0.27617, 0][-0.245879, -0.576252, 0.310622][0.16544, 0.84472, 0.50901][0.20932, 0.29094, 0][-0.309903, -0.56966, 0.348084][0.16930, 0.84259, 0.51125][0.21981, 0.30788, 0][0.071039, -0.518528, 0.371223][-0.05552, 0.90653, 0.41847][0.23636, 0.19332, 0][-0.019491, -0.588367, 0.254441][0.00284, 0.84498, 0.53479][0.19248, 0.20924, 0][-0.023832, -0.523071, 0.357114][0.00704, 0.90490, 0.42557][0.23109, 0.21935, 0][0.071039, -0.518528, 0.371223][-0.05552, 0.90653, 0.41847][0.23636, 0.19332, 0][0.096078, -0.582833, 0.271628][-0.08375, 0.84767, 0.52387][0.19942, 0.17774, 0][-0.019491, -0.588367, 0.254441][0.00284, 0.84498, 0.53479][0.19248, 0.20924, 0][-0.359831, -0.469599, 0.52826][-0.10872, 0.85870, 0.50082][0.28163, 0.31443, 0][-0.478719, -0.459038, 0.524993][-0.14874, 0.67864, 0.71925][0.28402, 0.34645, 0][-0.400817, -0.416903, 0.579213][-0.35947, 0.71736, 0.59681][0.30432, 0.32387, 0][-0.359831, -0.469599, 0.52826][-0.10872, 0.85870, 0.50082][0.28163, 0.31443, 0][-0.428793, -0.523229, 0.462925][0.04659, 0.79974, 0.59854][0.25609, 0.33555, 0][-0.478719, -0.459038, 0.524993][-0.14874, 0.67864, 0.71925][0.28402, 0.34645, 0][0.151788, 0.081233, 0.461754][-0.06486, -0.90263, 0.42551][0.41654, 0.17511, 0][0.297905, 0.121095, 0.444212][-0.12572, -0.81217, 0.56972][0.41356, 0.13740, 0][0.23672, 0.059332, 0.512899][-0.00808, -0.89783, 0.44027][0.40778, 0.15600, 0][0.151788, 0.081233, 0.461754][-0.06486, -0.90263, 0.42551][0.41654, 0.17511, 0][0.194443, 0.147774, 0.381909][-0.14392, -0.81517, 0.56105][0.42552, 0.15374, 0][0.297905, 0.121095, 0.444212][-0.12572, -0.81217, 0.56972][0.41356, 0.13740, 0][0.353071, -0.209475, 0.636493][0.70673, 0.01970, 0.70721][0.36441, 0.13913, 0][0.42972, -0.291638, 0.576215][0.43728, 0.29175, 0.85069][0.33665, 0.11085, 0][0.344928, -0.279483, 0.621261][0.67492, 0.27911, 0.68306][0.34586, 0.13737, 0][0.353071, -0.209475, 0.636493][0.70673, 0.01970, 0.70721][0.36441, 0.13913, 0][0.439638, -0.206356, 0.59477][0.46165, 0.01830, 0.88687][0.35971, 0.11484, 0][0.42972, -0.291638, 0.576215][0.43728, 0.29175, 0.85069][0.33665, 0.11085, 0][0.175044, -0.476426, 0.514726][0.01561, 0.94907, 0.31469][0.27821, 0.17116, 0][0.159566, -0.51388, 0.401058][-0.08849, 0.90791, 0.40971][0.24496, 0.16998, 0][0.14276, -0.485379, 0.487969][-0.02367, 0.95129, 0.30738][0.27023, 0.17874, 0][0.175044, -0.476426, 0.514726][0.01561, 0.94907, 0.31469][0.27821, 0.17116, 0][0.194759, -0.50412, 0.430226][-0.07283, 0.90789, 0.41283][0.25388, 0.16185, 0][0.159566, -0.51388, 0.401058][-0.08849, 0.90791, 0.40971][0.24496, 0.16998, 0][-0.03306, 0.065106, 0.502868][0.00105, -0.97089, 0.23950][0.40956, 0.23476, 0][0.062085, 0.086426, 0.428844][-0.07760, -0.90299, 0.42259][0.42523, 0.19961, 0][0.053337, 0.065301, 0.513458][-0.03151, -0.97050, 0.23904][0.40673, 0.20677, 0][-0.03306, 0.065106, 0.502868][0.00105, -0.97089, 0.23950][0.40956, 0.23476, 0][-0.032098, 0.086213, 0.4173][0.00285, -0.90298, 0.42967][0.43137, 0.23049, 0][0.062085, 0.086426, 0.428844][-0.07760, -0.90299, 0.42259][0.42523, 0.19961, 0][-0.371298, -0.396419, 0.651396][-0.55685, 0.71096, 0.42948][0.32291, 0.30896, 0][-0.407044, -0.405444, 0.587009][-0.55961, 0.49367, 0.66567][0.30863, 0.32491, 0][-0.37701, -0.385907, 0.658548][-0.74808, 0.27359, 0.60459][0.32649, 0.30979, 0][-0.371298, -0.396419, 0.651396][-0.55685, 0.71096, 0.42948][0.32291, 0.30896, 0][-0.400817, -0.416903, 0.579213][-0.35947, 0.71736, 0.59681][0.30432, 0.32387, 0][-0.407044, -0.405444, 0.587009][-0.55961, 0.49367, 0.66567][0.30863, 0.32491, 0][-0.354247, -0.016151, 0.654018][-0.71869, -0.41808, 0.55560][0.39424, 0.31123, 0][-0.350642, 0.04055, 0.554333][-0.20296, -0.81878, 0.53703][0.40059, 0.32042, 0][-0.325271, 0.023218, 0.628573][-0.50376, -0.66939, 0.54603][0.39628, 0.30969, 0][-0.354247, -0.016151, 0.654018][-0.71869, -0.41808, 0.55560][0.39424, 0.31123, 0][-0.382229, -0.002366, 0.582071][-0.53175, -0.55249, 0.64187][0.39502, 0.32541, 0][-0.350642, 0.04055, 0.554333][-0.20296, -0.81878, 0.53703][0.40059, 0.32042, 0][-0.201374, 0.059739, 0.546369][-0.02888, -0.96794, 0.24952][0.40198, 0.28867, 0][-0.126133, 0.086212, 0.430479][0.08123, -0.90131, 0.42549][0.42450, 0.27055, 0][-0.119321, 0.065105, 0.514957][0.03103, -0.97029, 0.23993][0.40616, 0.26293, 0][-0.201374, 0.059739, 0.546369][-0.02888, -0.96794, 0.24952][0.40198, 0.28867, 0][-0.21558, 0.080363, 0.464721][0.06901, -0.90106, 0.42818][0.41535, 0.29423, 0][-0.126133, 0.086212, 0.430479][0.08123, -0.90131, 0.42549][0.42450, 0.27055, 0][-0.244171, -0.479723, 0.518175][0.00000, 0.94893, 0.31550][0.27677, 0.28371, 0][-0.303588, -0.491592, 0.470323][0.05187, 0.90379, 0.42482][0.26415, 0.30051, 0][-0.282107, -0.464934, 0.551507][-0.05832, 0.94380, 0.32534][0.28710, 0.29304, 0][-0.244171, -0.479723, 0.518175][0.00000, 0.94893, 0.31550][0.27677, 0.28371, 0][-0.262234, -0.507714, 0.433986][0.08617, 0.90425, 0.41823][0.25255, 0.29015, 0][-0.303588, -0.491592, 0.470323][0.05187, 0.90379, 0.42482][0.26415, 0.30051, 0][0.254028, 0.024029, 0.622281][0.45662, -0.81632, 0.35373][0.39799, 0.16034, 0][0.321404, -0.032685, 0.588579][0.53334, -0.55200, 0.64097][0.39290, 0.14173, 0][0.291219, -0.043963, 0.659988][0.74790, -0.52989, 0.39983][0.39377, 0.15812, 0][0.254028, 0.024029, 0.622281][0.45662, -0.81632, 0.35373][0.39799, 0.16034, 0][0.280861, 0.041435, 0.547474][0.25792, -0.78876, 0.55798][0.40268, 0.14899, 0][0.321404, -0.032685, 0.588579][0.53334, -0.55200, 0.64097][0.39290, 0.14173, 0][0.14276, -0.485379, 0.487969][-0.02367, 0.95129, 0.30738][0.27023, 0.17874, 0][0.071039, -0.518528, 0.371223][-0.05552, 0.90653, 0.41847][0.23636, 0.19332, 0][0.061551, -0.489643, 0.4606][-0.02601, 0.95202, 0.30492][0.26272, 0.19992, 0][0.14276, -0.485379, 0.487969][-0.02367, 0.95129, 0.30738][0.27023, 0.17874, 0][0.159566, -0.51388, 0.401058][-0.08849, 0.90791, 0.40971][0.24496, 0.16998, 0][0.071039, -0.518528, 0.371223][-0.05552, 0.90653, 0.41847][0.23636, 0.19332, 0][0.291219, -0.043963, 0.659988][0.74790, -0.52989, 0.39983][0.39377, 0.15812, 0][0.342627, -0.092438, 0.614454][0.64368, -0.34510, 0.68307][0.38481, 0.13944, 0][0.310688, -0.098776, 0.683724][0.85154, -0.31220, 0.42120][0.38858, 0.15731, 0][0.291219, -0.043963, 0.659988][0.74790, -0.52989, 0.39983][0.39377, 0.15812, 0][0.321404, -0.032685, 0.588579][0.53334, -0.55200, 0.64097][0.39290, 0.14173, 0][0.342627, -0.092438, 0.614454][0.64368, -0.34510, 0.68307][0.38481, 0.13944, 0][0.295126, -0.380789, 0.653705][0.74273, 0.49837, 0.44719][0.32781, 0.15399, 0][0.291796, -0.46489, 0.524147][0.17924, 0.83435, 0.52129][0.28389, 0.14031, 0][0.264059, -0.44044, 0.600882][0.36140, 0.84267, 0.39913][0.30449, 0.15347, 0][0.295126, -0.380789, 0.653705][0.74273, 0.49837, 0.44719][0.32781, 0.15399, 0][0.325663, -0.399864, 0.58173][0.53293, 0.53978, 0.65163][0.31087, 0.13577, 0][0.291796, -0.46489, 0.524147][0.17924, 0.83435, 0.52129][0.28389, 0.14031, 0][-0.38874, -0.210865, 0.703586][-0.82199, -0.09180, 0.56205][0.37161, 0.31061, 0][-0.407437, -0.097062, 0.614517][-0.67756, -0.29915, 0.67188][0.38198, 0.32901, 0][-0.37737, -0.103018, 0.683781][-0.80043, -0.22778, 0.55447][0.38671, 0.31154, 0][-0.38874, -0.210865, 0.703586][-0.82199, -0.09180, 0.56205][0.37161, 0.31061, 0][-0.419831, -0.214628, 0.636106][-0.72103, -0.06342, 0.68999][0.36152, 0.32773, 0][-0.407437, -0.097062, 0.614517][-0.67756, -0.29915, 0.67188][0.38198, 0.32901, 0][0.213536, 0.040447, 0.590564][0.12790, -0.95426, 0.27022][0.39946, 0.16485, 0][0.280861, 0.041435, 0.547474][0.25792, -0.78876, 0.55798][0.40268, 0.14899, 0][0.254028, 0.024029, 0.622281][0.45662, -0.81632, 0.35373][0.39799, 0.16034, 0][0.213536, 0.040447, 0.590564][0.12790, -0.95426, 0.27022][0.39946, 0.16485, 0][0.23672, 0.059332, 0.512899][-0.00808, -0.89783, 0.44027][0.40778, 0.15600, 0][0.280861, 0.041435, 0.547474][0.25792, -0.78876, 0.55798][0.40268, 0.14899, 0][0.312799, -0.270359, 0.689968][0.86706, 0.23890, 0.43719][0.35878, 0.15854, 0][0.325663, -0.399864, 0.58173][0.53293, 0.53978, 0.65163][0.31087, 0.13577, 0][0.295126, -0.380789, 0.653705][0.74273, 0.49837, 0.44719][0.32781, 0.15399, 0][0.312799, -0.270359, 0.689968][0.86706, 0.23890, 0.43719][0.35878, 0.15854, 0][0.344928, -0.279483, 0.621261][0.67492, 0.27911, 0.68306][0.34586, 0.13737, 0][0.325663, -0.399864, 0.58173][0.53293, 0.53978, 0.65163][0.31087, 0.13577, 0][0.310688, -0.098776, 0.683724][0.85154, -0.31220, 0.42120][0.38858, 0.15731, 0][0.353071, -0.209475, 0.636493][0.70673, 0.01970, 0.70721][0.36441, 0.13913, 0][0.320268, -0.206138, 0.703941][0.89875, 0.01906, 0.43804][0.37418, 0.15689, 0][0.310688, -0.098776, 0.683724][0.85154, -0.31220, 0.42120][0.38858, 0.15731, 0][0.342627, -0.092438, 0.614454][0.64368, -0.34510, 0.68307][0.38481, 0.13944, 0][0.353071, -0.209475, 0.636493][0.70673, 0.01970, 0.70721][0.36441, 0.13913, 0][-0.39029, -0.276063, 0.69505][-0.81636, 0.05247, 0.57515][0.35704, 0.30840, 0][-0.419831, -0.214628, 0.636106][-0.72103, -0.06342, 0.68999][0.36152, 0.32773, 0][-0.38874, -0.210865, 0.703586][-0.82199, -0.09180, 0.56205][0.37161, 0.31061, 0][-0.39029, -0.276063, 0.69505][-0.81636, 0.05247, 0.57515][0.35704, 0.30840, 0][-0.421521, -0.285701, 0.6268][-0.69891, 0.19126, 0.68917][0.34380, 0.32781, 0][-0.419831, -0.214628, 0.636106][-0.72103, -0.06342, 0.68999][0.36152, 0.32773, 0][-0.119321, 0.065105, 0.514957][0.03103, -0.97029, 0.23993][0.40616, 0.26293, 0][-0.032098, 0.086213, 0.4173][0.00285, -0.90298, 0.42967][0.43189, 0.23973, 0][-0.03306, 0.065106, 0.502868][0.00105, -0.97089, 0.23950][0.40956, 0.23476, 0][-0.119321, 0.065105, 0.514957][0.03103, -0.97029, 0.23993][0.40616, 0.26293, 0][-0.126133, 0.086212, 0.430479][0.08123, -0.90131, 0.42549][0.42450, 0.27055, 0][-0.032098, 0.086213, 0.4173][0.00285, -0.90298, 0.42967][0.43189, 0.23973, 0][-0.195958, -0.484687, 0.489964][0.05291, 0.95134, 0.30357][0.26964, 0.27115, 0][-0.262234, -0.507714, 0.433986][0.08617, 0.90425, 0.41823][0.25255, 0.29015, 0][-0.244171, -0.479723, 0.518175][0.00000, 0.94893, 0.31550][0.27677, 0.28371, 0][-0.195958, -0.484687, 0.489964][0.05291, 0.95134, 0.30357][0.26964, 0.27115, 0][-0.209676, -0.513126, 0.403233][0.11043, 0.90522, 0.41034][0.24436, 0.27617, 0][-0.262234, -0.507714, 0.433986][0.08617, 0.90425, 0.41823][0.25255, 0.29015, 0][0.061551, -0.489643, 0.4606][-0.02601, 0.95202, 0.30492][0.26272, 0.19992, 0][-0.023832, -0.523071, 0.357114][0.00704, 0.90490, 0.42557][0.23109, 0.21935, 0][-0.025477, -0.49381, 0.447658][0.01119, 0.95143, 0.30767][0.25854, 0.22380, 0][0.061551, -0.489643, 0.4606][-0.02601, 0.95202, 0.30492][0.26272, 0.19992, 0][0.071039, -0.518528, 0.371223][-0.05552, 0.90653, 0.41847][0.23636, 0.19332, 0][-0.023832, -0.523071, 0.357114][0.00704, 0.90490, 0.42557][0.23109, 0.21935, 0][-0.333701, -0.444759, 0.604656][-0.26672, 0.88599, 0.37931][0.30258, 0.30414, 0][-0.400817, -0.416903, 0.579213][-0.35947, 0.71736, 0.59681][0.30432, 0.32387, 0][-0.371298, -0.396419, 0.651396][-0.55685, 0.71096, 0.42948][0.32291, 0.30896, 0][-0.333701, -0.444759, 0.604656][-0.26672, 0.88599, 0.37931][0.30258, 0.30414, 0][-0.359831, -0.469599, 0.52826][-0.10872, 0.85870, 0.50082][0.28163, 0.31443, 0][-0.400817, -0.416903, 0.579213][-0.35947, 0.71736, 0.59681][0.30432, 0.32387, 0][0.135625, 0.060538, 0.543647][0.02969, -0.96769, 0.25040][0.40283, 0.18052, 0][0.23672, 0.059332, 0.512899][-0.00808, -0.89783, 0.44027][0.40778, 0.15600, 0][0.213536, 0.040447, 0.590564][0.12790, -0.95426, 0.27022][0.39946, 0.16485, 0][0.135625, 0.060538, 0.543647][0.02969, -0.96769, 0.25040][0.40283, 0.18052, 0][0.151788, 0.081233, 0.461754][-0.06486, -0.90263, 0.42551][0.41654, 0.17511, 0][0.23672, 0.059332, 0.512899][-0.00808, -0.89783, 0.44027][0.40778, 0.15600, 0][0.320268, -0.206138, 0.703941][0.89875, 0.01906, 0.43804][0.37418, 0.15689, 0][0.344928, -0.279483, 0.621261][0.67492, 0.27911, 0.68306][0.34586, 0.13737, 0][0.312799, -0.270359, 0.689968][0.86706, 0.23890, 0.43719][0.35878, 0.15854, 0][0.320268, -0.206138, 0.703941][0.89875, 0.01906, 0.43804][0.37418, 0.15689, 0][0.353071, -0.209475, 0.636493][0.70673, 0.01970, 0.70721][0.36441, 0.13913, 0][0.344928, -0.279483, 0.621261][0.67492, 0.27911, 0.68306][0.34586, 0.13737, 0][-0.37701, -0.385907, 0.658548][-0.74808, 0.27359, 0.60459][0.32649, 0.30979, 0][-0.421521, -0.285701, 0.6268][-0.69891, 0.19126, 0.68917][0.34380, 0.32781, 0][-0.39029, -0.276063, 0.69505][-0.81636, 0.05247, 0.57515][0.35704, 0.30840, 0][-0.37701, -0.385907, 0.658548][-0.74808, 0.27359, 0.60459][0.32649, 0.30979, 0][-0.407044, -0.405444, 0.587009][-0.55961, 0.49367, 0.66567][0.30863, 0.32491, 0][-0.421521, -0.285701, 0.6268][-0.69891, 0.19126, 0.68917][0.34380, 0.32781, 0][-0.37737, -0.103018, 0.683781][-0.80043, -0.22778, 0.55447][0.38671, 0.31154, 0][-0.382229, -0.002366, 0.582071][-0.53175, -0.55249, 0.64187][0.39502, 0.32541, 0][-0.354247, -0.016151, 0.654018][-0.71869, -0.41808, 0.55560][0.39424, 0.31123, 0][-0.37737, -0.103018, 0.683781][-0.80043, -0.22778, 0.55447][0.38671, 0.31154, 0][-0.407437, -0.097062, 0.614517][-0.67756, -0.29915, 0.67188][0.38198, 0.32901, 0][-0.382229, -0.002366, 0.582071][-0.53175, -0.55249, 0.64187][0.39502, 0.32541, 0][-0.113013, -0.49324, 0.45583][0.02548, 0.95118, 0.30759][0.26041, 0.24842, 0][-0.209676, -0.513126, 0.403233][0.11043, 0.90522, 0.41034][0.24436, 0.27617, 0][-0.195958, -0.484687, 0.489964][0.05291, 0.95134, 0.30357][0.26964, 0.27115, 0][-0.113013, -0.49324, 0.45583][0.02548, 0.95118, 0.30759][0.26041, 0.24842, 0][-0.119256, -0.522449, 0.366023][0.05658, 0.90448, 0.42275][0.23349, 0.25157, 0][-0.209676, -0.513126, 0.403233][0.11043, 0.90522, 0.41034][0.24436, 0.27617, 0][-0.325271, 0.023218, 0.628573][-0.50376, -0.66939, 0.54603][0.39628, 0.30969, 0][-0.300466, 0.059106, 0.515645][0.02212, -0.89858, 0.43825][0.40637, 0.31258, 0][-0.279243, 0.04024, 0.593083][-0.11462, -0.95750, 0.26469][0.39775, 0.30408, 0][-0.325271, 0.023218, 0.628573][-0.50376, -0.66939, 0.54603][0.39628, 0.30969, 0][-0.350642, 0.04055, 0.554333][-0.20296, -0.81878, 0.53703][0.40059, 0.32042, 0][-0.300466, 0.059106, 0.515645][0.02212, -0.89858, 0.43825][0.40637, 0.31258, 0][0.225898, -0.462355, 0.552533][0.06811, 0.94239, 0.32750][0.28969, 0.15952, 0][0.194759, -0.50412, 0.430226][-0.07283, 0.90789, 0.41283][0.25388, 0.16185, 0][0.175044, -0.476426, 0.514726][0.01561, 0.94907, 0.31469][0.27821, 0.17116, 0][0.225898, -0.462355, 0.552533][0.06811, 0.94239, 0.32750][0.28969, 0.15952, 0][0.250196, -0.48878, 0.47144][-0.04094, 0.90542, 0.42254][0.26679, 0.14877, 0][0.194759, -0.50412, 0.430226][-0.07283, 0.90789, 0.41283][0.25388, 0.16185, 0][0.264059, -0.44044, 0.600882][0.36140, 0.84267, 0.39913][0.30449, 0.15347, 0][0.250196, -0.48878, 0.47144][-0.04094, 0.90542, 0.42254][0.26679, 0.14877, 0][0.225898, -0.462355, 0.552533][0.06811, 0.94239, 0.32750][0.28969, 0.15952, 0][0.264059, -0.44044, 0.600882][0.36140, 0.84267, 0.39913][0.30449, 0.15347, 0][0.291796, -0.46489, 0.524147][0.17924, 0.83435, 0.52129][0.28389, 0.14031, 0][0.250196, -0.48878, 0.47144][-0.04094, 0.90542, 0.42254][0.26679, 0.14877, 0][-0.025477, -0.49381, 0.447658][0.01119, 0.95143, 0.30767][0.25854, 0.22380, 0][-0.119256, -0.522449, 0.366023][0.05658, 0.90448, 0.42275][0.23349, 0.25157, 0][-0.113013, -0.49324, 0.45583][0.02548, 0.95118, 0.30759][0.26041, 0.24842, 0][-0.025477, -0.49381, 0.447658][0.01119, 0.95143, 0.30767][0.25854, 0.22380, 0][-0.023832, -0.523071, 0.357114][0.00704, 0.90490, 0.42557][0.23082, 0.22451, 0][-0.119256, -0.522449, 0.366023][0.05658, 0.90448, 0.42275][0.23349, 0.25157, 0][-0.282107, -0.464934, 0.551507][-0.05832, 0.94380, 0.32534][0.28710, 0.29304, 0][-0.359831, -0.469599, 0.52826][-0.10872, 0.85870, 0.50082][0.28163, 0.31443, 0][-0.333701, -0.444759, 0.604656][-0.26672, 0.88599, 0.37931][0.30258, 0.30414, 0][-0.282107, -0.464934, 0.551507][-0.05832, 0.94380, 0.32534][0.28710, 0.29304, 0][-0.303588, -0.491592, 0.470323][0.05187, 0.90379, 0.42482][0.26415, 0.30051, 0][-0.359831, -0.469599, 0.52826][-0.10872, 0.85870, 0.50082][0.28163, 0.31443, 0][-0.279243, 0.04024, 0.593083][-0.11462, -0.95750, 0.26469][0.39775, 0.30408, 0][-0.21558, 0.080363, 0.464721][0.06901, -0.90106, 0.42818][0.41535, 0.29423, 0][-0.201374, 0.059739, 0.546369][-0.02888, -0.96794, 0.24952][0.40198, 0.28867, 0][-0.279243, 0.04024, 0.593083][-0.11462, -0.95750, 0.26469][0.39775, 0.30408, 0][-0.300466, 0.059106, 0.515645][0.02212, -0.89858, 0.43825][0.40637, 0.31258, 0][-0.21558, 0.080363, 0.464721][0.06901, -0.90106, 0.42818][0.41535, 0.29423, 0][0.053337, 0.065301, 0.513458][-0.03151, -0.97050, 0.23904][0.40673, 0.20677, 0][0.151788, 0.081233, 0.461754][-0.06486, -0.90263, 0.42551][0.41654, 0.17511, 0][0.135625, 0.060538, 0.543647][0.02969, -0.96769, 0.25040][0.40283, 0.18052, 0][0.053337, 0.065301, 0.513458][-0.03151, -0.97050, 0.23904][0.40673, 0.20677, 0][0.062085, 0.086426, 0.428844][-0.07760, -0.90299, 0.42259][0.42523, 0.19961, 0][0.151788, 0.081233, 0.461754][-0.06486, -0.90263, 0.42551][0.41654, 0.17511, 0][-0.371298, -0.396419, 0.651396][-0.57802, -0.13055, 0.80551][0.32291, 0.30896, 0][-0.282107, -0.464934, 0.551507][-0.57802, -0.13055, 0.80551][0.28710, 0.29304, 0][-0.333701, -0.444759, 0.604656][-0.57802, -0.13055, 0.80551][0.30258, 0.30414, 0][-0.371298, -0.396419, 0.651396][-0.57802, -0.13055, 0.80551][0.32291, 0.30896, 0][-0.244171, -0.479723, 0.518175][-0.57802, -0.13055, 0.80551][0.27677, 0.28371, 0][-0.282107, -0.464934, 0.551507][-0.57802, -0.13055, 0.80551][0.28710, 0.29304, 0][-0.371298, -0.396419, 0.651396][-0.57802, -0.13055, 0.80551][0.32291, 0.30896, 0][-0.195958, -0.484687, 0.489964][-0.57802, -0.13055, 0.80551][0.26964, 0.27115, 0][-0.244171, -0.479723, 0.518175][-0.57802, -0.13055, 0.80551][0.27677, 0.28371, 0][-0.371298, -0.396419, 0.651396][-0.57802, -0.13055, 0.80551][0.32291, 0.30896, 0][-0.113013, -0.49324, 0.45583][-0.57802, -0.13055, 0.80551][0.26041, 0.24842, 0][-0.195958, -0.484687, 0.489964][-0.57802, -0.13055, 0.80551][0.26964, 0.27115, 0][-0.371298, -0.396419, 0.651396][-0.57802, -0.13055, 0.80551][0.32291, 0.30896, 0][-0.025477, -0.49381, 0.447658][-0.57802, -0.13055, 0.80551][0.25854, 0.22380, 0][-0.113013, -0.49324, 0.45583][-0.57802, -0.13055, 0.80551][0.26041, 0.24842, 0][-0.371298, -0.396419, 0.651396][-0.57802, -0.13055, 0.80551][0.32291, 0.30896, 0][0.061551, -0.489643, 0.4606][-0.57802, -0.13055, 0.80551][0.26272, 0.19992, 0][-0.025477, -0.49381, 0.447658][-0.57802, -0.13055, 0.80551][0.25854, 0.22380, 0][-0.371298, -0.396419, 0.651396][-0.57802, -0.13055, 0.80551][0.32291, 0.30896, 0][0.14276, -0.485379, 0.487969][-0.57802, -0.13055, 0.80551][0.27023, 0.17874, 0][0.061551, -0.489643, 0.4606][-0.57802, -0.13055, 0.80551][0.26272, 0.19992, 0][-0.371298, -0.396419, 0.651396][-0.57802, -0.13055, 0.80551][0.32291, 0.30896, 0][0.175044, -0.476426, 0.514726][-0.57802, -0.13055, 0.80551][0.27821, 0.17116, 0][0.14276, -0.485379, 0.487969][-0.57802, -0.13055, 0.80551][0.27023, 0.17874, 0][-0.371298, -0.396419, 0.651396][-0.57802, -0.13055, 0.80551][0.32291, 0.30896, 0][0.225898, -0.462355, 0.552533][-0.57802, -0.13055, 0.80551][0.28969, 0.15952, 0][0.175044, -0.476426, 0.514726][-0.57802, -0.13055, 0.80551][0.27821, 0.17116, 0][-0.371298, -0.396419, 0.651396][-0.57802, -0.13055, 0.80551][0.32291, 0.30896, 0][0.264059, -0.44044, 0.600882][-0.57802, -0.13055, 0.80551][0.30449, 0.15347, 0][0.225898, -0.462355, 0.552533][-0.57802, -0.13055, 0.80551][0.28969, 0.15952, 0][-0.371298, -0.396419, 0.651396][-0.57802, -0.13055, 0.80551][0.32291, 0.30896, 0][0.295126, -0.380789, 0.653705][-0.57802, -0.13055, 0.80551][0.32781, 0.15399, 0][0.264059, -0.44044, 0.600882][-0.57802, -0.13055, 0.80551][0.30449, 0.15347, 0][-0.371298, -0.396419, 0.651396][-0.57802, -0.13055, 0.80551][0.32291, 0.30896, 0][0.312799, -0.270359, 0.689968][-0.57802, -0.13055, 0.80551][0.35878, 0.15854, 0][0.295126, -0.380789, 0.653705][-0.57802, -0.13055, 0.80551][0.32781, 0.15399, 0][-0.371298, -0.396419, 0.651396][-0.57802, -0.13055, 0.80551][0.32291, 0.30896, 0][0.320268, -0.206138, 0.703941][-0.57802, -0.13055, 0.80551][0.37418, 0.15689, 0][0.312799, -0.270359, 0.689968][-0.57802, -0.13055, 0.80551][0.35878, 0.15854, 0][-0.371298, -0.396419, 0.651396][-0.57802, -0.13055, 0.80551][0.32291, 0.30896, 0][0.310688, -0.098776, 0.683724][-0.57802, -0.13055, 0.80551][0.38858, 0.15731, 0][0.320268, -0.206138, 0.703941][-0.57802, -0.13055, 0.80551][0.37418, 0.15689, 0][-0.371298, -0.396419, 0.651396][-0.57802, -0.13055, 0.80551][0.32291, 0.30896, 0][0.291219, -0.043963, 0.659988][-0.57802, -0.13055, 0.80551][0.39377, 0.15812, 0][0.310688, -0.098776, 0.683724][-0.57802, -0.13055, 0.80551][0.38858, 0.15731, 0][-0.371298, -0.396419, 0.651396][-0.57802, -0.13055, 0.80551][0.32291, 0.30896, 0][0.254028, 0.024029, 0.622281][-0.57802, -0.13055, 0.80551][0.39799, 0.16034, 0][0.291219, -0.043963, 0.659988][-0.57802, -0.13055, 0.80551][0.39377, 0.15812, 0][-0.371298, -0.396419, 0.651396][-0.57802, -0.13055, 0.80551][0.32291, 0.30896, 0][0.213536, 0.040447, 0.590564][-0.57802, -0.13055, 0.80551][0.39946, 0.16485, 0][0.254028, 0.024029, 0.622281][-0.57802, -0.13055, 0.80551][0.39799, 0.16034, 0][-0.371298, -0.396419, 0.651396][-0.57802, -0.13055, 0.80551][0.32291, 0.30896, 0][0.135625, 0.060538, 0.543647][-0.57802, -0.13055, 0.80551][0.40283, 0.18052, 0][0.213536, 0.040447, 0.590564][-0.57802, -0.13055, 0.80551][0.39946, 0.16485, 0][-0.371298, -0.396419, 0.651396][-0.57802, -0.13055, 0.80551][0.32291, 0.30896, 0][0.053337, 0.065301, 0.513458][-0.57802, -0.13055, 0.80551][0.40673, 0.20677, 0][0.135625, 0.060538, 0.543647][-0.57802, -0.13055, 0.80551][0.40283, 0.18052, 0][-0.371298, -0.396419, 0.651396][-0.57802, -0.13055, 0.80551][0.32291, 0.30896, 0][-0.03306, 0.065106, 0.502868][-0.57802, -0.13055, 0.80551][0.40956, 0.23476, 0][0.053337, 0.065301, 0.513458][-0.57802, -0.13055, 0.80551][0.40673, 0.20677, 0][-0.371298, -0.396419, 0.651396][-0.57802, -0.13055, 0.80551][0.32291, 0.30896, 0][-0.119321, 0.065105, 0.514957][-0.57802, -0.13055, 0.80551][0.40616, 0.26293, 0][-0.03306, 0.065106, 0.502868][-0.57802, -0.13055, 0.80551][0.40956, 0.23476, 0][-0.371298, -0.396419, 0.651396][-0.57802, -0.13055, 0.80551][0.32291, 0.30896, 0][-0.201374, 0.059739, 0.546369][-0.57802, -0.13055, 0.80551][0.40198, 0.28867, 0][-0.119321, 0.065105, 0.514957][-0.57802, -0.13055, 0.80551][0.40616, 0.26293, 0][-0.371298, -0.396419, 0.651396][-0.57802, -0.13055, 0.80551][0.32291, 0.30896, 0][-0.279243, 0.04024, 0.593083][-0.57802, -0.13055, 0.80551][0.39775, 0.30408, 0][-0.201374, 0.059739, 0.546369][-0.57802, -0.13055, 0.80551][0.40198, 0.28867, 0][-0.371298, -0.396419, 0.651396][-0.57802, -0.13055, 0.80551][0.32291, 0.30896, 0][-0.325271, 0.023218, 0.628573][-0.50376, -0.66939, 0.54603][0.39628, 0.30969, 0][-0.279243, 0.04024, 0.593083][-0.57802, -0.13055, 0.80551][0.39775, 0.30408, 0][-0.371298, -0.396419, 0.651396][-0.57802, -0.13055, 0.80551][0.32291, 0.30896, 0][-0.354247, -0.016151, 0.654018][-0.71869, -0.41808, 0.55560][0.39424, 0.31123, 0][-0.325271, 0.023218, 0.628573][-0.50376, -0.66939, 0.54603][0.39628, 0.30969, 0][-0.371298, -0.396419, 0.651396][-0.57802, -0.13055, 0.80551][0.32291, 0.30896, 0][-0.37737, -0.103018, 0.683781][-0.80043, -0.22778, 0.55447][0.38671, 0.31154, 0][-0.354247, -0.016151, 0.654018][-0.71869, -0.41808, 0.55560][0.39424, 0.31123, 0][-0.371298, -0.396419, 0.651396][-0.57802, -0.13055, 0.80551][0.32291, 0.30896, 0][-0.38874, -0.210865, 0.703586][-0.82199, -0.09180, 0.56205][0.37161, 0.31061, 0][-0.37737, -0.103018, 0.683781][-0.80043, -0.22778, 0.55447][0.38671, 0.31154, 0][-0.371298, -0.396419, 0.651396][-0.57802, -0.13055, 0.80551][0.32291, 0.30896, 0][-0.39029, -0.276063, 0.69505][-0.81636, 0.05247, 0.57515][0.35704, 0.30840, 0][-0.38874, -0.210865, 0.703586][-0.82199, -0.09180, 0.56205][0.37161, 0.31061, 0][-0.371298, -0.396419, 0.651396][-0.57802, -0.13055, 0.80551][0.32291, 0.30896, 0][-0.37701, -0.385907, 0.658548][-0.74808, 0.27359, 0.60459][0.32649, 0.30979, 0][-0.39029, -0.276063, 0.69505][-0.81636, 0.05247, 0.57515][0.35704, 0.30840, 0][0.461121, -0.599635, 0.222742][-0.42817, 0.61191, 0.66501][0.32252, 0.77569, 0][0.52389, -0.61126, 0.246143][-0.48287, 0.57580, 0.65977][0.31181, 0.77507, 0][0.504047, -0.700528, 0.134255][-0.44056, 0.65997, 0.60857][0.32095, 0.79791, 0][0.398527, -0.635581, 0.143436][-0.34342, 0.71397, 0.61017][0.33639, 0.78827, 0][0.504047, -0.700528, 0.134255][-0.44056, 0.65997, 0.60857][0.32095, 0.79791, 0][0.392544, -0.671387, 0.097746][-0.34695, 0.72424, 0.59590][0.33949, 0.79759, 0][0.504047, -0.700528, 0.134255][-0.44056, 0.65997, 0.60857][0.32095, 0.79791, 0][0.398527, -0.635581, 0.143436][-0.34342, 0.71397, 0.61017][0.33639, 0.78827, 0][0.461121, -0.599635, 0.222742][-0.42817, 0.61191, 0.66501][0.32252, 0.77569, 0][-0.565334, -0.615702, 0.245542][0.40227, 0.52938, 0.74695][0.52930, 0.77684, 0][-0.663221, -0.643974, 0.299444][0.62632, 0.43374, 0.64775][0.54723, 0.77522, 0][-0.685956, -0.527764, 0.37684][0.60500, 0.28957, 0.74170][0.55365, 0.75262, 0][-0.565334, -0.615702, 0.245542][0.40227, 0.52938, 0.74695][0.52930, 0.77684, 0][-0.685956, -0.527764, 0.37684][0.60500, 0.28957, 0.74170][0.55365, 0.75262, 0][-0.590389, -0.510188, 0.317327][0.37763, 0.40136, 0.83445][0.53584, 0.75602, 0][-0.537025, -0.703499, 0.134363][0.45187, 0.64886, 0.61220][0.52019, 0.79778, 0][-0.565334, -0.615702, 0.245542][0.40227, 0.52938, 0.74695][0.52930, 0.77684, 0][-0.519351, -0.606719, 0.228931][0.37659, 0.61794, 0.69017][0.52149, 0.77725, 0][-0.519351, -0.606719, 0.228931][0.37659, 0.61794, 0.69017][0.47613, 0.87459, 0][-0.434724, -0.639811, 0.141755][0.34191, 0.70480, 0.62157][0.45130, 0.85884, 0][-0.537025, -0.703499, 0.134363][0.45187, 0.64886, 0.61220][0.47839, 0.84063, 0][-0.425665, -0.673324, 0.098236][0.33681, 0.72091, 0.60568][0.44714, 0.84564, 0][-0.537025, -0.703499, 0.134363][0.45187, 0.64886, 0.61220][0.47839, 0.84063, 0][-0.434724, -0.639811, 0.141755][0.34191, 0.70480, 0.62157][0.45130, 0.85884, 0][-0.378864, -0.788728, -0.070776][0.33894, 0.77198, 0.53774][0.48945, 0.83002, 0][-0.425665, -0.673324, 0.098236][0.33681, 0.72091, 0.60568][0.50162, 0.79747, 0][-0.3725, -0.664069, 0.087082][0.08554, 0.90616, 0.41419][0.49304, 0.79732, 0][-0.270544, -0.765545, -0.095826][0.23827, 0.83715, 0.49235][0.47163, 0.82947, 0][-0.378864, -0.788728, -0.070776][0.33894, 0.77198, 0.53774][0.48945, 0.83002, 0][-0.29342, -0.672212, 0.040809][0.12393, 0.91311, 0.38842][0.47932, 0.80304, 0][-0.3725, -0.664069, 0.087082][0.08554, 0.90616, 0.41419][0.49304, 0.79732, 0][-0.29342, -0.672212, 0.040809][0.12393, 0.91311, 0.38842][0.47932, 0.80304, 0][-0.378864, -0.788728, -0.070776][0.33894, 0.77198, 0.53774][0.48945, 0.83002, 0][-0.590389, -0.510188, 0.317327][0.37763, 0.40136, 0.83445][0.53584, 0.75602, 0][-0.581019, -0.527431, 0.305597][0.19346, 0.52815, 0.82682][0.53402, 0.75939, 0][-0.565334, -0.615702, 0.245542][0.40227, 0.52938, 0.74695][0.52930, 0.77684, 0][0.26216, -0.673347, 0.037536][-0.13021, 0.89287, 0.43107][0.36190, 0.80361, 0][0.358061, -0.787465, -0.070676][-0.35117, 0.77757, 0.52159][0.35154, 0.83004, 0][0.249812, -0.764646, -0.095648][-0.23583, 0.83607, 0.49534][0.36928, 0.82937, 0][0.26216, -0.673347, 0.037536][-0.13021, 0.89287, 0.43107][0.27505, 0.83707, 0][0.392544, -0.671387, 0.097746][-0.34695, 0.72424, 0.59590][0.22922, 0.84443, 0][0.358061, -0.787465, -0.070676][-0.35117, 0.77757, 0.52159][0.24147, 0.78350, 0]