version 1.00
1176
[-0.0032785, -0.137377, 0.0187415][-0.38452, 0.92095, 0.06313][0.31281, 0.87255, 0][-0.0280365, -0.146895, 0.0456015][-0.38452, 0.92095, 0.06313][0.28679, 0.84678, 0][-0.0014795, -0.147751, 0.0432925][-0.38454, 0.92095, 0.06312][0.31281, 0.84672, 0][-0.0032785, -0.137377, 0.0187415][-0.38452, 0.92095, 0.06313][0.31281, 0.87255, 0][-0.0298365, -0.13652, 0.0210495][-0.38452, 0.92096, 0.06312][0.28679, 0.87261, 0][-0.0280365, -0.146895, 0.0456015][-0.38452, 0.92095, 0.06313][0.28679, 0.84678, 0][-0.0044285, -0.190781, 0.0253265][0.08654, -0.03212, 0.99573][0.19441, 0.71858, 0][-0.0032785, -0.137377, 0.0187415][0.08655, -0.03211, 0.99573][0.17407, 0.67068, 0][-0.0014795, -0.147751, 0.0432925][0.08653, -0.03211, 0.99573][0.19441, 0.67577, 0][-0.0044285, -0.190781, 0.0253265][0.08654, -0.03212, 0.99573][0.19441, 0.71858, 0][-0.0062275, -0.180407, 0.000775494][0.08655, -0.03212, 0.99573][0.17407, 0.71349, 0][-0.0032785, -0.137377, 0.0187415][0.08655, -0.03211, 0.99573][0.17407, 0.67068, 0][-0.110658, -0.187355, 0.0345595][-0.91905, -0.38834, 0.06735][0.73891, 0.13103, 0][-0.0811515, -0.145182, 0.0502175][-0.91905, -0.38834, 0.06735][0.76477, 0.17025, 0][-0.107709, -0.144325, 0.0525255][-0.91905, -0.38835, 0.06734][0.73891, 0.17141, 0][-0.110658, -0.187355, 0.0345595][-0.91905, -0.38834, 0.06735][0.73891, 0.13103, 0][-0.0841005, -0.188211, 0.0322515][-0.91905, -0.38834, 0.06735][0.76477, 0.12987, 0][-0.0811515, -0.145182, 0.0502175][-0.91905, -0.38834, 0.06735][0.76477, 0.17025, 0][-0.0186735, -0.288747, -0.102227][0.38453, -0.92095, -0.06314][0.87794, 0.39337, 0][-0.0470305, -0.277516, -0.12447][0.38451, -0.92096, -0.06312][0.85632, 0.41920, 0][-0.0204735, -0.278373, -0.126777][0.38451, -0.92096, -0.06314][0.85632, 0.39512, 0][-0.0186735, -0.288747, -0.102227][0.38453, -0.92095, -0.06314][0.87794, 0.39337, 0][-0.0452315, -0.28789, -0.0999175][0.38453, -0.92095, -0.06312][0.87794, 0.41745, 0][-0.0470305, -0.277516, -0.12447][0.38451, -0.92096, -0.06312][0.85632, 0.41920, 0][-0.0116255, -0.149284, -0.0728805][0.91905, 0.38834, -0.06735][0.00189, 0.78639, 0][-0.0352345, -0.105398, -0.0526065][0.91905, 0.38834, -0.06736][0.02795, 0.83097, 0][-0.0086765, -0.106254, -0.0549145][0.91905, 0.38834, -0.06735][0.00189, 0.83082, 0][-0.0116255, -0.149284, -0.0728805][0.91905, 0.38834, -0.06735][0.00189, 0.78639, 0][-0.0381835, -0.148427, -0.0705725][0.91905, 0.38834, -0.06736][0.02795, 0.78654, 0][-0.0352345, -0.105398, -0.0526065][0.91905, 0.38834, -0.06736][0.02795, 0.83097, 0][-0.117856, -0.145858, -0.0636475][-0.08655, 0.03211, -0.99573][0.63513, 0.14233, 0][-0.113107, -0.113203, -0.0211295][-0.08653, 0.03211, -0.99573][0.66107, 0.18789, 0][-0.114906, -0.102828, -0.0456815][-0.08653, 0.03211, -0.99573][0.63513, 0.18795, 0][-0.117856, -0.145858, -0.0636475][-0.08655, 0.03211, -0.99573][0.63513, 0.14233, 0][-0.116056, -0.156232, -0.0390955][-0.08654, 0.03211, -0.99573][0.66107, 0.14227, 0][-0.113107, -0.113203, -0.0211295][-0.08653, 0.03211, -0.99573][0.66107, 0.18789, 0][-0.123754, -0.231917, -0.0995795][-0.08655, 0.03211, -0.99573][0.63513, 0.05111, 0][-0.119005, -0.199262, -0.0570615][-0.08655, 0.03211, -0.99573][0.66107, 0.09666, 0][-0.120805, -0.188888, -0.0816135][-0.08656, 0.03210, -0.99573][0.63513, 0.09672, 0][-0.123754, -0.231917, -0.0995795][-0.08655, 0.03211, -0.99573][0.63513, 0.05111, 0][-0.121955, -0.242291, -0.0750275][-0.08655, 0.03211, -0.99573][0.66107, 0.05105, 0][-0.119005, -0.199262, -0.0570615][-0.08655, 0.03211, -0.99573][0.66107, 0.09666, 0][-0.120155, -0.252666, -0.0504755][-0.08654, 0.03211, -0.99573][0.68702, 0.05099, 0][-0.115407, -0.22001, -0.0079585][-0.08654, 0.03211, -0.99573][0.71296, 0.09654, 0][-0.117206, -0.209636, -0.0325095][-0.08653, 0.03211, -0.99573][0.68702, 0.09660, 0][-0.120155, -0.252666, -0.0504755][-0.08654, 0.03211, -0.99573][0.68702, 0.05099, 0][-0.118356, -0.26304, -0.0259235][-0.08653, 0.03211, -0.99573][0.71296, 0.05093, 0][-0.115407, -0.22001, -0.0079585][-0.08654, 0.03211, -0.99573][0.71296, 0.09654, 0][-0.114257, -0.166606, -0.0145445][-0.08653, 0.03211, -0.99573][0.68702, 0.14221, 0][-0.109509, -0.133951, 0.0279735][-0.08655, 0.03211, -0.99573][0.71296, 0.18776, 0][-0.111308, -0.123577, 0.0034215][-0.08653, 0.03211, -0.99573][0.68702, 0.18782, 0][-0.114257, -0.166606, -0.0145445][-0.08653, 0.03211, -0.99573][0.68702, 0.14221, 0][-0.112458, -0.176981, 0.0100075][-0.08655, 0.03211, -0.99573][0.71296, 0.14215, 0][-0.109509, -0.133951, 0.0279735][-0.08655, 0.03211, -0.99573][0.71296, 0.18776, 0][-0.0175245, -0.235343, -0.108812][0.91905, 0.38834, -0.06735][0.00189, 0.69752, 0][-0.0411325, -0.191457, -0.0885375][0.91905, 0.38834, -0.06736][0.02795, 0.74211, 0][-0.0145745, -0.192313, -0.0908455][0.91905, 0.38834, -0.06735][0.00189, 0.74195, 0][-0.0175245, -0.235343, -0.108812][0.91905, 0.38834, -0.06735][0.00189, 0.69752, 0][-0.0440815, -0.234487, -0.106504][0.91905, 0.38834, -0.06735][0.02795, 0.69768, 0][-0.0411325, -0.191457, -0.0885375][0.91905, 0.38834, -0.06736][0.02795, 0.74211, 0][-0.0706385, -0.23363, -0.104196][0.91905, 0.38834, -0.06735][0.05402, 0.69783, 0][-0.0942465, -0.189744, -0.0839215][0.91905, 0.38834, -0.06735][0.08008, 0.74241, 0][-0.0676895, -0.1906, -0.0862295][0.91905, 0.38834, -0.06736][0.05402, 0.74226, 0][-0.0706385, -0.23363, -0.104196][0.91905, 0.38834, -0.06735][0.05402, 0.69783, 0][-0.0971965, -0.232774, -0.101888][0.91905, 0.38834, -0.06735][0.08008, 0.69798, 0][-0.0942465, -0.189744, -0.0839215][0.91905, 0.38834, -0.06735][0.08008, 0.74241, 0][-0.0647405, -0.147571, -0.0682635][0.91905, 0.38835, -0.06736][0.05402, 0.78669, 0][-0.0883485, -0.103685, -0.0479895][0.91905, 0.38834, -0.06735][0.08008, 0.83128, 0][-0.0617915, -0.104541, -0.0502975][0.91905, 0.38834, -0.06736][0.05402, 0.83112, 0][-0.0647405, -0.147571, -0.0682635][0.91905, 0.38835, -0.06736][0.05402, 0.78669, 0][-0.0912975, -0.146714, -0.0659555][0.91905, 0.38834, -0.06735][0.08008, 0.78685, 0][-0.0883485, -0.103685, -0.0479895][0.91905, 0.38834, -0.06735][0.08008, 0.83128, 0][-0.0150755, -0.309495, -0.0531225][0.38453, -0.92095, -0.06310][0.92117, 0.38988, 0][-0.0434325, -0.298265, -0.0753665][0.38453, -0.92095, -0.06313][0.89956, 0.41570, 0][-0.0168745, -0.299121, -0.0776745][0.38453, -0.92095, -0.06313][0.89956, 0.39162, 0][-0.0150755, -0.309495, -0.0531225][0.38453, -0.92095, -0.06310][0.92117, 0.38988, 0][-0.0416325, -0.308639, -0.0508145][0.38452, -0.92096, -0.06311][0.92117, 0.41396, 0][-0.0434325, -0.298265, -0.0753665][0.38453, -0.92095, -0.06313][0.89956, 0.41570, 0][-0.0681905, -0.307783, -0.0485065][0.38452, -0.92096, -0.06312][0.92117, 0.43804, 0][-0.0965465, -0.296552, -0.0707495][0.38453, -0.92095, -0.06312][0.89956, 0.46387, 0][-0.0699895, -0.297408, -0.0730575][0.38453, -0.92095, -0.06312][0.89956, 0.43979, 0][-0.0681905, -0.307783, -0.0485065][0.38452, -0.92096, -0.06312][0.92117, 0.43804, 0][-0.0947475, -0.306926, -0.0461985][0.38453, -0.92095, -0.06312][0.92117, 0.46212, 0][-0.0965465, -0.296552, -0.0707495][0.38453, -0.92095, -0.06312][0.89956, 0.46387, 0][-0.0717885, -0.287034, -0.0976095][0.38452, -0.92096, -0.06311][0.87794, 0.44153, 0][-0.100146, -0.275803, -0.119854][0.38451, -0.92096, -0.06312][0.85632, 0.46736, 0][-0.0735875, -0.27666, -0.122162][0.38451, -0.92096, -0.06312][0.85632, 0.44328, 0][-0.0717885, -0.287034, -0.0976095][0.38452, -0.92096, -0.06311][0.87794, 0.44153, 0][-0.0983455, -0.286178, -0.0953015][0.38451, -0.92096, -0.06312][0.87794, 0.46561, 0][-0.100146, -0.275803, -0.119854][0.38451, -0.92096, -0.06312][0.85632, 0.46736, 0][-0.116557, -0.273414, -0.0013725][-0.91905, -0.38834, 0.06734][0.73891, 0.05027, 0][-0.0870495, -0.231241, 0.0142855][-0.91905, -0.38834, 0.06735][0.76477, 0.08949, 0][-0.113608, -0.230385, 0.0165935][-0.91905, -0.38834, 0.06735][0.73891, 0.09065, 0][-0.116557, -0.273414, -0.0013725][-0.91905, -0.38834, 0.06734][0.73891, 0.05027, 0][-0.0899985, -0.274271, -0.0036805][-0.91905, -0.38834, 0.06735][0.76477, 0.04911, 0][-0.0870495, -0.231241, 0.0142855][-0.91905, -0.38834, 0.06735][0.76477, 0.08949, 0][-0.0634415, -0.275127, -0.0059885][-0.91905, -0.38834, 0.06735][0.79064, 0.04795, 0][-0.0339355, -0.232954, 0.00966949][-0.91905, -0.38834, 0.06736][0.81651, 0.08717, 0][-0.0604925, -0.232098, 0.0119775][-0.91905, -0.38834, 0.06735][0.79064, 0.08833, 0][-0.0634415, -0.275127, -0.0059885][-0.91905, -0.38834, 0.06735][0.79064, 0.04795, 0][-0.0368845, -0.275984, -0.00829651][-0.91905, -0.38835, 0.06735][0.81651, 0.04679, 0][-0.0339355, -0.232954, 0.00966949][-0.91905, -0.38834, 0.06736][0.81651, 0.08717, 0][-0.0575435, -0.189068, 0.0299435][-0.91905, -0.38834, 0.06735][0.79064, 0.12871, 0][-0.0280365, -0.146895, 0.0456015][-0.91905, -0.38835, 0.06736][0.81651, 0.16793, 0][-0.0545945, -0.146038, 0.0479095][-0.91905, -0.38834, 0.06735][0.79064, 0.16909, 0][-0.0575435, -0.189068, 0.0299435][-0.91905, -0.38834, 0.06735][0.79064, 0.12871, 0][-0.0309855, -0.189924, 0.0276355][-0.91905, -0.38835, 0.06736][0.81651, 0.12755, 0][-0.0280365, -0.146895, 0.0456015][-0.91905, -0.38835, 0.06736][0.81651, 0.16793, 0][-0.0103265, -0.27684, -0.0106045][0.08657, -0.03211, 0.99573][0.19441, 0.80419, 0][-0.0091775, -0.223436, -0.0171905][0.08655, -0.03212, 0.99573][0.17407, 0.75630, 0][-0.0073775, -0.233811, 0.00736149][0.08655, -0.03212, 0.99573][0.19441, 0.76138, 0][-0.0103265, -0.27684, -0.0106045][0.08657, -0.03211, 0.99573][0.19441, 0.80419, 0][-0.0121265, -0.266466, -0.0351565][0.08655, -0.03211, 0.99573][0.17407, 0.79910, 0][-0.0091775, -0.223436, -0.0171905][0.08655, -0.03212, 0.99573][0.17407, 0.75630, 0][-0.0139255, -0.256092, -0.0597085][0.08653, -0.03211, 0.99573][0.15373, 0.79401, 0][-0.0127755, -0.202688, -0.0662945][0.08653, -0.03211, 0.99573][0.13340, 0.74612, 0][-0.0109765, -0.213062, -0.0417425][0.08654, -0.03211, 0.99573][0.15373, 0.75121, 0][-0.0139255, -0.256092, -0.0597085][0.08653, -0.03211, 0.99573][0.15373, 0.79401, 0][-0.0157245, -0.245717, -0.0842605][0.08654, -0.03211, 0.99573][0.13340, 0.78893, 0][-0.0127755, -0.202688, -0.0662945][0.08653, -0.03211, 0.99573][0.13340, 0.74612, 0][-0.0080275, -0.170032, -0.0237765][0.08655, -0.03211, 0.99573][0.15373, 0.70840, 0][-0.0068775, -0.116628, -0.0303625][0.08653, -0.03211, 0.99573][0.13340, 0.66051, 0][-0.0050785, -0.127003, -0.00581051][0.08655, -0.03211, 0.99573][0.15373, 0.66560, 0][-0.0080275, -0.170032, -0.0237765][0.08655, -0.03211, 0.99573][0.15373, 0.70840, 0][-0.0098265, -0.159658, -0.0483285][0.08653, -0.03211, 0.99573][0.13340, 0.70332, 0][-0.0068775, -0.116628, -0.0303625][0.08653, -0.03211, 0.99573][0.13340, 0.66051, 0][-0.0068775, -0.116628, -0.0303625][-0.38451, 0.92096, 0.06312][0.31281, 0.92420, 0][-0.0316355, -0.126146, -0.00350251][-0.38451, 0.92096, 0.06312][0.28679, 0.89843, 0][-0.0050785, -0.127003, -0.00581051][-0.38451, 0.92096, 0.06314][0.31281, 0.89837, 0][-0.0068775, -0.116628, -0.0303625][-0.38451, 0.92096, 0.06312][0.31281, 0.92420, 0][-0.0334345, -0.115772, -0.0280545][-0.38451, 0.92096, 0.06312][0.28679, 0.92426, 0][-0.0316355, -0.126146, -0.00350251][-0.38451, 0.92096, 0.06312][0.28679, 0.89843, 0][-0.0599925, -0.114915, -0.0257465][-0.38452, 0.92095, 0.06312][0.26077, 0.92431, 0][-0.0847495, -0.124433, 0.0011135][-0.38453, 0.92095, 0.06312][0.23475, 0.89855, 0][-0.0581925, -0.12529, -0.00119451][-0.38453, 0.92095, 0.06311][0.26077, 0.89849, 0][-0.0599925, -0.114915, -0.0257465][-0.38452, 0.92095, 0.06312][0.26077, 0.92431, 0][-0.0865495, -0.114059, -0.0234375][-0.38453, 0.92095, 0.06312][0.23475, 0.92437, 0][-0.0847495, -0.124433, 0.0011135][-0.38453, 0.92095, 0.06312][0.23475, 0.89855, 0][-0.0563935, -0.135664, 0.0233575][-0.38452, 0.92096, 0.06311][0.26077, 0.87266, 0][-0.0811515, -0.145182, 0.0502175][-0.38451, 0.92096, 0.06312][0.23475, 0.84690, 0][-0.0545945, -0.146038, 0.0479095][-0.38451, 0.92096, 0.06312][0.26077, 0.84684, 0][-0.0563935, -0.135664, 0.0233575][-0.38452, 0.92096, 0.06311][0.26077, 0.87266, 0][-0.0829505, -0.134808, 0.0256655][-0.38452, 0.92096, 0.06312][0.23475, 0.87272, 0][-0.0811515, -0.145182, 0.0502175][-0.38451, 0.92096, 0.06312][0.23475, 0.84690, 0][-0.0581925, -0.12529, -0.00119451][-0.38453, 0.92095, 0.06311][0.26077, 0.89849, 0][-0.0829505, -0.134808, 0.0256655][-0.38452, 0.92096, 0.06312][0.23475, 0.87272, 0][-0.0563935, -0.135664, 0.0233575][-0.38452, 0.92096, 0.06311][0.26077, 0.87266, 0][-0.0581925, -0.12529, -0.00119451][-0.38453, 0.92095, 0.06311][0.26077, 0.89849, 0][-0.0847495, -0.124433, 0.0011135][-0.38453, 0.92095, 0.06312][0.23475, 0.89855, 0][-0.0829505, -0.134808, 0.0256655][-0.38452, 0.92096, 0.06312][0.23475, 0.87272, 0][-0.0847495, -0.124433, 0.0011135][-0.38453, 0.92095, 0.06312][0.23475, 0.89855, 0][-0.109509, -0.133951, 0.0279735][-0.38451, 0.92096, 0.06314][0.20873, 0.87278, 0][-0.0829505, -0.134808, 0.0256655][-0.38452, 0.92096, 0.06312][0.23475, 0.87272, 0][-0.0847495, -0.124433, 0.0011135][-0.38453, 0.92095, 0.06312][0.23475, 0.89855, 0][-0.111308, -0.123577, 0.0034215][-0.38452, 0.92096, 0.06312][0.20873, 0.89860, 0][-0.109509, -0.133951, 0.0279735][-0.38451, 0.92096, 0.06314][0.20873, 0.87278, 0][-0.0829505, -0.134808, 0.0256655][-0.38452, 0.92096, 0.06312][0.23475, 0.87272, 0][-0.107709, -0.144325, 0.0525255][-0.38451, 0.92096, 0.06314][0.20873, 0.84695, 0][-0.0811515, -0.145182, 0.0502175][-0.38451, 0.92096, 0.06312][0.23475, 0.84690, 0][-0.0829505, -0.134808, 0.0256655][-0.38452, 0.92096, 0.06312][0.23475, 0.87272, 0][-0.109509, -0.133951, 0.0279735][-0.38451, 0.92096, 0.06314][0.20873, 0.87278, 0][-0.107709, -0.144325, 0.0525255][-0.38451, 0.92096, 0.06314][0.20873, 0.84695, 0][-0.0617915, -0.104541, -0.0502975][-0.38452, 0.92095, 0.06313][0.26077, 0.95014, 0][-0.0865495, -0.114059, -0.0234375][-0.38453, 0.92095, 0.06312][0.23475, 0.92437, 0][-0.0599925, -0.114915, -0.0257465][-0.38452, 0.92095, 0.06312][0.26077, 0.92431, 0][-0.0617915, -0.104541, -0.0502975][-0.38452, 0.92095, 0.06313][0.26077, 0.95014, 0][-0.0883485, -0.103685, -0.0479895][-0.38453, 0.92095, 0.06311][0.23475, 0.95020, 0][-0.0865495, -0.114059, -0.0234375][-0.38453, 0.92095, 0.06312][0.23475, 0.92437, 0][-0.0883485, -0.103685, -0.0479895][-0.38453, 0.92095, 0.06311][0.23475, 0.95020, 0][-0.113107, -0.113203, -0.0211295][-0.38453, 0.92095, 0.06310][0.20873, 0.92443, 0][-0.0865495, -0.114059, -0.0234375][-0.38453, 0.92095, 0.06312][0.23475, 0.92437, 0][-0.0883485, -0.103685, -0.0479895][-0.38453, 0.92095, 0.06311][0.23475, 0.95020, 0][-0.114906, -0.102828, -0.0456815][-0.38454, 0.92095, 0.06310][0.20873, 0.95025, 0][-0.113107, -0.113203, -0.0211295][-0.38453, 0.92095, 0.06310][0.20873, 0.92443, 0][-0.0865495, -0.114059, -0.0234375][-0.38453, 0.92095, 0.06312][0.23475, 0.92437, 0][-0.111308, -0.123577, 0.0034215][-0.38452, 0.92096, 0.06312][0.20873, 0.89860, 0][-0.0847495, -0.124433, 0.0011135][-0.38453, 0.92095, 0.06312][0.23475, 0.89855, 0][-0.0865495, -0.114059, -0.0234375][-0.38453, 0.92095, 0.06312][0.23475, 0.92437, 0][-0.113107, -0.113203, -0.0211295][-0.38453, 0.92095, 0.06310][0.20873, 0.92443, 0][-0.111308, -0.123577, 0.0034215][-0.38452, 0.92096, 0.06312][0.20873, 0.89860, 0][-0.0086765, -0.106254, -0.0549145][-0.38451, 0.92096, 0.06310][0.31281, 0.95002, 0][-0.0334345, -0.115772, -0.0280545][-0.38451, 0.92096, 0.06312][0.28679, 0.92426, 0][-0.0068775, -0.116628, -0.0303625][-0.38451, 0.92096, 0.06312][0.31281, 0.92420, 0][-0.0086765, -0.106254, -0.0549145][-0.38451, 0.92096, 0.06310][0.31281, 0.95002, 0][-0.0352345, -0.105398, -0.0526065][-0.38452, 0.92096, 0.06312][0.28679, 0.95008, 0][-0.0334345, -0.115772, -0.0280545][-0.38451, 0.92096, 0.06312][0.28679, 0.92426, 0][-0.0352345, -0.105398, -0.0526065][-0.38452, 0.92096, 0.06312][0.28679, 0.95008, 0][-0.0599925, -0.114915, -0.0257465][-0.38452, 0.92095, 0.06312][0.26077, 0.92431, 0][-0.0334345, -0.115772, -0.0280545][-0.38451, 0.92096, 0.06312][0.28679, 0.92426, 0][-0.0352345, -0.105398, -0.0526065][-0.38452, 0.92096, 0.06312][0.28679, 0.95008, 0][-0.0617915, -0.104541, -0.0502975][-0.38452, 0.92095, 0.06313][0.26077, 0.95014, 0][-0.0599925, -0.114915, -0.0257465][-0.38452, 0.92095, 0.06312][0.26077, 0.92431, 0][-0.0334345, -0.115772, -0.0280545][-0.38451, 0.92096, 0.06312][0.28679, 0.92426, 0][-0.0581925, -0.12529, -0.00119451][-0.38453, 0.92095, 0.06311][0.26077, 0.89849, 0][-0.0316355, -0.126146, -0.00350251][-0.38451, 0.92096, 0.06312][0.28679, 0.89843, 0][-0.0334345, -0.115772, -0.0280545][-0.38451, 0.92096, 0.06312][0.28679, 0.92426, 0][-0.0599925, -0.114915, -0.0257465][-0.38452, 0.92095, 0.06312][0.26077, 0.92431, 0][-0.0581925, -0.12529, -0.00119451][-0.38453, 0.92095, 0.06311][0.26077, 0.89849, 0][-0.0109765, -0.213062, -0.0417425][0.08654, -0.03211, 0.99573][0.15373, 0.75121, 0][-0.0098265, -0.159658, -0.0483285][0.08653, -0.03211, 0.99573][0.13340, 0.70332, 0][-0.0080275, -0.170032, -0.0237765][0.08655, -0.03211, 0.99573][0.15373, 0.70840, 0][-0.0109765, -0.213062, -0.0417425][0.08654, -0.03211, 0.99573][0.15373, 0.75121, 0][-0.0127755, -0.202688, -0.0662945][0.08653, -0.03211, 0.99573][0.13340, 0.74612, 0][-0.0098265, -0.159658, -0.0483285][0.08653, -0.03211, 0.99573][0.13340, 0.70332, 0][-0.0127755, -0.202688, -0.0662945][0.08653, -0.03211, 0.99573][0.13340, 0.74612, 0][-0.0116255, -0.149284, -0.0728805][0.08653, -0.03211, 0.99573][0.11306, 0.69823, 0][-0.0098265, -0.159658, -0.0483285][0.08653, -0.03211, 0.99573][0.13340, 0.70332, 0][-0.0127755, -0.202688, -0.0662945][0.08653, -0.03211, 0.99573][0.13340, 0.74612, 0][-0.0145745, -0.192313, -0.0908455][0.08653, -0.03211, 0.99573][0.11306, 0.74103, 0][-0.0116255, -0.149284, -0.0728805][0.08653, -0.03211, 0.99573][0.11306, 0.69823, 0][-0.0098265, -0.159658, -0.0483285][0.08653, -0.03211, 0.99573][0.13340, 0.70332, 0][-0.0086765, -0.106254, -0.0549145][0.08653, -0.03211, 0.99573][0.11306, 0.65542, 0][-0.0068775, -0.116628, -0.0303625][0.08653, -0.03211, 0.99573][0.13340, 0.66051, 0][-0.0098265, -0.159658, -0.0483285][0.08653, -0.03211, 0.99573][0.13340, 0.70332, 0][-0.0116255, -0.149284, -0.0728805][0.08653, -0.03211, 0.99573][0.11306, 0.69823, 0][-0.0086765, -0.106254, -0.0549145][0.08653, -0.03211, 0.99573][0.11306, 0.65542, 0][-0.0168745, -0.299121, -0.0776745][0.08653, -0.03211, 0.99573][0.15373, 0.83682, 0][-0.0157245, -0.245717, -0.0842605][0.08654, -0.03211, 0.99573][0.13340, 0.78893, 0][-0.0139255, -0.256092, -0.0597085][0.08653, -0.03211, 0.99573][0.15373, 0.79401, 0][-0.0168745, -0.299121, -0.0776745][0.08653, -0.03211, 0.99573][0.15373, 0.83682, 0][-0.0186735, -0.288747, -0.102227][0.08655, -0.03211, 0.99573][0.13340, 0.83173, 0][-0.0157245, -0.245717, -0.0842605][0.08654, -0.03211, 0.99573][0.13340, 0.78893, 0][-0.0186735, -0.288747, -0.102227][0.08655, -0.03211, 0.99573][0.13340, 0.83173, 0][-0.0175245, -0.235343, -0.108812][0.08655, -0.03210, 0.99573][0.11306, 0.78384, 0][-0.0157245, -0.245717, -0.0842605][0.08654, -0.03211, 0.99573][0.13340, 0.78893, 0][-0.0186735, -0.288747, -0.102227][0.08655, -0.03211, 0.99573][0.13340, 0.83173, 0][-0.0204735, -0.278373, -0.126777][0.08657, -0.03210, 0.99573][0.11306, 0.82665, 0][-0.0175245, -0.235343, -0.108812][0.08655, -0.03210, 0.99573][0.11306, 0.78384, 0][-0.0157245, -0.245717, -0.0842605][0.08654, -0.03211, 0.99573][0.13340, 0.78893, 0][-0.0145745, -0.192313, -0.0908455][0.08653, -0.03211, 0.99573][0.11306, 0.74103, 0][-0.0127755, -0.202688, -0.0662945][0.08653, -0.03211, 0.99573][0.13340, 0.74612, 0][-0.0157245, -0.245717, -0.0842605][0.08654, -0.03211, 0.99573][0.13340, 0.78893, 0][-0.0175245, -0.235343, -0.108812][0.08655, -0.03210, 0.99573][0.11306, 0.78384, 0][-0.0145745, -0.192313, -0.0908455][0.08653, -0.03211, 0.99573][0.11306, 0.74103, 0][-0.0132765, -0.31987, -0.0285705][0.08657, -0.03212, 0.99573][0.19441, 0.84699, 0][-0.0121265, -0.266466, -0.0351565][0.08655, -0.03211, 0.99573][0.17407, 0.79910, 0][-0.0103265, -0.27684, -0.0106045][0.08657, -0.03211, 0.99573][0.19441, 0.80419, 0][-0.0132765, -0.31987, -0.0285705][0.08657, -0.03212, 0.99573][0.19441, 0.84699, 0][-0.0150755, -0.309495, -0.0531225][0.08655, -0.03212, 0.99573][0.17407, 0.84191, 0][-0.0121265, -0.266466, -0.0351565][0.08655, -0.03211, 0.99573][0.17407, 0.79910, 0][-0.0150755, -0.309495, -0.0531225][0.08655, -0.03212, 0.99573][0.17407, 0.84191, 0][-0.0139255, -0.256092, -0.0597085][0.08653, -0.03211, 0.99573][0.15373, 0.79401, 0][-0.0121265, -0.266466, -0.0351565][0.08655, -0.03211, 0.99573][0.17407, 0.79910, 0][-0.0150755, -0.309495, -0.0531225][0.08655, -0.03212, 0.99573][0.17407, 0.84191, 0][-0.0168745, -0.299121, -0.0776745][0.08653, -0.03211, 0.99573][0.15373, 0.83682, 0][-0.0139255, -0.256092, -0.0597085][0.08653, -0.03211, 0.99573][0.15373, 0.79401, 0][-0.0121265, -0.266466, -0.0351565][0.08655, -0.03211, 0.99573][0.17407, 0.79910, 0][-0.0109765, -0.213062, -0.0417425][0.08654, -0.03211, 0.99573][0.15373, 0.75121, 0][-0.0091775, -0.223436, -0.0171905][0.08655, -0.03212, 0.99573][0.17407, 0.75630, 0][-0.0121265, -0.266466, -0.0351565][0.08655, -0.03211, 0.99573][0.17407, 0.79910, 0][-0.0139255, -0.256092, -0.0597085][0.08653, -0.03211, 0.99573][0.15373, 0.79401, 0][-0.0109765, -0.213062, -0.0417425][0.08654, -0.03211, 0.99573][0.15373, 0.75121, 0][-0.0604925, -0.232098, 0.0119775][-0.91905, -0.38834, 0.06735][0.79064, 0.08833, 0][-0.0309855, -0.189924, 0.0276355][-0.91905, -0.38835, 0.06736][0.81651, 0.12755, 0][-0.0575435, -0.189068, 0.0299435][-0.91905, -0.38834, 0.06735][0.79064, 0.12871, 0][-0.0604925, -0.232098, 0.0119775][-0.91905, -0.38834, 0.06735][0.79064, 0.08833, 0][-0.0339355, -0.232954, 0.00966949][-0.91905, -0.38834, 0.06736][0.81651, 0.08717, 0][-0.0309855, -0.189924, 0.0276355][-0.91905, -0.38835, 0.06736][0.81651, 0.12755, 0][-0.0339355, -0.232954, 0.00966949][-0.91905, -0.38834, 0.06736][0.81651, 0.08717, 0][-0.0044285, -0.190781, 0.0253265][-0.91905, -0.38835, 0.06738][0.84237, 0.12639, 0][-0.0309855, -0.189924, 0.0276355][-0.91905, -0.38835, 0.06736][0.81651, 0.12755, 0][-0.0339355, -0.232954, 0.00966949][-0.91905, -0.38834, 0.06736][0.81651, 0.08717, 0][-0.0073775, -0.233811, 0.00736149][-0.91905, -0.38835, 0.06736][0.84237, 0.08601, 0][-0.0044285, -0.190781, 0.0253265][-0.91905, -0.38835, 0.06738][0.84237, 0.12639, 0][-0.0309855, -0.189924, 0.0276355][-0.91905, -0.38835, 0.06736][0.81651, 0.12755, 0][-0.0014795, -0.147751, 0.0432925][-0.91904, -0.38835, 0.06739][0.84237, 0.16677, 0][-0.0280365, -0.146895, 0.0456015][-0.91905, -0.38835, 0.06736][0.81651, 0.16793, 0][-0.0309855, -0.189924, 0.0276355][-0.91905, -0.38835, 0.06736][0.81651, 0.12755, 0][-0.0044285, -0.190781, 0.0253265][-0.91905, -0.38835, 0.06738][0.84237, 0.12639, 0][-0.0014795, -0.147751, 0.0432925][-0.91904, -0.38835, 0.06739][0.84237, 0.16677, 0][-0.0663905, -0.318157, -0.0239545][-0.91905, -0.38834, 0.06735][0.79064, 0.00757, 0][-0.0368845, -0.275984, -0.00829651][-0.91905, -0.38835, 0.06735][0.81651, 0.04679, 0][-0.0634415, -0.275127, -0.0059885][-0.91905, -0.38834, 0.06735][0.79064, 0.04795, 0][-0.0663905, -0.318157, -0.0239545][-0.91905, -0.38834, 0.06735][0.79064, 0.00757, 0][-0.0398335, -0.319013, -0.0262625][-0.91905, -0.38835, 0.06735][0.81651, 0.00641, 0][-0.0368845, -0.275984, -0.00829651][-0.91905, -0.38835, 0.06735][0.81651, 0.04679, 0][-0.0398335, -0.319013, -0.0262625][-0.91905, -0.38835, 0.06735][0.81651, 0.00641, 0][-0.0103265, -0.27684, -0.0106045][-0.91905, -0.38835, 0.06734][0.84237, 0.04563, 0][-0.0368845, -0.275984, -0.00829651][-0.91905, -0.38835, 0.06735][0.81651, 0.04679, 0][-0.0398335, -0.319013, -0.0262625][-0.91905, -0.38835, 0.06735][0.81651, 0.00641, 0][-0.0132765, -0.31987, -0.0285705][-0.91905, -0.38835, 0.06735][0.84237, 0.00525, 0][-0.0103265, -0.27684, -0.0106045][-0.91905, -0.38835, 0.06734][0.84237, 0.04563, 0][-0.0368845, -0.275984, -0.00829651][-0.91905, -0.38835, 0.06735][0.81651, 0.04679, 0][-0.0073775, -0.233811, 0.00736149][-0.91905, -0.38835, 0.06736][0.84237, 0.08601, 0][-0.0339355, -0.232954, 0.00966949][-0.91905, -0.38834, 0.06736][0.81651, 0.08717, 0][-0.0368845, -0.275984, -0.00829651][-0.91905, -0.38835, 0.06735][0.81651, 0.04679, 0][-0.0103265, -0.27684, -0.0106045][-0.91905, -0.38835, 0.06734][0.84237, 0.04563, 0][-0.0073775, -0.233811, 0.00736149][-0.91905, -0.38835, 0.06736][0.84237, 0.08601, 0][-0.119506, -0.316444, -0.0193385][-0.91905, -0.38835, 0.06734][0.73891, 0.00989, 0][-0.0899985, -0.274271, -0.0036805][-0.91905, -0.38834, 0.06735][0.76477, 0.04911, 0][-0.116557, -0.273414, -0.0013725][-0.91905, -0.38834, 0.06734][0.73891, 0.05027, 0][-0.119506, -0.316444, -0.0193385][-0.91905, -0.38835, 0.06734][0.73891, 0.00989, 0][-0.0929485, -0.3173, -0.0216465][-0.91905, -0.38834, 0.06735][0.76477, 0.00873, 0][-0.0899985, -0.274271, -0.0036805][-0.91905, -0.38834, 0.06735][0.76477, 0.04911, 0][-0.0929485, -0.3173, -0.0216465][-0.91905, -0.38834, 0.06735][0.76477, 0.00873, 0][-0.0634415, -0.275127, -0.0059885][-0.91905, -0.38834, 0.06735][0.79064, 0.04795, 0][-0.0899985, -0.274271, -0.0036805][-0.91905, -0.38834, 0.06735][0.76477, 0.04911, 0][-0.0929485, -0.3173, -0.0216465][-0.91905, -0.38834, 0.06735][0.76477, 0.00873, 0][-0.0663905, -0.318157, -0.0239545][-0.91905, -0.38834, 0.06735][0.79064, 0.00757, 0][-0.0634415, -0.275127, -0.0059885][-0.91905, -0.38834, 0.06735][0.79064, 0.04795, 0][-0.0899985, -0.274271, -0.0036805][-0.91905, -0.38834, 0.06735][0.76477, 0.04911, 0][-0.0604925, -0.232098, 0.0119775][-0.91905, -0.38834, 0.06735][0.79064, 0.08833, 0][-0.0870495, -0.231241, 0.0142855][-0.91905, -0.38834, 0.06735][0.76477, 0.08949, 0][-0.0899985, -0.274271, -0.0036805][-0.91905, -0.38834, 0.06735][0.76477, 0.04911, 0][-0.0634415, -0.275127, -0.0059885][-0.91905, -0.38834, 0.06735][0.79064, 0.04795, 0][-0.0604925, -0.232098, 0.0119775][-0.91905, -0.38834, 0.06735][0.79064, 0.08833, 0][-0.0699895, -0.297408, -0.0730575][0.38453, -0.92095, -0.06312][0.89956, 0.43979, 0][-0.0983455, -0.286178, -0.0953015][0.38451, -0.92096, -0.06312][0.87794, 0.46561, 0][-0.0717885, -0.287034, -0.0976095][0.38452, -0.92096, -0.06311][0.87794, 0.44153, 0][-0.0699895, -0.297408, -0.0730575][0.38453, -0.92095, -0.06312][0.89956, 0.43979, 0][-0.0965465, -0.296552, -0.0707495][0.38453, -0.92095, -0.06312][0.89956, 0.46387, 0][-0.0983455, -0.286178, -0.0953015][0.38451, -0.92096, -0.06312][0.87794, 0.46561, 0][-0.0965465, -0.296552, -0.0707495][0.38453, -0.92095, -0.06312][0.89956, 0.46387, 0][-0.124904, -0.285321, -0.0929935][0.38451, -0.92096, -0.06312][0.87794, 0.48970, 0][-0.0983455, -0.286178, -0.0953015][0.38451, -0.92096, -0.06312][0.87794, 0.46561, 0][-0.0965465, -0.296552, -0.0707495][0.38453, -0.92095, -0.06312][0.89956, 0.46387, 0][-0.123104, -0.295695, -0.0684415][0.38452, -0.92095, -0.06314][0.89956, 0.48795, 0][-0.124904, -0.285321, -0.0929935][0.38451, -0.92096, -0.06312][0.87794, 0.48970, 0][-0.0983455, -0.286178, -0.0953015][0.38451, -0.92096, -0.06312][0.87794, 0.46561, 0][-0.126703, -0.274947, -0.117546][0.38451, -0.92096, -0.06310][0.85632, 0.49144, 0][-0.100146, -0.275803, -0.119854][0.38451, -0.92096, -0.06312][0.85632, 0.46736, 0][-0.0983455, -0.286178, -0.0953015][0.38451, -0.92096, -0.06312][0.87794, 0.46561, 0][-0.124904, -0.285321, -0.0929935][0.38451, -0.92096, -0.06312][0.87794, 0.48970, 0][-0.126703, -0.274947, -0.117546][0.38451, -0.92096, -0.06310][0.85632, 0.49144, 0][-0.0663905, -0.318157, -0.0239545][0.38451, -0.92096, -0.06312][0.94279, 0.43629, 0][-0.0947475, -0.306926, -0.0461985][0.38453, -0.92095, -0.06312][0.92117, 0.46212, 0][-0.0681905, -0.307783, -0.0485065][0.38452, -0.92096, -0.06312][0.92117, 0.43804, 0][-0.0663905, -0.318157, -0.0239545][0.38451, -0.92096, -0.06312][0.94279, 0.43629, 0][-0.0929485, -0.3173, -0.0216465][0.38452, -0.92096, -0.06313][0.94279, 0.46038, 0][-0.0947475, -0.306926, -0.0461985][0.38453, -0.92095, -0.06312][0.92117, 0.46212, 0][-0.0929485, -0.3173, -0.0216465][0.38452, -0.92096, -0.06313][0.94279, 0.46038, 0][-0.121305, -0.30607, -0.0438895][0.38453, -0.92095, -0.06313][0.92117, 0.48620, 0][-0.0947475, -0.306926, -0.0461985][0.38453, -0.92095, -0.06312][0.92117, 0.46212, 0][-0.0929485, -0.3173, -0.0216465][0.38452, -0.92096, -0.06313][0.94279, 0.46038, 0][-0.119506, -0.316444, -0.0193385][0.38452, -0.92095, -0.06312][0.94279, 0.48446, 0][-0.121305, -0.30607, -0.0438895][0.38453, -0.92095, -0.06313][0.92117, 0.48620, 0][-0.0947475, -0.306926, -0.0461985][0.38453, -0.92095, -0.06312][0.92117, 0.46212, 0][-0.123104, -0.295695, -0.0684415][0.38452, -0.92095, -0.06314][0.89956, 0.48795, 0][-0.0965465, -0.296552, -0.0707495][0.38453, -0.92095, -0.06312][0.89956, 0.46387, 0][-0.0947475, -0.306926, -0.0461985][0.38453, -0.92095, -0.06312][0.92117, 0.46212, 0][-0.121305, -0.30607, -0.0438895][0.38453, -0.92095, -0.06313][0.92117, 0.48620, 0][-0.123104, -0.295695, -0.0684415][0.38452, -0.92095, -0.06314][0.89956, 0.48795, 0][-0.0132765, -0.31987, -0.0285705][0.38454, -0.92095, -0.06310][0.94279, 0.38813, 0][-0.0416325, -0.308639, -0.0508145][0.38452, -0.92096, -0.06311][0.92117, 0.41396, 0][-0.0150755, -0.309495, -0.0531225][0.38453, -0.92095, -0.06310][0.92117, 0.38988, 0][-0.0132765, -0.31987, -0.0285705][0.38454, -0.92095, -0.06310][0.94279, 0.38813, 0][-0.0398335, -0.319013, -0.0262625][0.38453, -0.92095, -0.06310][0.94279, 0.41221, 0][-0.0416325, -0.308639, -0.0508145][0.38452, -0.92096, -0.06311][0.92117, 0.41396, 0][-0.0398335, -0.319013, -0.0262625][0.38453, -0.92095, -0.06310][0.94279, 0.41221, 0][-0.0681905, -0.307783, -0.0485065][0.38452, -0.92096, -0.06312][0.92117, 0.43804, 0][-0.0416325, -0.308639, -0.0508145][0.38452, -0.92096, -0.06311][0.92117, 0.41396, 0][-0.0398335, -0.319013, -0.0262625][0.38453, -0.92095, -0.06310][0.94279, 0.41221, 0][-0.0663905, -0.318157, -0.0239545][0.38451, -0.92096, -0.06312][0.94279, 0.43629, 0][-0.0681905, -0.307783, -0.0485065][0.38452, -0.92096, -0.06312][0.92117, 0.43804, 0][-0.0416325, -0.308639, -0.0508145][0.38452, -0.92096, -0.06311][0.92117, 0.41396, 0][-0.0699895, -0.297408, -0.0730575][0.38453, -0.92095, -0.06312][0.89956, 0.43979, 0][-0.0434325, -0.298265, -0.0753665][0.38453, -0.92095, -0.06313][0.89956, 0.41570, 0][-0.0416325, -0.308639, -0.0508145][0.38452, -0.92096, -0.06311][0.92117, 0.41396, 0][-0.0681905, -0.307783, -0.0485065][0.38452, -0.92096, -0.06312][0.92117, 0.43804, 0][-0.0699895, -0.297408, -0.0730575][0.38453, -0.92095, -0.06312][0.89956, 0.43979, 0][-0.0676895, -0.1906, -0.0862295][0.91905, 0.38834, -0.06736][0.05402, 0.74226, 0][-0.0912975, -0.146714, -0.0659555][0.91905, 0.38834, -0.06735][0.08008, 0.78685, 0][-0.0647405, -0.147571, -0.0682635][0.91905, 0.38835, -0.06736][0.05402, 0.78669, 0][-0.0676895, -0.1906, -0.0862295][0.91905, 0.38834, -0.06736][0.05402, 0.74226, 0][-0.0942465, -0.189744, -0.0839215][0.91905, 0.38834, -0.06735][0.08008, 0.74241, 0][-0.0912975, -0.146714, -0.0659555][0.91905, 0.38834, -0.06735][0.08008, 0.78685, 0][-0.0942465, -0.189744, -0.0839215][0.91905, 0.38834, -0.06735][0.08008, 0.74241, 0][-0.117856, -0.145858, -0.0636475][0.91905, 0.38834, -0.06735][0.10615, 0.78700, 0][-0.0912975, -0.146714, -0.0659555][0.91905, 0.38834, -0.06735][0.08008, 0.78685, 0][-0.0942465, -0.189744, -0.0839215][0.91905, 0.38834, -0.06735][0.08008, 0.74241, 0][-0.120805, -0.188888, -0.0816135][0.91905, 0.38834, -0.06735][0.10615, 0.74257, 0][-0.117856, -0.145858, -0.0636475][0.91905, 0.38834, -0.06735][0.10615, 0.78700, 0][-0.0912975, -0.146714, -0.0659555][0.91905, 0.38834, -0.06735][0.08008, 0.78685, 0][-0.114906, -0.102828, -0.0456815][0.91905, 0.38834, -0.06734][0.10615, 0.83143, 0][-0.0883485, -0.103685, -0.0479895][0.91905, 0.38834, -0.06735][0.08008, 0.83128, 0][-0.0912975, -0.146714, -0.0659555][0.91905, 0.38834, -0.06735][0.08008, 0.78685, 0][-0.117856, -0.145858, -0.0636475][0.91905, 0.38834, -0.06735][0.10615, 0.78700, 0][-0.114906, -0.102828, -0.0456815][0.91905, 0.38834, -0.06734][0.10615, 0.83143, 0][-0.0735875, -0.27666, -0.122162][0.91905, 0.38834, -0.06735][0.05402, 0.65340, 0][-0.0971965, -0.232774, -0.101888][0.91905, 0.38834, -0.06735][0.08008, 0.69798, 0][-0.0706385, -0.23363, -0.104196][0.91905, 0.38834, -0.06735][0.05402, 0.69783, 0][-0.0735875, -0.27666, -0.122162][0.91905, 0.38834, -0.06735][0.05402, 0.65340, 0][-0.100146, -0.275803, -0.119854][0.91905, 0.38834, -0.06735][0.08008, 0.65355, 0][-0.0971965, -0.232774, -0.101888][0.91905, 0.38834, -0.06735][0.08008, 0.69798, 0][-0.100146, -0.275803, -0.119854][0.91905, 0.38834, -0.06735][0.08008, 0.65355, 0][-0.123754, -0.231917, -0.0995795][0.91905, 0.38835, -0.06735][0.10615, 0.69814, 0][-0.0971965, -0.232774, -0.101888][0.91905, 0.38834, -0.06735][0.08008, 0.69798, 0][-0.100146, -0.275803, -0.119854][0.91905, 0.38834, -0.06735][0.08008, 0.65355, 0][-0.126703, -0.274947, -0.117546][0.91905, 0.38835, -0.06734][0.10615, 0.65371, 0][-0.123754, -0.231917, -0.0995795][0.91905, 0.38835, -0.06735][0.10615, 0.69814, 0][-0.0971965, -0.232774, -0.101888][0.91905, 0.38834, -0.06735][0.08008, 0.69798, 0][-0.120805, -0.188888, -0.0816135][0.91905, 0.38834, -0.06735][0.10615, 0.74257, 0][-0.0942465, -0.189744, -0.0839215][0.91905, 0.38834, -0.06735][0.08008, 0.74241, 0][-0.0971965, -0.232774, -0.101888][0.91905, 0.38834, -0.06735][0.08008, 0.69798, 0][-0.123754, -0.231917, -0.0995795][0.91905, 0.38835, -0.06735][0.10615, 0.69814, 0][-0.120805, -0.188888, -0.0816135][0.91905, 0.38834, -0.06735][0.10615, 0.74257, 0][-0.0204735, -0.278373, -0.126777][0.91905, 0.38834, -0.06736][0.00189, 0.65309, 0][-0.0440815, -0.234487, -0.106504][0.91905, 0.38834, -0.06735][0.02795, 0.69768, 0][-0.0175245, -0.235343, -0.108812][0.91905, 0.38834, -0.06735][0.00189, 0.69752, 0][-0.0204735, -0.278373, -0.126777][0.91905, 0.38834, -0.06736][0.00189, 0.65309, 0][-0.0470305, -0.277516, -0.12447][0.91905, 0.38834, -0.06735][0.02795, 0.65324, 0][-0.0440815, -0.234487, -0.106504][0.91905, 0.38834, -0.06735][0.02795, 0.69768, 0][-0.0470305, -0.277516, -0.12447][0.91905, 0.38834, -0.06735][0.02795, 0.65324, 0][-0.0706385, -0.23363, -0.104196][0.91905, 0.38834, -0.06735][0.05402, 0.69783, 0][-0.0440815, -0.234487, -0.106504][0.91905, 0.38834, -0.06735][0.02795, 0.69768, 0][-0.0470305, -0.277516, -0.12447][0.91905, 0.38834, -0.06735][0.02795, 0.65324, 0][-0.0735875, -0.27666, -0.122162][0.91905, 0.38834, -0.06735][0.05402, 0.65340, 0][-0.0706385, -0.23363, -0.104196][0.91905, 0.38834, -0.06735][0.05402, 0.69783, 0][-0.0440815, -0.234487, -0.106504][0.91905, 0.38834, -0.06735][0.02795, 0.69768, 0][-0.0676895, -0.1906, -0.0862295][0.91905, 0.38834, -0.06736][0.05402, 0.74226, 0][-0.0411325, -0.191457, -0.0885375][0.91905, 0.38834, -0.06736][0.02795, 0.74211, 0][-0.0440815, -0.234487, -0.106504][0.91905, 0.38834, -0.06735][0.02795, 0.69768, 0][-0.0706385, -0.23363, -0.104196][0.91905, 0.38834, -0.06735][0.05402, 0.69783, 0][-0.0676895, -0.1906, -0.0862295][0.91905, 0.38834, -0.06736][0.05402, 0.74226, 0][-0.117206, -0.209636, -0.0325095][-0.08653, 0.03211, -0.99573][0.68702, 0.09660, 0][-0.112458, -0.176981, 0.0100075][-0.08655, 0.03211, -0.99573][0.71296, 0.14215, 0][-0.114257, -0.166606, -0.0145445][-0.08653, 0.03211, -0.99573][0.68702, 0.14221, 0][-0.117206, -0.209636, -0.0325095][-0.08653, 0.03211, -0.99573][0.68702, 0.09660, 0][-0.115407, -0.22001, -0.0079585][-0.08654, 0.03211, -0.99573][0.71296, 0.09654, 0][-0.112458, -0.176981, 0.0100075][-0.08655, 0.03211, -0.99573][0.71296, 0.14215, 0][-0.115407, -0.22001, -0.0079585][-0.08654, 0.03211, -0.99573][0.71296, 0.09654, 0][-0.110658, -0.187355, 0.0345595][-0.08657, 0.03211, -0.99573][0.73891, 0.14209, 0][-0.112458, -0.176981, 0.0100075][-0.08655, 0.03211, -0.99573][0.71296, 0.14215, 0][-0.115407, -0.22001, -0.0079585][-0.08654, 0.03211, -0.99573][0.71296, 0.09654, 0][-0.113608, -0.230385, 0.0165935][-0.08655, 0.03212, -0.99573][0.73891, 0.09647, 0][-0.110658, -0.187355, 0.0345595][-0.08657, 0.03211, -0.99573][0.73891, 0.14209, 0][-0.112458, -0.176981, 0.0100075][-0.08655, 0.03211, -0.99573][0.71296, 0.14215, 0][-0.107709, -0.144325, 0.0525255][-0.08656, 0.03210, -0.99573][0.73891, 0.18770, 0][-0.109509, -0.133951, 0.0279735][-0.08655, 0.03211, -0.99573][0.71296, 0.18776, 0][-0.112458, -0.176981, 0.0100075][-0.08655, 0.03211, -0.99573][0.71296, 0.14215, 0][-0.110658, -0.187355, 0.0345595][-0.08657, 0.03211, -0.99573][0.73891, 0.14209, 0][-0.107709, -0.144325, 0.0525255][-0.08656, 0.03210, -0.99573][0.73891, 0.18770, 0][-0.123104, -0.295695, -0.0684415][-0.08655, 0.03211, -0.99573][0.68702, 0.00537, 0][-0.118356, -0.26304, -0.0259235][-0.08653, 0.03211, -0.99573][0.71296, 0.05093, 0][-0.120155, -0.252666, -0.0504755][-0.08654, 0.03211, -0.99573][0.68702, 0.05099, 0][-0.123104, -0.295695, -0.0684415][-0.08655, 0.03211, -0.99573][0.68702, 0.00537, 0][-0.121305, -0.30607, -0.0438895][-0.08653, 0.03211, -0.99573][0.71296, 0.00531, 0][-0.118356, -0.26304, -0.0259235][-0.08653, 0.03211, -0.99573][0.71296, 0.05093, 0][-0.121305, -0.30607, -0.0438895][-0.08653, 0.03211, -0.99573][0.71296, 0.00531, 0][-0.116557, -0.273414, -0.0013725][-0.08653, 0.03211, -0.99573][0.73891, 0.05086, 0][-0.118356, -0.26304, -0.0259235][-0.08653, 0.03211, -0.99573][0.71296, 0.05093, 0][-0.121305, -0.30607, -0.0438895][-0.08653, 0.03211, -0.99573][0.71296, 0.00531, 0][-0.119506, -0.316444, -0.0193385][-0.08653, 0.03211, -0.99573][0.73891, 0.00525, 0][-0.116557, -0.273414, -0.0013725][-0.08653, 0.03211, -0.99573][0.73891, 0.05086, 0][-0.118356, -0.26304, -0.0259235][-0.08653, 0.03211, -0.99573][0.71296, 0.05093, 0][-0.113608, -0.230385, 0.0165935][-0.08655, 0.03212, -0.99573][0.73891, 0.09647, 0][-0.115407, -0.22001, -0.0079585][-0.08654, 0.03211, -0.99573][0.71296, 0.09654, 0][-0.118356, -0.26304, -0.0259235][-0.08653, 0.03211, -0.99573][0.71296, 0.05093, 0][-0.116557, -0.273414, -0.0013725][-0.08653, 0.03211, -0.99573][0.73891, 0.05086, 0][-0.113608, -0.230385, 0.0165935][-0.08655, 0.03212, -0.99573][0.73891, 0.09647, 0][-0.126703, -0.274947, -0.117546][-0.08653, 0.03211, -0.99573][0.63513, 0.00550, 0][-0.121955, -0.242291, -0.0750275][-0.08655, 0.03211, -0.99573][0.66107, 0.05105, 0][-0.123754, -0.231917, -0.0995795][-0.08655, 0.03211, -0.99573][0.63513, 0.05111, 0][-0.126703, -0.274947, -0.117546][-0.08653, 0.03211, -0.99573][0.63513, 0.00550, 0][-0.124904, -0.285321, -0.0929935][-0.08655, 0.03211, -0.99573][0.66107, 0.00544, 0][-0.121955, -0.242291, -0.0750275][-0.08655, 0.03211, -0.99573][0.66107, 0.05105, 0][-0.124904, -0.285321, -0.0929935][-0.08655, 0.03211, -0.99573][0.66107, 0.00544, 0][-0.120155, -0.252666, -0.0504755][-0.08654, 0.03211, -0.99573][0.68702, 0.05099, 0][-0.121955, -0.242291, -0.0750275][-0.08655, 0.03211, -0.99573][0.66107, 0.05105, 0][-0.124904, -0.285321, -0.0929935][-0.08655, 0.03211, -0.99573][0.66107, 0.00544, 0][-0.123104, -0.295695, -0.0684415][-0.08655, 0.03211, -0.99573][0.68702, 0.00537, 0][-0.120155, -0.252666, -0.0504755][-0.08654, 0.03211, -0.99573][0.68702, 0.05099, 0][-0.121955, -0.242291, -0.0750275][-0.08655, 0.03211, -0.99573][0.66107, 0.05105, 0][-0.117206, -0.209636, -0.0325095][-0.08653, 0.03211, -0.99573][0.68702, 0.09660, 0][-0.119005, -0.199262, -0.0570615][-0.08655, 0.03211, -0.99573][0.66107, 0.09666, 0][-0.121955, -0.242291, -0.0750275][-0.08655, 0.03211, -0.99573][0.66107, 0.05105, 0][-0.120155, -0.252666, -0.0504755][-0.08654, 0.03211, -0.99573][0.68702, 0.05099, 0][-0.117206, -0.209636, -0.0325095][-0.08653, 0.03211, -0.99573][0.68702, 0.09660, 0][-0.120805, -0.188888, -0.0816135][-0.08656, 0.03210, -0.99573][0.63513, 0.09672, 0][-0.116056, -0.156232, -0.0390955][-0.08654, 0.03211, -0.99573][0.66107, 0.14227, 0][-0.117856, -0.145858, -0.0636475][-0.08655, 0.03211, -0.99573][0.63513, 0.14233, 0][-0.120805, -0.188888, -0.0816135][-0.08656, 0.03210, -0.99573][0.63513, 0.09672, 0][-0.119005, -0.199262, -0.0570615][-0.08655, 0.03211, -0.99573][0.66107, 0.09666, 0][-0.116056, -0.156232, -0.0390955][-0.08654, 0.03211, -0.99573][0.66107, 0.14227, 0][-0.119005, -0.199262, -0.0570615][-0.08655, 0.03211, -0.99573][0.66107, 0.09666, 0][-0.114257, -0.166606, -0.0145445][-0.08653, 0.03211, -0.99573][0.68702, 0.14221, 0][-0.116056, -0.156232, -0.0390955][-0.08654, 0.03211, -0.99573][0.66107, 0.14227, 0][-0.119005, -0.199262, -0.0570615][-0.08655, 0.03211, -0.99573][0.66107, 0.09666, 0][-0.117206, -0.209636, -0.0325095][-0.08653, 0.03211, -0.99573][0.68702, 0.09660, 0][-0.114257, -0.166606, -0.0145445][-0.08653, 0.03211, -0.99573][0.68702, 0.14221, 0][-0.116056, -0.156232, -0.0390955][-0.08654, 0.03211, -0.99573][0.66107, 0.14227, 0][-0.111308, -0.123577, 0.0034215][-0.08653, 0.03211, -0.99573][0.68702, 0.18782, 0][-0.113107, -0.113203, -0.0211295][-0.08653, 0.03211, -0.99573][0.66107, 0.18789, 0][-0.116056, -0.156232, -0.0390955][-0.08654, 0.03211, -0.99573][0.66107, 0.14227, 0][-0.114257, -0.166606, -0.0145445][-0.08653, 0.03211, -0.99573][0.68702, 0.14221, 0][-0.111308, -0.123577, 0.0034215][-0.08653, 0.03211, -0.99573][0.68702, 0.18782, 0][-0.0145745, -0.192313, -0.0908455][0.91905, 0.38834, -0.06735][0.00189, 0.74195, 0][-0.0381835, -0.148427, -0.0705725][0.91905, 0.38834, -0.06736][0.02795, 0.78654, 0][-0.0116255, -0.149284, -0.0728805][0.91905, 0.38834, -0.06735][0.00189, 0.78639, 0][-0.0145745, -0.192313, -0.0908455][0.91905, 0.38834, -0.06735][0.00189, 0.74195, 0][-0.0411325, -0.191457, -0.0885375][0.91905, 0.38834, -0.06736][0.02795, 0.74211, 0][-0.0381835, -0.148427, -0.0705725][0.91905, 0.38834, -0.06736][0.02795, 0.78654, 0][-0.0411325, -0.191457, -0.0885375][0.91905, 0.38834, -0.06736][0.02795, 0.74211, 0][-0.0647405, -0.147571, -0.0682635][0.91905, 0.38835, -0.06736][0.05402, 0.78669, 0][-0.0381835, -0.148427, -0.0705725][0.91905, 0.38834, -0.06736][0.02795, 0.78654, 0][-0.0411325, -0.191457, -0.0885375][0.91905, 0.38834, -0.06736][0.02795, 0.74211, 0][-0.0676895, -0.1906, -0.0862295][0.91905, 0.38834, -0.06736][0.05402, 0.74226, 0][-0.0647405, -0.147571, -0.0682635][0.91905, 0.38835, -0.06736][0.05402, 0.78669, 0][-0.0381835, -0.148427, -0.0705725][0.91905, 0.38834, -0.06736][0.02795, 0.78654, 0][-0.0617915, -0.104541, -0.0502975][0.91905, 0.38834, -0.06736][0.05402, 0.83112, 0][-0.0352345, -0.105398, -0.0526065][0.91905, 0.38834, -0.06736][0.02795, 0.83097, 0][-0.0381835, -0.148427, -0.0705725][0.91905, 0.38834, -0.06736][0.02795, 0.78654, 0][-0.0647405, -0.147571, -0.0682635][0.91905, 0.38835, -0.06736][0.05402, 0.78669, 0][-0.0617915, -0.104541, -0.0502975][0.91905, 0.38834, -0.06736][0.05402, 0.83112, 0][-0.0168745, -0.299121, -0.0776745][0.38453, -0.92095, -0.06313][0.89956, 0.39162, 0][-0.0452315, -0.28789, -0.0999175][0.38453, -0.92095, -0.06312][0.87794, 0.41745, 0][-0.0186735, -0.288747, -0.102227][0.38453, -0.92095, -0.06314][0.87794, 0.39337, 0][-0.0168745, -0.299121, -0.0776745][0.38453, -0.92095, -0.06313][0.89956, 0.39162, 0][-0.0434325, -0.298265, -0.0753665][0.38453, -0.92095, -0.06313][0.89956, 0.41570, 0][-0.0452315, -0.28789, -0.0999175][0.38453, -0.92095, -0.06312][0.87794, 0.41745, 0][-0.0434325, -0.298265, -0.0753665][0.38453, -0.92095, -0.06313][0.89956, 0.41570, 0][-0.0717885, -0.287034, -0.0976095][0.38452, -0.92096, -0.06311][0.87794, 0.44153, 0][-0.0452315, -0.28789, -0.0999175][0.38453, -0.92095, -0.06312][0.87794, 0.41745, 0][-0.0434325, -0.298265, -0.0753665][0.38453, -0.92095, -0.06313][0.89956, 0.41570, 0][-0.0699895, -0.297408, -0.0730575][0.38453, -0.92095, -0.06312][0.89956, 0.43979, 0][-0.0717885, -0.287034, -0.0976095][0.38452, -0.92096, -0.06311][0.87794, 0.44153, 0][-0.0452315, -0.28789, -0.0999175][0.38453, -0.92095, -0.06312][0.87794, 0.41745, 0][-0.0735875, -0.27666, -0.122162][0.38451, -0.92096, -0.06312][0.85632, 0.44328, 0][-0.0470305, -0.277516, -0.12447][0.38451, -0.92096, -0.06312][0.85632, 0.41920, 0][-0.0452315, -0.28789, -0.0999175][0.38453, -0.92095, -0.06312][0.87794, 0.41745, 0][-0.0717885, -0.287034, -0.0976095][0.38452, -0.92096, -0.06311][0.87794, 0.44153, 0][-0.0735875, -0.27666, -0.122162][0.38451, -0.92096, -0.06312][0.85632, 0.44328, 0][-0.113608, -0.230385, 0.0165935][-0.91905, -0.38834, 0.06735][0.73891, 0.09065, 0][-0.0841005, -0.188211, 0.0322515][-0.91905, -0.38834, 0.06735][0.76477, 0.12987, 0][-0.110658, -0.187355, 0.0345595][-0.91905, -0.38834, 0.06735][0.73891, 0.13103, 0][-0.113608, -0.230385, 0.0165935][-0.91905, -0.38834, 0.06735][0.73891, 0.09065, 0][-0.0870495, -0.231241, 0.0142855][-0.91905, -0.38834, 0.06735][0.76477, 0.08949, 0][-0.0841005, -0.188211, 0.0322515][-0.91905, -0.38834, 0.06735][0.76477, 0.12987, 0][-0.0870495, -0.231241, 0.0142855][-0.91905, -0.38834, 0.06735][0.76477, 0.08949, 0][-0.0575435, -0.189068, 0.0299435][-0.91905, -0.38834, 0.06735][0.79064, 0.12871, 0][-0.0841005, -0.188211, 0.0322515][-0.91905, -0.38834, 0.06735][0.76477, 0.12987, 0][-0.0870495, -0.231241, 0.0142855][-0.91905, -0.38834, 0.06735][0.76477, 0.08949, 0][-0.0604925, -0.232098, 0.0119775][-0.91905, -0.38834, 0.06735][0.79064, 0.08833, 0][-0.0575435, -0.189068, 0.0299435][-0.91905, -0.38834, 0.06735][0.79064, 0.12871, 0][-0.0841005, -0.188211, 0.0322515][-0.91905, -0.38834, 0.06735][0.76477, 0.12987, 0][-0.0545945, -0.146038, 0.0479095][-0.91905, -0.38834, 0.06735][0.79064, 0.16909, 0][-0.0811515, -0.145182, 0.0502175][-0.91905, -0.38834, 0.06735][0.76477, 0.17025, 0][-0.0841005, -0.188211, 0.0322515][-0.91905, -0.38834, 0.06735][0.76477, 0.12987, 0][-0.0575435, -0.189068, 0.0299435][-0.91905, -0.38834, 0.06735][0.79064, 0.12871, 0][-0.0545945, -0.146038, 0.0479095][-0.91905, -0.38834, 0.06735][0.79064, 0.16909, 0][-0.0073775, -0.233811, 0.00736149][0.08655, -0.03212, 0.99573][0.19441, 0.76138, 0][-0.0062275, -0.180407, 0.000775494][0.08655, -0.03212, 0.99573][0.17407, 0.71349, 0][-0.0044285, -0.190781, 0.0253265][0.08654, -0.03212, 0.99573][0.19441, 0.71858, 0][-0.0073775, -0.233811, 0.00736149][0.08655, -0.03212, 0.99573][0.19441, 0.76138, 0][-0.0091775, -0.223436, -0.0171905][0.08655, -0.03212, 0.99573][0.17407, 0.75630, 0][-0.0062275, -0.180407, 0.000775494][0.08655, -0.03212, 0.99573][0.17407, 0.71349, 0][-0.0091775, -0.223436, -0.0171905][0.08655, -0.03212, 0.99573][0.17407, 0.75630, 0][-0.0080275, -0.170032, -0.0237765][0.08655, -0.03211, 0.99573][0.15373, 0.70840, 0][-0.0062275, -0.180407, 0.000775494][0.08655, -0.03212, 0.99573][0.17407, 0.71349, 0][-0.0091775, -0.223436, -0.0171905][0.08655, -0.03212, 0.99573][0.17407, 0.75630, 0][-0.0109765, -0.213062, -0.0417425][0.08654, -0.03211, 0.99573][0.15373, 0.75121, 0][-0.0080275, -0.170032, -0.0237765][0.08655, -0.03211, 0.99573][0.15373, 0.70840, 0][-0.0062275, -0.180407, 0.000775494][0.08655, -0.03212, 0.99573][0.17407, 0.71349, 0][-0.0050785, -0.127003, -0.00581051][0.08655, -0.03211, 0.99573][0.15373, 0.66560, 0][-0.0032785, -0.137377, 0.0187415][0.08655, -0.03211, 0.99573][0.17407, 0.67068, 0][-0.0062275, -0.180407, 0.000775494][0.08655, -0.03212, 0.99573][0.17407, 0.71349, 0][-0.0080275, -0.170032, -0.0237765][0.08655, -0.03211, 0.99573][0.15373, 0.70840, 0][-0.0050785, -0.127003, -0.00581051][0.08655, -0.03211, 0.99573][0.15373, 0.66560, 0][-0.0050785, -0.127003, -0.00581051][-0.38451, 0.92096, 0.06314][0.31281, 0.89837, 0][-0.0298365, -0.13652, 0.0210495][-0.38452, 0.92096, 0.06312][0.28679, 0.87261, 0][-0.0032785, -0.137377, 0.0187415][-0.38452, 0.92095, 0.06313][0.31281, 0.87255, 0][-0.0050785, -0.127003, -0.00581051][-0.38451, 0.92096, 0.06314][0.31281, 0.89837, 0][-0.0316355, -0.126146, -0.00350251][-0.38451, 0.92096, 0.06312][0.28679, 0.89843, 0][-0.0298365, -0.13652, 0.0210495][-0.38452, 0.92096, 0.06312][0.28679, 0.87261, 0][-0.0316355, -0.126146, -0.00350251][-0.38451, 0.92096, 0.06312][0.28679, 0.89843, 0][-0.0563935, -0.135664, 0.0233575][-0.38452, 0.92096, 0.06311][0.26077, 0.87266, 0][-0.0298365, -0.13652, 0.0210495][-0.38452, 0.92096, 0.06312][0.28679, 0.87261, 0][-0.0316355, -0.126146, -0.00350251][-0.38451, 0.92096, 0.06312][0.28679, 0.89843, 0][-0.0581925, -0.12529, -0.00119451][-0.38453, 0.92095, 0.06311][0.26077, 0.89849, 0][-0.0563935, -0.135664, 0.0233575][-0.38452, 0.92096, 0.06311][0.26077, 0.87266, 0][-0.0298365, -0.13652, 0.0210495][-0.38452, 0.92096, 0.06312][0.28679, 0.87261, 0][-0.0545945, -0.146038, 0.0479095][-0.38451, 0.92096, 0.06312][0.26077, 0.84684, 0][-0.0280365, -0.146895, 0.0456015][-0.38452, 0.92095, 0.06313][0.28679, 0.84678, 0][-0.0298365, -0.13652, 0.0210495][-0.38452, 0.92096, 0.06312][0.28679, 0.87261, 0][-0.0563935, -0.135664, 0.0233575][-0.38452, 0.92096, 0.06311][0.26077, 0.87266, 0][-0.0545945, -0.146038, 0.0479095][-0.38451, 0.92096, 0.06312][0.26077, 0.84684, 0][0.0996415, -0.19891, 0.0338995][0.00744, -0.01630, 0.99984][0.28969, 0.61745, 0][0.101317, -0.145314, 0.0289915][0.01487, -0.03259, 0.99936][0.29687, 0.56766, 0][0.101317, -0.156404, 0.0532945][0.01487, -0.03259, 0.99936][0.31232, 0.58231, 0][0.0996415, -0.19891, 0.0338995][0.00744, -0.01630, 0.99984][0.28969, 0.61745, 0][0.0996415, -0.187821, 0.00959548][-0.00635, -0.02378, 0.99970][0.27424, 0.60281, 0][0.101317, -0.145314, 0.0289915][0.01487, -0.03259, 0.99936][0.29687, 0.56766, 0][-0.00536849, -0.19891, 0.0338995][-0.90977, -0.41512, -0.00003][0.63571, 0.71797, 0][0.0213025, -0.156404, 0.0532955][-0.90976, -0.41513, -0.00002][0.59828, 0.74073, 0][-0.00536849, -0.156404, 0.0532945][-0.90977, -0.41512, -0.00003][0.59828, 0.71698, 0][-0.00536849, -0.19891, 0.0338995][-0.90977, -0.41512, -0.00003][0.63571, 0.71797, 0][0.0213025, -0.19891, 0.0338995][-0.90976, -0.41513, -0.00002][0.63571, 0.74172, 0][0.0213025, -0.156404, 0.0532955][-0.90976, -0.41513, -0.00002][0.59828, 0.74073, 0][0.101317, -0.307526, 0.0183985][-0.61983, -0.78474, 0.00000][0.31430, 0.76926, 0][0.0746455, -0.324085, -0.00256552][-0.61984, -0.78473, 0.00000][0.28791, 0.74341, 0][0.101317, -0.324085, -0.00256552][-0.61984, -0.78473, 0.00000][0.31430, 0.74344, 0][0.101317, -0.307526, 0.0183985][-0.61983, -0.78474, 0.00000][0.31430, 0.76926, 0][0.0746455, -0.307526, 0.0183985][-0.61983, -0.78474, 0.00000][0.28791, 0.76923, 0][0.0746455, -0.324085, -0.00256552][-0.61984, -0.78473, 0.00000][0.28791, 0.74341, 0][0.101316, -0.154552, -0.0633155][0.98020, 0.19801, 0.00000][0.15247, 0.55162, 0][0.0746455, -0.112045, -0.0439205][0.90977, 0.41511, 0.00000][0.19442, 0.52731, 0][0.101316, -0.112045, -0.0439205][0.90977, 0.41511, 0.00000][0.19442, 0.55186, 0][0.101316, -0.154552, -0.0633155][0.98020, 0.19801, 0.00000][0.15247, 0.55162, 0][0.0746455, -0.154552, -0.0633155][0.98020, 0.19801, 0.00000][0.15247, 0.52707, 0][0.0746455, -0.112045, -0.0439205][0.90977, 0.41511, 0.00000][0.19442, 0.52731, 0][-0.0053685, -0.154552, -0.0633155][0.00000, 0.00000, -1.00000][0.09220, 0.47778, 0][-0.0053685, -0.123135, -0.0196165][0.00000, 0.00000, -1.00000][0.04369, 0.47938, 0][-0.0053685, -0.112045, -0.0439205][0.00000, 0.00000, -1.00000][0.05469, 0.45784, 0][-0.0053685, -0.154552, -0.0633155][0.00000, 0.00000, -1.00000][0.09220, 0.47778, 0][-0.0053685, -0.165641, -0.0390115][0.00000, 0.00000, -1.00000][0.08120, 0.49932, 0][-0.0053685, -0.123135, -0.0196165][0.00000, 0.00000, -1.00000][0.04369, 0.47938, 0][-0.0053685, -0.28742, -0.0315255][0.00000, 0.00000, -1.00000][0.14401, 0.59151, 0][-0.0053685, -0.234196, -0.0395225][0.00000, 0.00000, -1.00000][0.11990, 0.54859, 0][-0.0053685, -0.250755, -0.0604855][0.00000, 0.00000, -1.00000][0.14401, 0.54890, 0][-0.0053685, -0.28742, -0.0315255][0.00000, 0.00000, -1.00000][0.14401, 0.59151, 0][-0.0053685, -0.270861, -0.0105615][0.00000, 0.00000, -1.00000][0.11990, 0.59120, 0][-0.0053685, -0.234196, -0.0395225][0.00000, 0.00000, -1.00000][0.11990, 0.54859, 0][-0.0053685, -0.254303, 0.0104015][0.00000, 0.00000, -1.00000][0.09579, 0.59089, 0][-0.0053685, -0.20108, 0.00240449][0.00000, 0.00000, -1.00000][0.07169, 0.54797, 0][-0.0053685, -0.217638, -0.0185585][0.00000, 0.00000, -1.00000][0.09579, 0.54828, 0][-0.0053685, -0.254303, 0.0104015][0.00000, 0.00000, -1.00000][0.09579, 0.59089, 0][-0.00536849, -0.237744, 0.0313655][0.00000, 0.00000, -1.00000][0.07169, 0.59058, 0][-0.0053685, -0.20108, 0.00240449][0.00000, 0.00000, -1.00000][0.07169, 0.54797, 0][-0.0053685, -0.176731, -0.0147085][0.00000, 0.00000, -1.00000][0.07019, 0.52085, 0][-0.00536849, -0.145314, 0.0289915][0.00000, 0.00000, -1.00000][0.02167, 0.52245, 0][-0.0053685, -0.134224, 0.00468749][0.00000, 0.00000, -1.00000][0.03268, 0.50091, 0][-0.0053685, -0.176731, -0.0147085][0.00000, 0.00000, -1.00000][0.07019, 0.52085, 0][-0.0053685, -0.187821, 0.00959549][0.00000, 0.00000, -1.00000][0.05918, 0.54238, 0][-0.00536849, -0.145314, 0.0289915][0.00000, 0.00000, -1.00000][0.02167, 0.52245, 0][0.101317, -0.28742, -0.0315255][0.78474, -0.61983, 0.00000][0.84704, 0.39043, 0][0.0746455, -0.250755, -0.0604855][0.93973, -0.34193, 0.00000][0.81831, 0.34253, 0][0.101316, -0.250755, -0.0604855][0.93973, -0.34193, 0.00000][0.84592, 0.34185, 0][0.101317, -0.28742, -0.0315255][0.78474, -0.61983, 0.00000][0.84704, 0.39043, 0][0.0746455, -0.28742, -0.0315255][0.78474, -0.61983, 0.00000][0.81944, 0.39112, 0][0.0746455, -0.250755, -0.0604855][0.93973, -0.34193, 0.00000][0.81831, 0.34253, 0][0.0479735, -0.28742, -0.0315255][0.78474, -0.61983, 0.00000][0.79183, 0.39180, 0][0.0213025, -0.250755, -0.0604855][0.93973, -0.34193, 0.00000][0.76310, 0.34391, 0][0.0479735, -0.250755, -0.0604855][0.93973, -0.34193, 0.00000][0.79071, 0.34322, 0][0.0479735, -0.28742, -0.0315255][0.78474, -0.61983, 0.00000][0.79183, 0.39180, 0][0.0213025, -0.28742, -0.0315255][0.78474, -0.61983, 0.00000][0.76423, 0.39249, 0][0.0213025, -0.250755, -0.0604855][0.93973, -0.34193, 0.00000][0.76310, 0.34391, 0][0.0479735, -0.154552, -0.0633155][0.98020, 0.19801, 0.00000][0.15247, 0.50252, 0][0.0213025, -0.112045, -0.0439205][0.90977, 0.41511, 0.00000][0.19442, 0.47821, 0][0.0479735, -0.112045, -0.0439205][0.90977, 0.41511, 0.00000][0.19442, 0.50276, 0][0.0479735, -0.154552, -0.0633155][0.98020, 0.19801, 0.00000][0.15247, 0.50252, 0][0.0213025, -0.154552, -0.0633155][0.98020, 0.19801, 0.00000][0.15247, 0.47796, 0][0.0213025, -0.112045, -0.0439205][0.90977, 0.41511, 0.00000][0.19442, 0.47821, 0][0.101317, -0.274409, 0.0603255][-0.61984, -0.78473, 0.00000][0.31430, 0.82090, 0][0.0746455, -0.290968, 0.0393625][-0.61984, -0.78473, 0.00000][0.28791, 0.79505, 0][0.101317, -0.290968, 0.0393625][-0.61984, -0.78473, 0.00000][0.31430, 0.79508, 0][0.101317, -0.274409, 0.0603255][-0.61984, -0.78473, 0.00000][0.31430, 0.82090, 0][0.0746455, -0.274409, 0.0603255][-0.61984, -0.78473, 0.00000][0.28791, 0.82087, 0][0.0746455, -0.290968, 0.0393625][-0.61984, -0.78473, 0.00000][0.28791, 0.79505, 0][0.0479735, -0.274409, 0.0603255][-0.61984, -0.78473, 0.00000][0.26152, 0.82084, 0][0.0213025, -0.290968, 0.0393625][-0.61984, -0.78473, 0.00000][0.23512, 0.79498, 0][0.0479735, -0.290968, 0.0393625][-0.61984, -0.78473, 0.00000][0.26152, 0.79502, 0][0.0479735, -0.274409, 0.0603255][-0.61984, -0.78473, 0.00000][0.26152, 0.82084, 0][0.0213025, -0.274409, 0.0603255][-0.61984, -0.78473, 0.00000][0.23512, 0.82080, 0][0.0213025, -0.290968, 0.0393625][-0.61984, -0.78473, 0.00000][0.23512, 0.79498, 0][0.0479735, -0.307526, 0.0183985][-0.61983, -0.78474, 0.00000][0.26152, 0.76920, 0][0.0213025, -0.324085, -0.00256551][-0.61984, -0.78473, 0.00000][0.23512, 0.74334, 0][0.0479735, -0.324085, -0.00256552][-0.61984, -0.78473, 0.00000][0.26152, 0.74338, 0][0.0479735, -0.307526, 0.0183985][-0.61983, -0.78474, 0.00000][0.26152, 0.76920, 0][0.0213025, -0.307526, 0.0183985][-0.61983, -0.78474, 0.00000][0.23512, 0.76916, 0][0.0213025, -0.324085, -0.00256551][-0.61984, -0.78473, 0.00000][0.23512, 0.74334, 0][-0.00536849, -0.221186, 0.0523285][-0.78473, 0.61983, 0.00000][0.92221, 0.88033, 0][0.0213025, -0.184521, 0.0233685][-0.78474, 0.61983, 0.00000][0.88212, 0.90841, 0][-0.0053685, -0.184521, 0.0233685][-0.78474, 0.61983, 0.00000][0.88212, 0.88269, 0][-0.00536849, -0.221186, 0.0523285][-0.78473, 0.61983, 0.00000][0.92221, 0.88033, 0][0.0213025, -0.221186, 0.0523285][-0.78473, 0.61983, 0.00000][0.92221, 0.90606, 0][0.0213025, -0.184521, 0.0233685][-0.78474, 0.61983, 0.00000][0.88212, 0.90841, 0][0.0479735, -0.221186, 0.0523285][-0.78473, 0.61983, 0.00000][0.92221, 0.93178, 0][0.0746455, -0.184521, 0.0233685][-0.78474, 0.61983, 0.00000][0.88212, 0.95986, 0][0.0479735, -0.184521, 0.0233685][-0.78474, 0.61983, 0.00000][0.88212, 0.93414, 0][0.0479735, -0.221186, 0.0523285][-0.78473, 0.61983, 0.00000][0.92221, 0.93178, 0][0.0746455, -0.221186, 0.0523285][-0.78473, 0.61983, 0.00000][0.92221, 0.95751, 0][0.0746455, -0.184521, 0.0233685][-0.78474, 0.61983, 0.00000][0.88212, 0.95986, 0][0.0479735, -0.19891, 0.0338995][-0.90976, -0.41513, 0.00002][0.63571, 0.76547, 0][0.0746455, -0.156404, 0.0532945][-0.90977, -0.41512, 0.00002][0.59828, 0.78824, 0][0.0479735, -0.156404, 0.0532955][-0.90976, -0.41513, 0.00002][0.59828, 0.76449, 0][0.0479735, -0.19891, 0.0338995][-0.90976, -0.41513, 0.00002][0.63571, 0.76547, 0][0.0746455, -0.19891, 0.0338995][-0.90977, -0.41512, 0.00002][0.63571, 0.78922, 0][0.0746455, -0.156404, 0.0532945][-0.90977, -0.41512, 0.00002][0.59828, 0.78824, 0][0.101317, -0.221186, 0.0523285][0.01111, 0.01406, 0.99984][0.29862, 0.64121, 0][0.0996415, -0.20108, 0.00240448][-0.02053, 0.00926, 0.99975][0.26635, 0.61356, 0][0.0996415, -0.184521, 0.0233685][0.01111, 0.01406, 0.99984][0.28492, 0.60237, 0][0.101317, -0.221186, 0.0523285][0.01111, 0.01406, 0.99984][0.29862, 0.64121, 0][0.101317, -0.237744, 0.0313655][-0.00673, 0.01673, 0.99984][0.28005, 0.65240, 0][0.0996415, -0.20108, 0.00240448][-0.02053, 0.00926, 0.99975][0.26635, 0.61356, 0][0.101317, -0.254303, 0.0104015][-0.01228, 0.00970, 0.99988][0.26148, 0.66358, 0][0.101317, -0.234196, -0.0395225][0.00000, 0.00000, 1.00000][0.22921, 0.63594, 0][0.101317, -0.217638, -0.0185585][-0.02608, 0.00222, 0.99966][0.24778, 0.62475, 0][0.101317, -0.254303, 0.0104015][-0.01228, 0.00970, 0.99988][0.26148, 0.66358, 0][0.101317, -0.270861, -0.0105615][0.00000, 0.00000, 1.00000][0.24291, 0.67477, 0][0.101317, -0.234196, -0.0395225][0.00000, 0.00000, 1.00000][0.22921, 0.63594, 0][0.101317, -0.176731, -0.0147085][-0.01007, -0.01563, 0.99983][0.25879, 0.58816, 0][0.101317, -0.123135, -0.0196165][0.00000, 0.00000, 1.00000][0.26597, 0.53837, 0][0.101317, -0.134224, 0.00468748][0.00744, -0.01630, 0.99984][0.28142, 0.55302, 0][0.101317, -0.176731, -0.0147085][-0.01007, -0.01563, 0.99983][0.25879, 0.58816, 0][0.101317, -0.165641, -0.0390115][0.00000, 0.00000, 1.00000][0.24334, 0.57351, 0][0.101317, -0.123135, -0.0196165][0.00000, 0.00000, 1.00000][0.26597, 0.53837, 0][0.101317, -0.123135, -0.0196165][-0.41511, 0.90977, 0.00000][0.00189, 0.85761, 0][0.0746455, -0.134224, 0.00468748][-0.41510, 0.90978, 0.00000][0.02780, 0.88381, 0][0.101317, -0.134224, 0.00468748][-0.41510, 0.90978, 0.00000][0.00189, 0.88379, 0][0.101317, -0.123135, -0.0196165][-0.41511, 0.90977, 0.00000][0.00189, 0.85761, 0][0.0746455, -0.123135, -0.0196165][-0.41511, 0.90977, 0.00000][0.02780, 0.85763, 0][0.0746455, -0.134224, 0.00468748][-0.41510, 0.90978, 0.00000][0.02780, 0.88381, 0][0.0479735, -0.123135, -0.0196165][-0.41511, 0.90977, 0.00000][0.05370, 0.85765, 0][0.0213025, -0.134224, 0.00468749][-0.41510, 0.90978, 0.00000][0.07961, 0.88385, 0][0.0479735, -0.134224, 0.00468748][-0.41510, 0.90978, 0.00000][0.05370, 0.88383, 0][0.0479735, -0.123135, -0.0196165][-0.41511, 0.90977, 0.00000][0.05370, 0.85765, 0][0.0213025, -0.123135, -0.0196165][-0.41511, 0.90977, 0.00000][0.07961, 0.85768, 0][0.0213025, -0.134224, 0.00468749][-0.41510, 0.90978, 0.00000][0.07961, 0.88385, 0][0.0479735, -0.112045, -0.0439205][-0.41513, 0.90976, 0.00000][0.05370, 0.83148, 0][0.0213025, -0.123135, -0.0196165][-0.41511, 0.90977, 0.00000][0.07961, 0.85768, 0][0.0479735, -0.123135, -0.0196165][-0.41511, 0.90977, 0.00000][0.05370, 0.85765, 0][0.0479735, -0.112045, -0.0439205][-0.41513, 0.90976, 0.00000][0.05370, 0.83148, 0][0.0213025, -0.112045, -0.0439205][-0.41513, 0.90976, 0.00000][0.07961, 0.83150, 0][0.0213025, -0.123135, -0.0196165][-0.41511, 0.90977, 0.00000][0.07961, 0.85768, 0][0.0213025, -0.112045, -0.0439205][-0.41513, 0.90976, 0.00000][0.07961, 0.83150, 0][-0.0053685, -0.123135, -0.0196165][-0.41511, 0.90977, 0.00000][0.10552, 0.85770, 0][0.0213025, -0.123135, -0.0196165][-0.41511, 0.90977, 0.00000][0.07961, 0.85768, 0][0.0213025, -0.112045, -0.0439205][-0.41513, 0.90976, 0.00000][0.07961, 0.83150, 0][-0.0053685, -0.112045, -0.0439205][-0.41513, 0.90976, 0.00000][0.10552, 0.83152, 0][-0.0053685, -0.123135, -0.0196165][-0.41511, 0.90977, 0.00000][0.10552, 0.85770, 0][0.0213025, -0.123135, -0.0196165][-0.41511, 0.90977, 0.00000][0.07961, 0.85768, 0][-0.0053685, -0.134224, 0.00468749][-0.41510, 0.90978, 0.00000][0.10552, 0.88388, 0][0.0213025, -0.134224, 0.00468749][-0.41510, 0.90978, 0.00000][0.07961, 0.88385, 0][0.0213025, -0.123135, -0.0196165][-0.41511, 0.90977, 0.00000][0.07961, 0.85768, 0][-0.0053685, -0.123135, -0.0196165][-0.41511, 0.90977, 0.00000][0.10552, 0.85770, 0][-0.0053685, -0.134224, 0.00468749][-0.41510, 0.90978, 0.00000][0.10552, 0.88388, 0][0.101316, -0.112045, -0.0439205][-0.41513, 0.90976, 0.00000][0.00189, 0.83143, 0][0.0746455, -0.123135, -0.0196165][-0.41511, 0.90977, 0.00000][0.02780, 0.85763, 0][0.101317, -0.123135, -0.0196165][-0.41511, 0.90977, 0.00000][0.00189, 0.85761, 0][0.101316, -0.112045, -0.0439205][-0.41513, 0.90976, 0.00000][0.00189, 0.83143, 0][0.0746455, -0.112045, -0.0439205][-0.41513, 0.90976, 0.00000][0.02780, 0.83145, 0][0.0746455, -0.123135, -0.0196165][-0.41511, 0.90977, 0.00000][0.02780, 0.85763, 0][0.0746455, -0.112045, -0.0439205][-0.41513, 0.90976, 0.00000][0.02780, 0.83145, 0][0.0479735, -0.123135, -0.0196165][-0.41511, 0.90977, 0.00000][0.05370, 0.85765, 0][0.0746455, -0.123135, -0.0196165][-0.41511, 0.90977, 0.00000][0.02780, 0.85763, 0][0.0746455, -0.112045, -0.0439205][-0.41513, 0.90976, 0.00000][0.02780, 0.83145, 0][0.0479735, -0.112045, -0.0439205][-0.41513, 0.90976, 0.00000][0.05370, 0.83148, 0][0.0479735, -0.123135, -0.0196165][-0.41511, 0.90977, 0.00000][0.05370, 0.85765, 0][0.0746455, -0.123135, -0.0196165][-0.41511, 0.90977, 0.00000][0.02780, 0.85763, 0][0.0479735, -0.134224, 0.00468748][-0.41510, 0.90978, 0.00000][0.05370, 0.88383, 0][0.0746455, -0.134224, 0.00468748][-0.41510, 0.90978, 0.00000][0.02780, 0.88381, 0][0.0746455, -0.123135, -0.0196165][-0.41511, 0.90977, 0.00000][0.02780, 0.85763, 0][0.0479735, -0.123135, -0.0196165][-0.41511, 0.90977, 0.00000][0.05370, 0.85765, 0][0.0479735, -0.134224, 0.00468748][-0.41510, 0.90978, 0.00000][0.05370, 0.88383, 0][0.101317, -0.217638, -0.0185585][-0.02608, 0.00222, 0.99966][0.24778, 0.62475, 0][0.101317, -0.165641, -0.0390115][0.00000, 0.00000, 1.00000][0.24334, 0.57351, 0][0.101317, -0.176731, -0.0147085][-0.01007, -0.01563, 0.99983][0.25879, 0.58816, 0][0.101317, -0.217638, -0.0185585][-0.02608, 0.00222, 0.99966][0.24778, 0.62475, 0][0.101317, -0.234196, -0.0395225][0.00000, 0.00000, 1.00000][0.22921, 0.63594, 0][0.101317, -0.165641, -0.0390115][0.00000, 0.00000, 1.00000][0.24334, 0.57351, 0][0.101317, -0.234196, -0.0395225][0.00000, 0.00000, 1.00000][0.22921, 0.63594, 0][0.101316, -0.154552, -0.0633155][0.00000, 0.00000, 1.00000][0.22789, 0.55887, 0][0.101317, -0.165641, -0.0390115][0.00000, 0.00000, 1.00000][0.24334, 0.57351, 0][0.101317, -0.234196, -0.0395225][0.00000, 0.00000, 1.00000][0.22921, 0.63594, 0][0.101316, -0.250755, -0.0604855][0.00000, 0.00000, 1.00000][0.21064, 0.64713, 0][0.101316, -0.154552, -0.0633155][0.00000, 0.00000, 1.00000][0.22789, 0.55887, 0][0.101317, -0.165641, -0.0390115][0.00000, 0.00000, 1.00000][0.24334, 0.57351, 0][0.101316, -0.112045, -0.0439205][0.00000, 0.00000, 1.00000][0.25053, 0.52372, 0][0.101317, -0.123135, -0.0196165][0.00000, 0.00000, 1.00000][0.26597, 0.53837, 0][0.101317, -0.165641, -0.0390115][0.00000, 0.00000, 1.00000][0.24334, 0.57351, 0][0.101316, -0.154552, -0.0633155][0.00000, 0.00000, 1.00000][0.22789, 0.55887, 0][0.101316, -0.112045, -0.0439205][0.00000, 0.00000, 1.00000][0.25053, 0.52372, 0][0.101317, -0.290968, 0.0393625][0.00000, 0.00000, 1.00000][0.27518, 0.70242, 0][0.101317, -0.270861, -0.0105615][0.00000, 0.00000, 1.00000][0.24291, 0.67477, 0][0.101317, -0.254303, 0.0104015][-0.01228, 0.00970, 0.99988][0.26148, 0.66358, 0][0.101317, -0.290968, 0.0393625][0.00000, 0.00000, 1.00000][0.27518, 0.70242, 0][0.101317, -0.307526, 0.0183985][0.00000, 0.00000, 1.00000][0.25662, 0.71361, 0][0.101317, -0.270861, -0.0105615][0.00000, 0.00000, 1.00000][0.24291, 0.67477, 0][0.101317, -0.307526, 0.0183985][0.00000, 0.00000, 1.00000][0.25662, 0.71361, 0][0.101317, -0.28742, -0.0315255][0.00000, 0.00000, 1.00000][0.22435, 0.68596, 0][0.101317, -0.270861, -0.0105615][0.00000, 0.00000, 1.00000][0.24291, 0.67477, 0][0.101317, -0.307526, 0.0183985][0.00000, 0.00000, 1.00000][0.25662, 0.71361, 0][0.101317, -0.324085, -0.00256552][0.00000, 0.00000, 1.00000][0.23805, 0.72480, 0][0.101317, -0.28742, -0.0315255][0.00000, 0.00000, 1.00000][0.22435, 0.68596, 0][0.101317, -0.270861, -0.0105615][0.00000, 0.00000, 1.00000][0.24291, 0.67477, 0][0.101316, -0.250755, -0.0604855][0.00000, 0.00000, 1.00000][0.21064, 0.64713, 0][0.101317, -0.234196, -0.0395225][0.00000, 0.00000, 1.00000][0.22921, 0.63594, 0][0.101317, -0.270861, -0.0105615][0.00000, 0.00000, 1.00000][0.24291, 0.67477, 0][0.101317, -0.28742, -0.0315255][0.00000, 0.00000, 1.00000][0.22435, 0.68596, 0][0.101316, -0.250755, -0.0604855][0.00000, 0.00000, 1.00000][0.21064, 0.64713, 0][0.101317, -0.257851, 0.0812895][0.00000, 0.00000, 1.00000][0.31232, 0.68004, 0][0.101317, -0.237744, 0.0313655][-0.00673, 0.01673, 0.99984][0.28005, 0.65240, 0][0.101317, -0.221186, 0.0523285][0.01111, 0.01406, 0.99984][0.29862, 0.64121, 0][0.101317, -0.257851, 0.0812895][0.00000, 0.00000, 1.00000][0.31232, 0.68004, 0][0.101317, -0.274409, 0.0603255][0.00000, 0.00000, 1.00000][0.29375, 0.69123, 0][0.101317, -0.237744, 0.0313655][-0.00673, 0.01673, 0.99984][0.28005, 0.65240, 0][0.101317, -0.274409, 0.0603255][0.00000, 0.00000, 1.00000][0.29375, 0.69123, 0][0.101317, -0.254303, 0.0104015][-0.01228, 0.00970, 0.99988][0.26148, 0.66358, 0][0.101317, -0.237744, 0.0313655][-0.00673, 0.01673, 0.99984][0.28005, 0.65240, 0][0.101317, -0.274409, 0.0603255][0.00000, 0.00000, 1.00000][0.29375, 0.69123, 0][0.101317, -0.290968, 0.0393625][0.00000, 0.00000, 1.00000][0.27518, 0.70242, 0][0.101317, -0.254303, 0.0104015][-0.01228, 0.00970, 0.99988][0.26148, 0.66358, 0][0.101317, -0.237744, 0.0313655][-0.00673, 0.01673, 0.99984][0.28005, 0.65240, 0][0.101317, -0.217638, -0.0185585][-0.02608, 0.00222, 0.99966][0.24778, 0.62475, 0][0.0996415, -0.20108, 0.00240448][-0.02053, 0.00926, 0.99975][0.26635, 0.61356, 0][0.101317, -0.237744, 0.0313655][-0.00673, 0.01673, 0.99984][0.28005, 0.65240, 0][0.101317, -0.254303, 0.0104015][-0.01228, 0.00970, 0.99988][0.26148, 0.66358, 0][0.101317, -0.217638, -0.0185585][-0.02608, 0.00222, 0.99966][0.24778, 0.62475, 0][0.0479735, -0.184521, 0.0233685][0.80696, -0.59060, 0.00000][0.73978, 0.85077, 0][0.0746455, -0.19891, 0.0338995][0.80696, -0.59060, 0.00000][0.75618, 0.82626, 0][0.0479735, -0.19891, 0.0338995][0.80696, -0.59060, 0.00000][0.75618, 0.85083, 0][0.0479735, -0.184521, 0.0233685][0.80696, -0.59060, 0.00000][0.73978, 0.85077, 0][0.0746455, -0.184521, 0.0233685][0.80696, -0.59060, 0.00000][0.73978, 0.82620, 0][0.0746455, -0.19891, 0.0338995][0.80696, -0.59060, 0.00000][0.75618, 0.82626, 0][0.0746455, -0.184521, 0.0233685][0.80696, -0.59060, 0.00000][0.73978, 0.82620, 0][0.0996415, -0.19891, 0.0338995][0.80696, -0.59060, 0.00000][0.75618, 0.80169, 0][0.0746455, -0.19891, 0.0338995][0.80696, -0.59060, 0.00000][0.75618, 0.82626, 0][0.0746455, -0.184521, 0.0233685][0.80696, -0.59060, 0.00000][0.73978, 0.82620, 0][0.0996415, -0.184521, 0.0233685][0.80696, -0.59060, 0.00000][0.73978, 0.80163, 0][0.0996415, -0.19891, 0.0338995][0.80696, -0.59060, 0.00000][0.75618, 0.80169, 0][0.0746455, -0.19891, 0.0338995][-0.90977, -0.41512, 0.00002][0.63571, 0.78922, 0][0.101317, -0.156404, 0.0532945][-0.90977, -0.41512, 0.00000][0.59828, 0.81199, 0][0.0746455, -0.156404, 0.0532945][-0.90977, -0.41512, 0.00002][0.59828, 0.78824, 0][0.0746455, -0.19891, 0.0338995][-0.90977, -0.41512, 0.00002][0.63571, 0.78922, 0][0.0996415, -0.19891, 0.0338995][-0.90977, -0.41512, 0.00000][0.63571, 0.81298, 0][0.101317, -0.156404, 0.0532945][-0.90977, -0.41512, 0.00000][0.59828, 0.81199, 0][0.0479735, -0.257851, 0.0812895][-0.78473, 0.61984, 0.00000][0.96229, 0.92943, 0][0.0746455, -0.221186, 0.0523285][-0.78473, 0.61983, 0.00000][0.92221, 0.95751, 0][0.0479735, -0.221186, 0.0523285][-0.78473, 0.61983, 0.00000][0.92221, 0.93178, 0][0.0479735, -0.257851, 0.0812895][-0.78473, 0.61984, 0.00000][0.96229, 0.92943, 0][0.0746455, -0.257851, 0.0812895][-0.78473, 0.61984, 0.00000][0.96229, 0.95515, 0][0.0746455, -0.221186, 0.0523285][-0.78473, 0.61983, 0.00000][0.92221, 0.95751, 0][0.0746455, -0.257851, 0.0812895][-0.78473, 0.61984, 0.00000][0.96229, 0.95515, 0][0.101317, -0.221186, 0.0523285][-0.78473, 0.61983, 0.00000][0.92221, 0.98323, 0][0.0746455, -0.221186, 0.0523285][-0.78473, 0.61983, 0.00000][0.92221, 0.95751, 0][0.0746455, -0.257851, 0.0812895][-0.78473, 0.61984, 0.00000][0.96229, 0.95515, 0][0.101317, -0.257851, 0.0812895][-0.78473, 0.61984, 0.00000][0.96229, 0.98088, 0][0.101317, -0.221186, 0.0523285][-0.78473, 0.61983, 0.00000][0.92221, 0.98323, 0][0.0746455, -0.221186, 0.0523285][-0.78473, 0.61983, 0.00000][0.92221, 0.95751, 0][0.0996415, -0.184521, 0.0233685][-0.78474, 0.61983, 0.00000][0.88212, 0.98559, 0][0.0746455, -0.184521, 0.0233685][-0.78474, 0.61983, 0.00000][0.88212, 0.95986, 0][0.0746455, -0.221186, 0.0523285][-0.78473, 0.61983, 0.00000][0.92221, 0.95751, 0][0.101317, -0.221186, 0.0523285][-0.78473, 0.61983, 0.00000][0.92221, 0.98323, 0][0.0996415, -0.184521, 0.0233685][-0.78474, 0.61983, 0.00000][0.88212, 0.98559, 0][-0.00536849, -0.257851, 0.0812895][-0.78473, 0.61984, 0.00000][0.96229, 0.87798, 0][0.0213025, -0.221186, 0.0523285][-0.78473, 0.61983, 0.00000][0.92221, 0.90606, 0][-0.00536849, -0.221186, 0.0523285][-0.78473, 0.61983, 0.00000][0.92221, 0.88033, 0][-0.00536849, -0.257851, 0.0812895][-0.78473, 0.61984, 0.00000][0.96229, 0.87798, 0][0.0213025, -0.257851, 0.0812895][-0.78473, 0.61984, 0.00000][0.96229, 0.90370, 0][0.0213025, -0.221186, 0.0523285][-0.78473, 0.61983, 0.00000][0.92221, 0.90606, 0][0.0213025, -0.257851, 0.0812895][-0.78473, 0.61984, 0.00000][0.96229, 0.90370, 0][0.0479735, -0.221186, 0.0523285][-0.78473, 0.61983, 0.00000][0.92221, 0.93178, 0][0.0213025, -0.221186, 0.0523285][-0.78473, 0.61983, 0.00000][0.92221, 0.90606, 0][0.0213025, -0.257851, 0.0812895][-0.78473, 0.61984, 0.00000][0.96229, 0.90370, 0][0.0479735, -0.257851, 0.0812895][-0.78473, 0.61984, 0.00000][0.96229, 0.92943, 0][0.0479735, -0.221186, 0.0523285][-0.78473, 0.61983, 0.00000][0.92221, 0.93178, 0][0.0213025, -0.221186, 0.0523285][-0.78473, 0.61983, 0.00000][0.92221, 0.90606, 0][0.0479735, -0.184521, 0.0233685][-0.78474, 0.61983, 0.00000][0.88212, 0.93414, 0][0.0213025, -0.184521, 0.0233685][-0.78474, 0.61983, 0.00000][0.88212, 0.90841, 0][0.0213025, -0.221186, 0.0523285][-0.78473, 0.61983, 0.00000][0.92221, 0.90606, 0][0.0479735, -0.221186, 0.0523285][-0.78473, 0.61983, 0.00000][0.92221, 0.93178, 0][0.0479735, -0.184521, 0.0233685][-0.78474, 0.61983, 0.00000][0.88212, 0.93414, 0][0.0479735, -0.290968, 0.0393625][-0.61984, -0.78473, 0.00000][0.26152, 0.79502, 0][0.0213025, -0.307526, 0.0183985][-0.61983, -0.78474, 0.00000][0.23512, 0.76916, 0][0.0479735, -0.307526, 0.0183985][-0.61983, -0.78474, 0.00000][0.26152, 0.76920, 0][0.0479735, -0.290968, 0.0393625][-0.61984, -0.78473, 0.00000][0.26152, 0.79502, 0][0.0213025, -0.290968, 0.0393625][-0.61984, -0.78473, 0.00000][0.23512, 0.79498, 0][0.0213025, -0.307526, 0.0183985][-0.61983, -0.78474, 0.00000][0.23512, 0.76916, 0][0.0213025, -0.290968, 0.0393625][-0.61984, -0.78473, 0.00000][0.23512, 0.79498, 0][-0.0053685, -0.307526, 0.0183985][-0.61983, -0.78474, 0.00000][0.20873, 0.76913, 0][0.0213025, -0.307526, 0.0183985][-0.61983, -0.78474, 0.00000][0.23512, 0.76916, 0][0.0213025, -0.290968, 0.0393625][-0.61984, -0.78473, 0.00000][0.23512, 0.79498, 0][-0.00536849, -0.290968, 0.0393625][-0.61984, -0.78473, 0.00000][0.20873, 0.79495, 0][-0.0053685, -0.307526, 0.0183985][-0.61983, -0.78474, 0.00000][0.20873, 0.76913, 0][0.0213025, -0.307526, 0.0183985][-0.61983, -0.78474, 0.00000][0.23512, 0.76916, 0][-0.0053685, -0.324085, -0.00256551][-0.61984, -0.78473, 0.00000][0.20873, 0.74331, 0][0.0213025, -0.324085, -0.00256551][-0.61984, -0.78473, 0.00000][0.23512, 0.74334, 0][0.0213025, -0.307526, 0.0183985][-0.61983, -0.78474, 0.00000][0.23512, 0.76916, 0][-0.0053685, -0.307526, 0.0183985][-0.61983, -0.78474, 0.00000][0.20873, 0.76913, 0][-0.0053685, -0.324085, -0.00256551][-0.61984, -0.78473, 0.00000][0.20873, 0.74331, 0][0.0479735, -0.257851, 0.0812895][-0.61982, -0.78475, 0.00000][0.26152, 0.84666, 0][0.0213025, -0.274409, 0.0603255][-0.61984, -0.78473, 0.00000][0.23512, 0.82080, 0][0.0479735, -0.274409, 0.0603255][-0.61984, -0.78473, 0.00000][0.26152, 0.82084, 0][0.0479735, -0.257851, 0.0812895][-0.61982, -0.78475, 0.00000][0.26152, 0.84666, 0][0.0213025, -0.257851, 0.0812895][-0.61982, -0.78475, 0.00000][0.23512, 0.84662, 0][0.0213025, -0.274409, 0.0603255][-0.61984, -0.78473, 0.00000][0.23512, 0.82080, 0][0.0213025, -0.257851, 0.0812895][-0.61982, -0.78475, 0.00000][0.23512, 0.84662, 0][-0.00536849, -0.274409, 0.0603255][-0.61984, -0.78473, 0.00000][0.20873, 0.82077, 0][0.0213025, -0.274409, 0.0603255][-0.61984, -0.78473, 0.00000][0.23512, 0.82080, 0][0.0213025, -0.257851, 0.0812895][-0.61982, -0.78475, 0.00000][0.23512, 0.84662, 0][-0.00536849, -0.257851, 0.0812895][-0.61982, -0.78475, 0.00000][0.20873, 0.84659, 0][-0.00536849, -0.274409, 0.0603255][-0.61984, -0.78473, 0.00000][0.20873, 0.82077, 0][0.0213025, -0.274409, 0.0603255][-0.61984, -0.78473, 0.00000][0.23512, 0.82080, 0][-0.00536849, -0.290968, 0.0393625][-0.61984, -0.78473, 0.00000][0.20873, 0.79495, 0][0.0213025, -0.290968, 0.0393625][-0.61984, -0.78473, 0.00000][0.23512, 0.79498, 0][0.0213025, -0.274409, 0.0603255][-0.61984, -0.78473, 0.00000][0.23512, 0.82080, 0][-0.00536849, -0.274409, 0.0603255][-0.61984, -0.78473, 0.00000][0.20873, 0.82077, 0][-0.00536849, -0.290968, 0.0393625][-0.61984, -0.78473, 0.00000][0.20873, 0.79495, 0][0.101317, -0.257851, 0.0812895][-0.61982, -0.78475, 0.00000][0.31430, 0.84672, 0][0.0746455, -0.274409, 0.0603255][-0.61984, -0.78473, 0.00000][0.28791, 0.82087, 0][0.101317, -0.274409, 0.0603255][-0.61984, -0.78473, 0.00000][0.31430, 0.82090, 0][0.101317, -0.257851, 0.0812895][-0.61982, -0.78475, 0.00000][0.31430, 0.84672, 0][0.0746455, -0.257851, 0.0812895][-0.61982, -0.78475, 0.00000][0.28791, 0.84669, 0][0.0746455, -0.274409, 0.0603255][-0.61984, -0.78473, 0.00000][0.28791, 0.82087, 0][0.0746455, -0.257851, 0.0812895][-0.61982, -0.78475, 0.00000][0.28791, 0.84669, 0][0.0479735, -0.274409, 0.0603255][-0.61984, -0.78473, 0.00000][0.26152, 0.82084, 0][0.0746455, -0.274409, 0.0603255][-0.61984, -0.78473, 0.00000][0.28791, 0.82087, 0][0.0746455, -0.257851, 0.0812895][-0.61982, -0.78475, 0.00000][0.28791, 0.84669, 0][0.0479735, -0.257851, 0.0812895][-0.61982, -0.78475, 0.00000][0.26152, 0.84666, 0][0.0479735, -0.274409, 0.0603255][-0.61984, -0.78473, 0.00000][0.26152, 0.82084, 0][0.0746455, -0.274409, 0.0603255][-0.61984, -0.78473, 0.00000][0.28791, 0.82087, 0][0.0479735, -0.290968, 0.0393625][-0.61984, -0.78473, 0.00000][0.26152, 0.79502, 0][0.0746455, -0.290968, 0.0393625][-0.61984, -0.78473, 0.00000][0.28791, 0.79505, 0][0.0746455, -0.274409, 0.0603255][-0.61984, -0.78473, 0.00000][0.28791, 0.82087, 0][0.0479735, -0.274409, 0.0603255][-0.61984, -0.78473, 0.00000][0.26152, 0.82084, 0][0.0479735, -0.290968, 0.0393625][-0.61984, -0.78473, 0.00000][0.26152, 0.79502, 0][0.0479735, -0.250755, -0.0604855][0.93973, -0.34193, 0.00000][0.79071, 0.34322, 0][0.0213025, -0.154552, -0.0633155][0.98020, 0.19801, 0.00000][0.76535, 0.26482, 0][0.0479735, -0.154552, -0.0633155][0.98020, 0.19801, 0.00000][0.79296, 0.26413, 0][0.0479735, -0.250755, -0.0604855][0.93973, -0.34193, 0.00000][0.79071, 0.34322, 0][0.0213025, -0.250755, -0.0604855][0.93973, -0.34193, 0.00000][0.76310, 0.34391, 0][0.0213025, -0.154552, -0.0633155][0.98020, 0.19801, 0.00000][0.76535, 0.26482, 0][0.0213025, -0.250755, -0.0604855][0.93973, -0.34193, 0.00000][0.76310, 0.34391, 0][-0.0053685, -0.154552, -0.0633155][0.98020, 0.19801, 0.00000][0.73775, 0.26550, 0][0.0213025, -0.154552, -0.0633155][0.98020, 0.19801, 0.00000][0.76535, 0.26482, 0][0.0213025, -0.250755, -0.0604855][0.93973, -0.34193, 0.00000][0.76310, 0.34391, 0][-0.0053685, -0.250755, -0.0604855][0.93973, -0.34193, 0.00000][0.73549, 0.34459, 0][-0.0053685, -0.154552, -0.0633155][0.98020, 0.19801, 0.00000][0.73775, 0.26550, 0][0.0213025, -0.154552, -0.0633155][0.98020, 0.19801, 0.00000][0.15247, 0.47796, 0][-0.0053685, -0.112045, -0.0439205][0.90977, 0.41511, 0.00000][0.19442, 0.45365, 0][0.0213025, -0.112045, -0.0439205][0.90977, 0.41511, 0.00000][0.19442, 0.47821, 0][0.0213025, -0.154552, -0.0633155][0.98020, 0.19801, 0.00000][0.15247, 0.47796, 0][-0.0053685, -0.154552, -0.0633155][0.98020, 0.19801, 0.00000][0.15247, 0.45341, 0][-0.0053685, -0.112045, -0.0439205][0.90977, 0.41511, 0.00000][0.19442, 0.45365, 0][0.0479735, -0.324085, -0.00256552][0.78474, -0.61983, 0.00000][0.79296, 0.44039, 0][0.0213025, -0.28742, -0.0315255][0.78474, -0.61983, 0.00000][0.76423, 0.39249, 0][0.0479735, -0.28742, -0.0315255][0.78474, -0.61983, 0.00000][0.79183, 0.39180, 0][0.0479735, -0.324085, -0.00256552][0.78474, -0.61983, 0.00000][0.79296, 0.44039, 0][0.0213025, -0.324085, -0.00256551][0.78474, -0.61983, 0.00000][0.76535, 0.44107, 0][0.0213025, -0.28742, -0.0315255][0.78474, -0.61983, 0.00000][0.76423, 0.39249, 0][0.0213025, -0.324085, -0.00256551][0.78474, -0.61983, 0.00000][0.76535, 0.44107, 0][-0.0053685, -0.28742, -0.0315255][0.78474, -0.61983, 0.00000][0.73662, 0.39318, 0][0.0213025, -0.28742, -0.0315255][0.78474, -0.61983, 0.00000][0.76423, 0.39249, 0][0.0213025, -0.324085, -0.00256551][0.78474, -0.61983, 0.00000][0.76535, 0.44107, 0][-0.0053685, -0.324085, -0.00256551][0.78474, -0.61983, 0.00000][0.73775, 0.44176, 0][-0.0053685, -0.28742, -0.0315255][0.78474, -0.61983, 0.00000][0.73662, 0.39318, 0][0.0213025, -0.28742, -0.0315255][0.78474, -0.61983, 0.00000][0.76423, 0.39249, 0][-0.0053685, -0.250755, -0.0604855][0.93973, -0.34193, 0.00000][0.73549, 0.34459, 0][0.0213025, -0.250755, -0.0604855][0.93973, -0.34193, 0.00000][0.76310, 0.34391, 0][0.0213025, -0.28742, -0.0315255][0.78474, -0.61983, 0.00000][0.76423, 0.39249, 0][-0.0053685, -0.28742, -0.0315255][0.78474, -0.61983, 0.00000][0.73662, 0.39318, 0][-0.0053685, -0.250755, -0.0604855][0.93973, -0.34193, 0.00000][0.73549, 0.34459, 0][0.101317, -0.324085, -0.00256552][0.78474, -0.61983, 0.00000][0.84817, 0.43901, 0][0.0746455, -0.28742, -0.0315255][0.78474, -0.61983, 0.00000][0.81944, 0.39112, 0][0.101317, -0.28742, -0.0315255][0.78474, -0.61983, 0.00000][0.84704, 0.39043, 0][0.101317, -0.324085, -0.00256552][0.78474, -0.61983, 0.00000][0.84817, 0.43901, 0][0.0746455, -0.324085, -0.00256552][0.78474, -0.61983, 0.00000][0.82056, 0.43970, 0][0.0746455, -0.28742, -0.0315255][0.78474, -0.61983, 0.00000][0.81944, 0.39112, 0][0.0746455, -0.324085, -0.00256552][0.78474, -0.61983, 0.00000][0.82056, 0.43970, 0][0.0479735, -0.28742, -0.0315255][0.78474, -0.61983, 0.00000][0.79183, 0.39180, 0][0.0746455, -0.28742, -0.0315255][0.78474, -0.61983, 0.00000][0.81944, 0.39112, 0][0.0746455, -0.324085, -0.00256552][0.78474, -0.61983, 0.00000][0.82056, 0.43970, 0][0.0479735, -0.324085, -0.00256552][0.78474, -0.61983, 0.00000][0.79296, 0.44039, 0][0.0479735, -0.28742, -0.0315255][0.78474, -0.61983, 0.00000][0.79183, 0.39180, 0][0.0746455, -0.28742, -0.0315255][0.78474, -0.61983, 0.00000][0.81944, 0.39112, 0][0.0479735, -0.250755, -0.0604855][0.93973, -0.34193, 0.00000][0.79071, 0.34322, 0][0.0746455, -0.250755, -0.0604855][0.93973, -0.34193, 0.00000][0.81831, 0.34253, 0][0.0746455, -0.28742, -0.0315255][0.78474, -0.61983, 0.00000][0.81944, 0.39112, 0][0.0479735, -0.28742, -0.0315255][0.78474, -0.61983, 0.00000][0.79183, 0.39180, 0][0.0479735, -0.250755, -0.0604855][0.93973, -0.34193, 0.00000][0.79071, 0.34322, 0][-0.0053685, -0.217638, -0.0185585][0.00000, 0.00000, -1.00000][0.09579, 0.54828, 0][-0.0053685, -0.187821, 0.00959549][0.00000, 0.00000, -1.00000][0.05918, 0.54238, 0][-0.0053685, -0.176731, -0.0147085][0.00000, 0.00000, -1.00000][0.07019, 0.52085, 0][-0.0053685, -0.217638, -0.0185585][0.00000, 0.00000, -1.00000][0.09579, 0.54828, 0][-0.0053685, -0.20108, 0.00240449][0.00000, 0.00000, -1.00000][0.07169, 0.54797, 0][-0.0053685, -0.187821, 0.00959549][0.00000, 0.00000, -1.00000][0.05918, 0.54238, 0][-0.0053685, -0.20108, 0.00240449][0.00000, 0.00000, -1.00000][0.36120, 0.50279, 0][-0.00536849, -0.19891, 0.0338995][0.00000, 0.00000, -1.00000][0.36120, 0.47640, 0][-0.0053685, -0.187821, 0.00959549][0.00000, 0.00000, -1.00000][0.34799, 0.49607, 0][-0.0053685, -0.20108, 0.00240449][0.00000, 0.00000, -1.00000][0.36120, 0.50279, 0][-0.0053685, -0.184521, 0.0233685][0.00000, 0.00000, -1.00000][0.34555, 0.48440, 0][-0.00536849, -0.19891, 0.0338995][0.00000, 0.00000, -1.00000][0.36120, 0.47640, 0][-0.0053685, -0.187821, 0.00959549][0.00000, 0.00000, -1.00000][0.05918, 0.54238, 0][-0.00536849, -0.156404, 0.0532945][0.00000, 0.00000, -1.00000][0.01067, 0.54398, 0][-0.00536849, -0.145314, 0.0289915][0.00000, 0.00000, -1.00000][0.02167, 0.52245, 0][-0.0053685, -0.187821, 0.00959549][0.00000, 0.00000, -1.00000][0.05918, 0.54238, 0][-0.00536849, -0.19891, 0.0338995][0.00000, 0.00000, -1.00000][0.04818, 0.56392, 0][-0.00536849, -0.156404, 0.0532945][0.00000, 0.00000, -1.00000][0.01067, 0.54398, 0][-0.00536849, -0.290968, 0.0393625][0.00000, 0.00000, -1.00000][0.09579, 0.63350, 0][-0.00536849, -0.237744, 0.0313655][0.00000, 0.00000, -1.00000][0.07169, 0.59058, 0][-0.0053685, -0.254303, 0.0104015][0.00000, 0.00000, -1.00000][0.09579, 0.59089, 0][-0.00536849, -0.290968, 0.0393625][0.00000, 0.00000, -1.00000][0.09579, 0.63350, 0][-0.00536849, -0.274409, 0.0603255][0.00000, 0.00000, -1.00000][0.07169, 0.63319, 0][-0.00536849, -0.237744, 0.0313655][0.00000, 0.00000, -1.00000][0.07169, 0.59058, 0][-0.00536849, -0.274409, 0.0603255][0.00000, 0.00000, -1.00000][0.07169, 0.63319, 0][-0.00536849, -0.221186, 0.0523285][0.00000, 0.00000, -1.00000][0.04758, 0.59027, 0][-0.00536849, -0.237744, 0.0313655][0.00000, 0.00000, -1.00000][0.07169, 0.59058, 0][-0.00536849, -0.274409, 0.0603255][0.00000, 0.00000, -1.00000][0.07169, 0.63319, 0][-0.00536849, -0.257851, 0.0812895][0.00000, 0.00000, -1.00000][0.04759, 0.63288, 0][-0.00536849, -0.221186, 0.0523285][0.00000, 0.00000, -1.00000][0.04758, 0.59027, 0][-0.00536849, -0.237744, 0.0313655][0.00000, 0.00000, -1.00000][0.07169, 0.59058, 0][-0.0053685, -0.184521, 0.0233685][0.00000, 0.00000, -1.00000][0.04759, 0.54766, 0][-0.0053685, -0.20108, 0.00240449][0.00000, 0.00000, -1.00000][0.07169, 0.54797, 0][-0.00536849, -0.237744, 0.0313655][0.00000, 0.00000, -1.00000][0.07169, 0.59058, 0][-0.00536849, -0.221186, 0.0523285][0.00000, 0.00000, -1.00000][0.04758, 0.59027, 0][-0.0053685, -0.184521, 0.0233685][0.00000, 0.00000, -1.00000][0.04759, 0.54766, 0][-0.0053685, -0.324085, -0.00256551][0.00000, 0.00000, -1.00000][0.14401, 0.63412, 0][-0.0053685, -0.270861, -0.0105615][0.00000, 0.00000, -1.00000][0.11990, 0.59120, 0][-0.0053685, -0.28742, -0.0315255][0.00000, 0.00000, -1.00000][0.14401, 0.59151, 0][-0.0053685, -0.324085, -0.00256551][0.00000, 0.00000, -1.00000][0.14401, 0.63412, 0][-0.0053685, -0.307526, 0.0183985][0.00000, 0.00000, -1.00000][0.11990, 0.63381, 0][-0.0053685, -0.270861, -0.0105615][0.00000, 0.00000, -1.00000][0.11990, 0.59120, 0][-0.0053685, -0.307526, 0.0183985][0.00000, 0.00000, -1.00000][0.11990, 0.63381, 0][-0.0053685, -0.254303, 0.0104015][0.00000, 0.00000, -1.00000][0.09579, 0.59089, 0][-0.0053685, -0.270861, -0.0105615][0.00000, 0.00000, -1.00000][0.11990, 0.59120, 0][-0.0053685, -0.307526, 0.0183985][0.00000, 0.00000, -1.00000][0.11990, 0.63381, 0][-0.00536849, -0.290968, 0.0393625][0.00000, 0.00000, -1.00000][0.09579, 0.63350, 0][-0.0053685, -0.254303, 0.0104015][0.00000, 0.00000, -1.00000][0.09579, 0.59089, 0][-0.0053685, -0.270861, -0.0105615][0.00000, 0.00000, -1.00000][0.11990, 0.59120, 0][-0.0053685, -0.217638, -0.0185585][0.00000, 0.00000, -1.00000][0.09579, 0.54828, 0][-0.0053685, -0.234196, -0.0395225][0.00000, 0.00000, -1.00000][0.11990, 0.54859, 0][-0.0053685, -0.270861, -0.0105615][0.00000, 0.00000, -1.00000][0.11990, 0.59120, 0][-0.0053685, -0.254303, 0.0104015][0.00000, 0.00000, -1.00000][0.09579, 0.59089, 0][-0.0053685, -0.217638, -0.0185585][0.00000, 0.00000, -1.00000][0.09579, 0.54828, 0][-0.0053685, -0.250755, -0.0604855][0.00000, 0.00000, -1.00000][0.14401, 0.54890, 0][-0.0053685, -0.165641, -0.0390115][0.00000, 0.00000, -1.00000][0.08120, 0.49932, 0][-0.0053685, -0.154552, -0.0633155][0.00000, 0.00000, -1.00000][0.09220, 0.47778, 0][-0.0053685, -0.250755, -0.0604855][0.00000, 0.00000, -1.00000][0.14401, 0.54890, 0][-0.0053685, -0.234196, -0.0395225][0.00000, 0.00000, -1.00000][0.11990, 0.54859, 0][-0.0053685, -0.165641, -0.0390115][0.00000, 0.00000, -1.00000][0.08120, 0.49932, 0][-0.0053685, -0.234196, -0.0395225][0.00000, 0.00000, -1.00000][0.11990, 0.54859, 0][-0.0053685, -0.176731, -0.0147085][0.00000, 0.00000, -1.00000][0.07019, 0.52085, 0][-0.0053685, -0.165641, -0.0390115][0.00000, 0.00000, -1.00000][0.08120, 0.49932, 0][-0.0053685, -0.234196, -0.0395225][0.00000, 0.00000, -1.00000][0.11990, 0.54859, 0][-0.0053685, -0.217638, -0.0185585][0.00000, 0.00000, -1.00000][0.09579, 0.54828, 0][-0.0053685, -0.176731, -0.0147085][0.00000, 0.00000, -1.00000][0.07019, 0.52085, 0][-0.0053685, -0.165641, -0.0390115][0.00000, 0.00000, -1.00000][0.08120, 0.49932, 0][-0.0053685, -0.134224, 0.00468749][0.00000, 0.00000, -1.00000][0.03268, 0.50091, 0][-0.0053685, -0.123135, -0.0196165][0.00000, 0.00000, -1.00000][0.04369, 0.47938, 0][-0.0053685, -0.165641, -0.0390115][0.00000, 0.00000, -1.00000][0.08120, 0.49932, 0][-0.0053685, -0.176731, -0.0147085][0.00000, 0.00000, -1.00000][0.07019, 0.52085, 0][-0.0053685, -0.134224, 0.00468749][0.00000, 0.00000, -1.00000][0.03268, 0.50091, 0][0.101316, -0.250755, -0.0604855][0.93973, -0.34193, 0.00000][0.84592, 0.34185, 0][0.0746455, -0.154552, -0.0633155][0.98020, 0.19801, 0.00000][0.82056, 0.26345, 0][0.101316, -0.154552, -0.0633155][0.98020, 0.19801, 0.00000][0.84817, 0.26276, 0][0.101316, -0.250755, -0.0604855][0.93973, -0.34193, 0.00000][0.84592, 0.34185, 0][0.0746455, -0.250755, -0.0604855][0.93973, -0.34193, 0.00000][0.81831, 0.34253, 0][0.0746455, -0.154552, -0.0633155][0.98020, 0.19801, 0.00000][0.82056, 0.26345, 0][0.0746455, -0.250755, -0.0604855][0.93973, -0.34193, 0.00000][0.81831, 0.34253, 0][0.0479735, -0.154552, -0.0633155][0.98020, 0.19801, 0.00000][0.79296, 0.26413, 0][0.0746455, -0.154552, -0.0633155][0.98020, 0.19801, 0.00000][0.82056, 0.26345, 0][0.0746455, -0.250755, -0.0604855][0.93973, -0.34193, 0.00000][0.81831, 0.34253, 0][0.0479735, -0.250755, -0.0604855][0.93973, -0.34193, 0.00000][0.79071, 0.34322, 0][0.0479735, -0.154552, -0.0633155][0.98020, 0.19801, 0.00000][0.79296, 0.26413, 0][0.0746455, -0.154552, -0.0633155][0.98020, 0.19801, 0.00000][0.15247, 0.52707, 0][0.0479735, -0.112045, -0.0439205][0.90977, 0.41511, 0.00000][0.19442, 0.50276, 0][0.0746455, -0.112045, -0.0439205][0.90977, 0.41511, 0.00000][0.19442, 0.52731, 0][0.0746455, -0.154552, -0.0633155][0.98020, 0.19801, 0.00000][0.15247, 0.52707, 0][0.0479735, -0.154552, -0.0633155][0.98020, 0.19801, 0.00000][0.15247, 0.50252, 0][0.0479735, -0.112045, -0.0439205][0.90977, 0.41511, 0.00000][0.19442, 0.50276, 0][0.101317, -0.290968, 0.0393625][-0.61984, -0.78473, 0.00000][0.31430, 0.79508, 0][0.0746455, -0.307526, 0.0183985][-0.61983, -0.78474, 0.00000][0.28791, 0.76923, 0][0.101317, -0.307526, 0.0183985][-0.61983, -0.78474, 0.00000][0.31430, 0.76926, 0][0.101317, -0.290968, 0.0393625][-0.61984, -0.78473, 0.00000][0.31430, 0.79508, 0][0.0746455, -0.290968, 0.0393625][-0.61984, -0.78473, 0.00000][0.28791, 0.79505, 0][0.0746455, -0.307526, 0.0183985][-0.61983, -0.78474, 0.00000][0.28791, 0.76923, 0][0.0746455, -0.290968, 0.0393625][-0.61984, -0.78473, 0.00000][0.28791, 0.79505, 0][0.0479735, -0.307526, 0.0183985][-0.61983, -0.78474, 0.00000][0.26152, 0.76920, 0][0.0746455, -0.307526, 0.0183985][-0.61983, -0.78474, 0.00000][0.28791, 0.76923, 0][0.0746455, -0.290968, 0.0393625][-0.61984, -0.78473, 0.00000][0.28791, 0.79505, 0][0.0479735, -0.290968, 0.0393625][-0.61984, -0.78473, 0.00000][0.26152, 0.79502, 0][0.0479735, -0.307526, 0.0183985][-0.61983, -0.78474, 0.00000][0.26152, 0.76920, 0][0.0746455, -0.307526, 0.0183985][-0.61983, -0.78474, 0.00000][0.28791, 0.76923, 0][0.0479735, -0.324085, -0.00256552][-0.61984, -0.78473, 0.00000][0.26152, 0.74338, 0][0.0746455, -0.324085, -0.00256552][-0.61984, -0.78473, 0.00000][0.28791, 0.74341, 0][0.0746455, -0.307526, 0.0183985][-0.61983, -0.78474, 0.00000][0.28791, 0.76923, 0][0.0479735, -0.307526, 0.0183985][-0.61983, -0.78474, 0.00000][0.26152, 0.76920, 0][0.0479735, -0.324085, -0.00256552][-0.61984, -0.78473, 0.00000][0.26152, 0.74338, 0][-0.0053685, -0.184521, 0.0233685][0.80696, -0.59060, 0.00000][0.73978, 0.89991, 0][0.0213025, -0.19891, 0.0338995][0.80696, -0.59060, 0.00000][0.75618, 0.87540, 0][-0.00536849, -0.19891, 0.0338995][0.80696, -0.59060, 0.00000][0.75618, 0.89997, 0][-0.0053685, -0.184521, 0.0233685][0.80696, -0.59060, 0.00000][0.73978, 0.89991, 0][0.0213025, -0.184521, 0.0233685][0.80696, -0.59060, 0.00000][0.73978, 0.87534, 0][0.0213025, -0.19891, 0.0338995][0.80696, -0.59060, 0.00000][0.75618, 0.87540, 0][0.0213025, -0.184521, 0.0233685][0.80696, -0.59060, 0.00000][0.73978, 0.87534, 0][0.0479735, -0.19891, 0.0338995][0.80696, -0.59060, 0.00000][0.75618, 0.85083, 0][0.0213025, -0.19891, 0.0338995][0.80696, -0.59060, 0.00000][0.75618, 0.87540, 0][0.0213025, -0.184521, 0.0233685][0.80696, -0.59060, 0.00000][0.73978, 0.87534, 0][0.0479735, -0.184521, 0.0233685][0.80696, -0.59060, 0.00000][0.73978, 0.85077, 0][0.0479735, -0.19891, 0.0338995][0.80696, -0.59060, 0.00000][0.75618, 0.85083, 0][0.0213025, -0.19891, 0.0338995][-0.90976, -0.41513, -0.00002][0.63571, 0.74172, 0][0.0479735, -0.156404, 0.0532955][-0.90976, -0.41513, 0.00002][0.59828, 0.76449, 0][0.0213025, -0.156404, 0.0532955][-0.90976, -0.41513, -0.00002][0.59828, 0.74073, 0][0.0213025, -0.19891, 0.0338995][-0.90976, -0.41513, -0.00002][0.63571, 0.74172, 0][0.0479735, -0.19891, 0.0338995][-0.90976, -0.41513, 0.00002][0.63571, 0.76547, 0][0.0479735, -0.156404, 0.0532955][-0.90976, -0.41513, 0.00002][0.59828, 0.76449, 0][0.0996415, -0.184521, 0.0233685][0.01111, 0.01406, 0.99984][0.33737, 0.44220, 0][0.0996415, -0.187821, 0.00959548][-0.00635, -0.02378, 0.99970][0.33980, 0.42789, 0][0.0996415, -0.19891, 0.0338995][0.00744, -0.01630, 0.99984][0.35302, 0.45200, 0][0.0996415, -0.184521, 0.0233685][0.01111, 0.01406, 0.99984][0.33737, 0.44220, 0][0.0996415, -0.20108, 0.00240448][-0.02053, 0.00926, 0.99975][0.35302, 0.41965, 0][0.0996415, -0.187821, 0.00959548][-0.00635, -0.02378, 0.99970][0.33980, 0.42789, 0][0.0996415, -0.20108, 0.00240448][-0.02053, 0.00926, 0.99975][0.26635, 0.61356, 0][0.101317, -0.176731, -0.0147085][-0.01007, -0.01563, 0.99983][0.25879, 0.58816, 0][0.0996415, -0.187821, 0.00959548][-0.00635, -0.02378, 0.99970][0.27424, 0.60281, 0][0.0996415, -0.20108, 0.00240448][-0.02053, 0.00926, 0.99975][0.26635, 0.61356, 0][0.101317, -0.217638, -0.0185585][-0.02608, 0.00222, 0.99966][0.24778, 0.62475, 0][0.101317, -0.176731, -0.0147085][-0.01007, -0.01563, 0.99983][0.25879, 0.58816, 0][0.0996415, -0.187821, 0.00959548][-0.00635, -0.02378, 0.99970][0.27424, 0.60281, 0][0.101317, -0.134224, 0.00468748][0.00744, -0.01630, 0.99984][0.28142, 0.55302, 0][0.101317, -0.145314, 0.0289915][0.01487, -0.03259, 0.99936][0.29687, 0.56766, 0][0.0996415, -0.187821, 0.00959548][-0.00635, -0.02378, 0.99970][0.27424, 0.60281, 0][0.101317, -0.176731, -0.0147085][-0.01007, -0.01563, 0.99983][0.25879, 0.58816, 0][0.101317, -0.134224, 0.00468748][0.00744, -0.01630, 0.99984][0.28142, 0.55302, 0][0.186034, 0.053635, 0.100022][-0.14205, 0.96466, -0.22193][0.85069, 0.86406, 0][0.155059, 0.04369, 0.11917][-0.14203, 0.96467, -0.22190][0.87557, 0.83771, 0][0.180464, 0.048579, 0.125655][-0.14206, 0.96466, -0.22190][0.87557, 0.86307, 0][0.186034, 0.053635, 0.100022][-0.14205, 0.96466, -0.22193][0.85069, 0.86406, 0][0.16063, 0.048745, 0.0935375][-0.14204, 0.96466, -0.22191][0.85069, 0.83870, 0][0.155059, 0.04369, 0.11917][-0.14203, 0.96467, -0.22190][0.87557, 0.83771, 0][0.204118, -0.03306, 0.0945415][-0.24314, 0.18332, 0.95251][0.38946, 0.17555, 0][0.186034, 0.053635, 0.100022][-0.24315, 0.18331, 0.95251][0.44871, 0.23494, 0][0.180464, 0.048579, 0.125655][-0.24314, 0.18332, 0.95251][0.43137, 0.25051, 0][0.204118, -0.03306, 0.0945415][-0.24314, 0.18332, 0.95251][0.38946, 0.17555, 0][0.20557, -0.014806, 0.0750905][-0.24315, 0.18331, 0.95251][0.41296, 0.17295, 0][0.186034, 0.053635, 0.100022][-0.24315, 0.18331, 0.95251][0.44871, 0.23494, 0][0.1025, -0.052616, 0.0686005][-0.83095, -0.54594, -0.10707][0.62021, 0.35325, 0][0.10425, 0.033911, 0.1062][-0.90704, -0.39097, -0.15629][0.59651, 0.27696, 0][0.0788455, 0.029022, 0.0997155][-0.90703, -0.39098, -0.15630][0.62175, 0.27698, 0][0.1025, -0.052616, 0.0686005][-0.83095, -0.54594, -0.10707][0.62021, 0.35325, 0][0.127904, -0.047727, 0.0750865][-0.83096, -0.54594, -0.10706][0.59497, 0.35323, 0][0.10425, 0.033911, 0.1062][-0.90704, -0.39097, -0.15629][0.59651, 0.27696, 0][0.245724, -0.029356, -0.0712355][0.96695, -0.03190, 0.25297][0.87517, 0.13847, 0][0.215791, -0.00799698, -0.0797705][0.96694, -0.03188, 0.25299][0.85543, 0.16582, 0][0.241196, -0.00310802, -0.0732855][0.96695, -0.03188, 0.25296][0.85543, 0.14195, 0][0.245724, -0.029356, -0.0712355][0.96695, -0.03190, 0.25297][0.87517, 0.13847, 0][0.220319, -0.034245, -0.0777205][0.96695, -0.03190, 0.25298][0.87517, 0.16233, 0][0.215791, -0.00799698, -0.0797705][0.96694, -0.03188, 0.25299][0.85543, 0.16582, 0][0.209927, 0.039957, 0.0167385][0.86482, 0.48568, 0.12729][0.70871, 0.96595, 0][0.177341, 0.063913, 0.0166375][0.94699, 0.25744, 0.19219][0.73469, 0.94236, 0][0.202746, 0.068802, 0.0231225][0.94699, 0.25743, 0.19219][0.73469, 0.96724, 0][0.209927, 0.039957, 0.0167385][0.86482, 0.48568, 0.12729][0.70871, 0.96595, 0][0.184522, 0.035068, 0.0102535][0.86482, 0.48568, 0.12729][0.70871, 0.94108, 0][0.177341, 0.063913, 0.0166375][0.94699, 0.25744, 0.19219][0.73469, 0.94236, 0][0.108309, 0.0204, -0.00920152][0.24317, -0.18329, -0.95251][0.30971, 0.34884, 0][0.0955565, 0.04419, 0.0228155][0.24315, -0.18330, -0.95251][0.30965, 0.31299, 0][0.101128, 0.049246, -0.00281752][0.24317, -0.18330, -0.95251][0.32595, 0.32721, 0][0.108309, 0.0204, -0.00920152][0.24317, -0.18329, -0.95251][0.30971, 0.34884, 0][0.106856, 0.00214601, 0.0102485][0.24316, -0.18330, -0.95251][0.28763, 0.34671, 0][0.0955565, 0.04419, 0.0228155][0.24315, -0.18330, -0.95251][0.30965, 0.31299, 0][0.127758, -0.021174, -0.0540475][0.24315, -0.18330, -0.95251][0.30424, 0.40402, 0][0.120855, -0.030875, -0.0196955][0.24316, -0.18331, -0.95251][0.28043, 0.38671, 0][0.122308, -0.012621, -0.0391465][0.24317, -0.18329, -0.95251][0.30251, 0.38884, 0][0.127758, -0.021174, -0.0540475][0.24315, -0.18330, -0.95251][0.30424, 0.40402, 0][0.132286, -0.047422, -0.0519975][0.24315, -0.18331, -0.95251][0.28552, 0.41840, 0][0.120855, -0.030875, -0.0196955][0.24316, -0.18331, -0.95251][0.28043, 0.38671, 0][0.136814, -0.07367, -0.0499465][0.24315, -0.18331, -0.95251][0.26679, 0.43279, 0][0.117951, -0.067383, 0.0192055][0.24315, -0.18332, -0.95251][0.23627, 0.38245, 0][0.119403, -0.049129, -0.000244521][0.24315, -0.18332, -0.95251][0.25835, 0.38458, 0][0.136814, -0.07367, -0.0499465][0.24315, -0.18331, -0.95251][0.26679, 0.43279, 0][0.141341, -0.099917, -0.0478955][0.24315, -0.18331, -0.95251][0.24807, 0.44718, 0][0.117951, -0.067383, 0.0192055][0.24315, -0.18332, -0.95251][0.23627, 0.38245, 0][0.105404, -0.016108, 0.0296995][0.24315, -0.18331, -0.95251][0.26555, 0.34458, 0][0.0844155, 0.034078, 0.0740815][0.24315, -0.18331, -0.95251][0.27706, 0.28455, 0][0.0899865, 0.039134, 0.0484485][0.24315, -0.18330, -0.95251][0.29336, 0.29877, 0][0.105404, -0.016108, 0.0296995][0.24315, -0.18331, -0.95251][0.26555, 0.34458, 0][0.103952, -0.034362, 0.0491505][0.24315, -0.18331, -0.95251][0.24347, 0.34245, 0][0.0844155, 0.034078, 0.0740815][0.24315, -0.18331, -0.95251][0.27706, 0.28455, 0][0.229376, -0.00161701, -0.0281075][0.30038, 0.94794, -0.10577][0.64947, 0.96705, 0][0.198521, 0.002047, -0.0196905][0.62470, 0.78081, 0.00920][0.66513, 0.94148, 0][0.223926, 0.00693601, -0.0132055][0.62469, 0.78082, 0.00920][0.66513, 0.96635, 0][0.229376, -0.00161701, -0.0281075][0.30038, 0.94794, -0.10577][0.64947, 0.96705, 0][0.203971, -0.00650698, -0.0345925][0.30038, 0.94794, -0.10576][0.64947, 0.94217, 0][0.198521, 0.002047, -0.0196905][0.62470, 0.78081, 0.00920][0.66513, 0.94148, 0][0.178567, -0.011396, -0.0410775][0.30039, 0.94794, -0.10574][0.64947, 0.91730, 0][0.147712, -0.00773102, -0.0326615][0.62471, 0.78081, 0.00919][0.66513, 0.89173, 0][0.173117, -0.00284201, -0.0261755][0.62471, 0.78080, 0.00921][0.66513, 0.91660, 0][0.178567, -0.011396, -0.0410775][0.30039, 0.94794, -0.10574][0.64947, 0.91730, 0][0.153162, -0.016285, -0.0475625][0.30040, 0.94793, -0.10575][0.64947, 0.89243, 0][0.147712, -0.00773102, -0.0326615][0.62471, 0.78081, 0.00919][0.66513, 0.89173, 0][0.159118, 0.030179, 0.00376848][0.86481, 0.48569, 0.12729][0.70871, 0.91620, 0][0.126532, 0.054135, 0.00366748][0.94699, 0.25744, 0.19220][0.73469, 0.89262, 0][0.151937, 0.059024, 0.0101525][0.94699, 0.25744, 0.19220][0.73469, 0.91749, 0][0.159118, 0.030179, 0.00376848][0.86481, 0.48569, 0.12729][0.70871, 0.91620, 0][0.133713, 0.02529, -0.00271652][0.86481, 0.48569, 0.12728][0.70871, 0.89133, 0][0.126532, 0.054135, 0.00366748][0.94699, 0.25744, 0.19220][0.73469, 0.89262, 0][0.254779, -0.081851, -0.0671335][0.96695, -0.03190, 0.25298][0.91466, 0.13150, 0][0.224847, -0.060493, -0.0756695][0.96695, -0.03191, 0.25297][0.89492, 0.15885, 0][0.250251, -0.055604, -0.0691845][0.96695, -0.03192, 0.25297][0.89492, 0.13498, 0][0.254779, -0.081851, -0.0671335][0.96695, -0.03190, 0.25298][0.91466, 0.13150, 0][0.229375, -0.086741, -0.0736185][0.96695, -0.03189, 0.25298][0.91466, 0.15537, 0][0.224847, -0.060493, -0.0756695][0.96695, -0.03191, 0.25297][0.89492, 0.15885, 0][0.20397, -0.09163, -0.0801045][0.96695, -0.03189, 0.25298][0.91466, 0.17923, 0][0.174038, -0.070271, -0.0886395][0.96695, -0.03190, 0.25297][0.89492, 0.20658, 0][0.199442, -0.065382, -0.0821545][0.96695, -0.03190, 0.25297][0.89492, 0.18272, 0][0.20397, -0.09163, -0.0801045][0.96695, -0.03189, 0.25298][0.91466, 0.17923, 0][0.178566, -0.096519, -0.0865895][0.96695, -0.03190, 0.25297][0.91466, 0.20310, 0][0.174038, -0.070271, -0.0886395][0.96695, -0.03190, 0.25297][0.89492, 0.20658, 0][0.194914, -0.039134, -0.0842055][0.96694, -0.03191, 0.25298][0.87517, 0.18620, 0][0.164982, -0.017776, -0.0927415][0.96695, -0.03192, 0.25297][0.85543, 0.21355, 0][0.190387, -0.012886, -0.0862565][0.96694, -0.03190, 0.25299][0.85543, 0.18969, 0][0.194914, -0.039134, -0.0842055][0.96694, -0.03191, 0.25298][0.87517, 0.18620, 0][0.16951, -0.044023, -0.0906905][0.96695, -0.03192, 0.25297][0.87517, 0.21007, 0][0.164982, -0.017776, -0.0927415][0.96695, -0.03192, 0.25297][0.85543, 0.21355, 0][0.145869, -0.126165, -0.0458455][-0.26768, -0.95653, 0.11575][0.62077, 0.48759, 0][0.141903, -0.080748, 0.0451415][-0.59814, -0.80139, 0.00153][0.59474, 0.39727, 0][0.116499, -0.085637, 0.0386565][-0.59815, -0.80139, 0.00152][0.61998, 0.39729, 0][0.145869, -0.126165, -0.0458455][-0.26768, -0.95653, 0.11575][0.62077, 0.48759, 0][0.171274, -0.121276, -0.0393595][-0.26768, -0.95653, 0.11575][0.59554, 0.48757, 0][0.141903, -0.080748, 0.0451415][-0.59814, -0.80139, 0.00153][0.59474, 0.39727, 0][0.196678, -0.116387, -0.0328745][-0.26768, -0.95653, 0.11575][0.57030, 0.48755, 0][0.192712, -0.07097, 0.0581115][-0.59814, -0.80139, 0.00153][0.54428, 0.39723, 0][0.167308, -0.075859, 0.0516265][-0.59814, -0.80139, 0.00154][0.56951, 0.39725, 0][0.196678, -0.116387, -0.0328745][-0.26768, -0.95653, 0.11575][0.57030, 0.48755, 0][0.222083, -0.111498, -0.0263895][-0.26767, -0.95653, 0.11575][0.54507, 0.48753, 0][0.192712, -0.07097, 0.0581115][-0.59814, -0.80139, 0.00153][0.54428, 0.39723, 0][0.153309, -0.042838, 0.0815715][-0.83096, -0.54594, -0.10705][0.56974, 0.35321, 0][0.155059, 0.04369, 0.11917][-0.90703, -0.39097, -0.15630][0.54605, 0.27692, 0][0.129655, 0.038801, 0.112685][-0.90704, -0.39097, -0.15629][0.57128, 0.27694, 0][0.153309, -0.042838, 0.0815715][-0.83096, -0.54594, -0.10705][0.56974, 0.35321, 0][0.178713, -0.037949, 0.0880565][-0.83096, -0.54594, -0.10705][0.54451, 0.35319, 0][0.155059, 0.04369, 0.11917][-0.90703, -0.39097, -0.15630][0.54605, 0.27692, 0][0.247487, -0.106609, -0.0199045][-0.24315, 0.18330, 0.95251][0.39794, 0.04467, 0][0.219569, -0.047827, 0.0451465][-0.24315, 0.18332, 0.95251][0.40530, 0.12991, 0][0.218117, -0.066081, 0.0645975][-0.24315, 0.18332, 0.95251][0.38180, 0.13251, 0][0.247487, -0.106609, -0.0199045][-0.24315, 0.18330, 0.95251][0.39794, 0.04467, 0][0.24296, -0.080361, -0.0219555][-0.24315, 0.18331, 0.95251][0.41786, 0.05993, 0][0.219569, -0.047827, 0.0451465][-0.24315, 0.18332, 0.95251][0.40530, 0.12991, 0][0.238432, -0.054113, -0.0240065][-0.24315, 0.18331, 0.95251][0.43778, 0.07519, 0][0.222474, -0.011318, 0.00624447][-0.24316, 0.18330, 0.95251][0.45230, 0.12470, 0][0.221021, -0.029572, 0.0256955][-0.24316, 0.18330, 0.95251][0.42880, 0.12730, 0][0.238432, -0.054113, -0.0240065][-0.24315, 0.18331, 0.95251][0.43778, 0.07519, 0][0.233904, -0.027865, -0.0260565][-0.24315, 0.18330, 0.95251][0.45771, 0.09045, 0][0.222474, -0.011318, 0.00624447][-0.24316, 0.18330, 0.95251][0.45230, 0.12470, 0][0.207022, 0.00344801, 0.0556405][-0.24316, 0.18330, 0.95251][0.43646, 0.17035, 0][0.197176, 0.063746, 0.0487555][-0.24315, 0.18331, 0.95251][0.48339, 0.20381, 0][0.191605, 0.05869, 0.0743895][-0.24316, 0.18330, 0.95251][0.46605, 0.21938, 0][0.207022, 0.00344801, 0.0556405][-0.24316, 0.18330, 0.95251][0.43646, 0.17035, 0][0.208475, 0.021703, 0.0361895][-0.24315, 0.18331, 0.95251][0.45996, 0.16775, 0][0.197176, 0.063746, 0.0487555][-0.24315, 0.18331, 0.95251][0.48339, 0.20381, 0][0.197176, 0.063746, 0.0487555][-0.14205, 0.96467, -0.22190][0.80092, 0.86604, 0][0.1662, 0.053801, 0.0679045][-0.14205, 0.96466, -0.22192][0.82580, 0.83969, 0][0.191605, 0.05869, 0.0743895][-0.14204, 0.96466, -0.22192][0.82580, 0.86505, 0][0.197176, 0.063746, 0.0487555][-0.14205, 0.96467, -0.22190][0.80092, 0.86604, 0][0.171771, 0.058857, 0.0422705][-0.14205, 0.96467, -0.22191][0.80092, 0.84069, 0][0.1662, 0.053801, 0.0679045][-0.14205, 0.96466, -0.22192][0.82580, 0.83969, 0][0.146366, 0.053968, 0.0357855][-0.14205, 0.96466, -0.22191][0.80092, 0.81533, 0][0.115391, 0.044023, 0.0549335][-0.14205, 0.96466, -0.22191][0.82580, 0.78898, 0][0.140796, 0.048912, 0.0614185][-0.14205, 0.96466, -0.22191][0.82580, 0.81434, 0][0.146366, 0.053968, 0.0357855][-0.14205, 0.96466, -0.22191][0.80092, 0.81533, 0][0.120962, 0.049079, 0.0293005][-0.14206, 0.96466, -0.22191][0.80092, 0.78997, 0][0.115391, 0.044023, 0.0549335][-0.14205, 0.96466, -0.22191][0.82580, 0.78898, 0][0.135225, 0.043856, 0.0870525][-0.14203, 0.96467, -0.22191][0.85069, 0.81335, 0][0.10425, 0.033911, 0.1062][-0.14203, 0.96467, -0.22192][0.87557, 0.78700, 0][0.129655, 0.038801, 0.112685][-0.14201, 0.96467, -0.22192][0.87557, 0.81235, 0][0.135225, 0.043856, 0.0870525][-0.14203, 0.96467, -0.22191][0.85069, 0.81335, 0][0.109821, 0.038967, 0.0805665][-0.14204, 0.96467, -0.22192][0.85069, 0.78799, 0][0.10425, 0.033911, 0.1062][-0.14203, 0.96467, -0.22192][0.87557, 0.78700, 0][0.140796, 0.048912, 0.0614185][-0.14205, 0.96466, -0.22191][0.82580, 0.81434, 0][0.109821, 0.038967, 0.0805665][-0.14204, 0.96467, -0.22192][0.85069, 0.78799, 0][0.135225, 0.043856, 0.0870525][-0.14203, 0.96467, -0.22191][0.85069, 0.81335, 0][0.140796, 0.048912, 0.0614185][-0.14205, 0.96466, -0.22191][0.82580, 0.81434, 0][0.115391, 0.044023, 0.0549335][-0.14205, 0.96466, -0.22191][0.82580, 0.78898, 0][0.109821, 0.038967, 0.0805665][-0.14204, 0.96467, -0.22192][0.85069, 0.78799, 0][0.115391, 0.044023, 0.0549335][-0.14205, 0.96466, -0.22191][0.82580, 0.78898, 0][0.0844155, 0.034078, 0.0740815][-0.14205, 0.96467, -0.22191][0.85069, 0.76263, 0][0.109821, 0.038967, 0.0805665][-0.14204, 0.96467, -0.22192][0.85069, 0.78799, 0][0.115391, 0.044023, 0.0549335][-0.14205, 0.96466, -0.22191][0.82580, 0.78898, 0][0.0899865, 0.039134, 0.0484485][-0.14205, 0.96466, -0.22191][0.82580, 0.76362, 0][0.0844155, 0.034078, 0.0740815][-0.14205, 0.96467, -0.22191][0.85069, 0.76263, 0][0.109821, 0.038967, 0.0805665][-0.14204, 0.96467, -0.22192][0.85069, 0.78799, 0][0.0788455, 0.029022, 0.0997155][-0.14204, 0.96467, -0.22191][0.87557, 0.76164, 0][0.10425, 0.033911, 0.1062][-0.14203, 0.96467, -0.22192][0.87557, 0.78700, 0][0.109821, 0.038967, 0.0805665][-0.14204, 0.96467, -0.22192][0.85069, 0.78799, 0][0.0844155, 0.034078, 0.0740815][-0.14205, 0.96467, -0.22191][0.85069, 0.76263, 0][0.0788455, 0.029022, 0.0997155][-0.14204, 0.96467, -0.22191][0.87557, 0.76164, 0][0.151937, 0.059024, 0.0101525][-0.14206, 0.96466, -0.22191][0.77603, 0.81632, 0][0.120962, 0.049079, 0.0293005][-0.14206, 0.96466, -0.22191][0.80092, 0.78997, 0][0.146366, 0.053968, 0.0357855][-0.14205, 0.96466, -0.22191][0.80092, 0.81533, 0][0.151937, 0.059024, 0.0101525][-0.14206, 0.96466, -0.22191][0.77603, 0.81632, 0][0.126532, 0.054135, 0.00366748][-0.14206, 0.96466, -0.22191][0.77603, 0.79096, 0][0.120962, 0.049079, 0.0293005][-0.14206, 0.96466, -0.22191][0.80092, 0.78997, 0][0.126532, 0.054135, 0.00366748][-0.14206, 0.96466, -0.22191][0.77603, 0.79096, 0][0.0955565, 0.04419, 0.0228155][-0.14206, 0.96466, -0.22191][0.80092, 0.76461, 0][0.120962, 0.049079, 0.0293005][-0.14206, 0.96466, -0.22191][0.80092, 0.78997, 0][0.126532, 0.054135, 0.00366748][-0.14206, 0.96466, -0.22191][0.77603, 0.79096, 0][0.101128, 0.049246, -0.00281752][-0.14206, 0.96466, -0.22191][0.77603, 0.76561, 0][0.0955565, 0.04419, 0.0228155][-0.14206, 0.96466, -0.22191][0.80092, 0.76461, 0][0.120962, 0.049079, 0.0293005][-0.14206, 0.96466, -0.22191][0.80092, 0.78997, 0][0.0899865, 0.039134, 0.0484485][-0.14205, 0.96466, -0.22191][0.82580, 0.76362, 0][0.115391, 0.044023, 0.0549335][-0.14205, 0.96466, -0.22191][0.82580, 0.78898, 0][0.120962, 0.049079, 0.0293005][-0.14206, 0.96466, -0.22191][0.80092, 0.78997, 0][0.0955565, 0.04419, 0.0228155][-0.14206, 0.96466, -0.22191][0.80092, 0.76461, 0][0.0899865, 0.039134, 0.0484485][-0.14205, 0.96466, -0.22191][0.82580, 0.76362, 0][0.202746, 0.068802, 0.0231225][-0.14206, 0.96467, -0.22190][0.77603, 0.86703, 0][0.171771, 0.058857, 0.0422705][-0.14205, 0.96467, -0.22191][0.80092, 0.84069, 0][0.197176, 0.063746, 0.0487555][-0.14205, 0.96467, -0.22190][0.80092, 0.86604, 0][0.202746, 0.068802, 0.0231225][-0.14206, 0.96467, -0.22190][0.77603, 0.86703, 0][0.177341, 0.063913, 0.0166375][-0.14206, 0.96467, -0.22190][0.77603, 0.84168, 0][0.171771, 0.058857, 0.0422705][-0.14205, 0.96467, -0.22191][0.80092, 0.84069, 0][0.177341, 0.063913, 0.0166375][-0.14206, 0.96467, -0.22190][0.77603, 0.84168, 0][0.146366, 0.053968, 0.0357855][-0.14205, 0.96466, -0.22191][0.80092, 0.81533, 0][0.171771, 0.058857, 0.0422705][-0.14205, 0.96467, -0.22191][0.80092, 0.84069, 0][0.177341, 0.063913, 0.0166375][-0.14206, 0.96467, -0.22190][0.77603, 0.84168, 0][0.151937, 0.059024, 0.0101525][-0.14206, 0.96466, -0.22191][0.77603, 0.81632, 0][0.146366, 0.053968, 0.0357855][-0.14205, 0.96466, -0.22191][0.80092, 0.81533, 0][0.171771, 0.058857, 0.0422705][-0.14205, 0.96467, -0.22191][0.80092, 0.84069, 0][0.140796, 0.048912, 0.0614185][-0.14205, 0.96466, -0.22191][0.82580, 0.81434, 0][0.1662, 0.053801, 0.0679045][-0.14205, 0.96466, -0.22192][0.82580, 0.83969, 0][0.171771, 0.058857, 0.0422705][-0.14205, 0.96467, -0.22191][0.80092, 0.84069, 0][0.146366, 0.053968, 0.0357855][-0.14205, 0.96466, -0.22191][0.80092, 0.81533, 0][0.140796, 0.048912, 0.0614185][-0.14205, 0.96466, -0.22191][0.82580, 0.81434, 0][0.221021, -0.029572, 0.0256955][-0.24316, 0.18330, 0.95251][0.42880, 0.12730, 0][0.208475, 0.021703, 0.0361895][-0.24315, 0.18331, 0.95251][0.45996, 0.16775, 0][0.207022, 0.00344801, 0.0556405][-0.24316, 0.18330, 0.95251][0.43646, 0.17035, 0][0.221021, -0.029572, 0.0256955][-0.24316, 0.18330, 0.95251][0.42880, 0.12730, 0][0.222474, -0.011318, 0.00624447][-0.24316, 0.18330, 0.95251][0.45230, 0.12470, 0][0.208475, 0.021703, 0.0361895][-0.24315, 0.18331, 0.95251][0.45996, 0.16775, 0][0.222474, -0.011318, 0.00624447][-0.24316, 0.18330, 0.95251][0.45230, 0.12470, 0][0.209927, 0.039957, 0.0167385][-0.24314, 0.18332, 0.95251][0.48346, 0.16514, 0][0.208475, 0.021703, 0.0361895][-0.24315, 0.18331, 0.95251][0.45996, 0.16775, 0][0.222474, -0.011318, 0.00624447][-0.24316, 0.18330, 0.95251][0.45230, 0.12470, 0][0.223926, 0.00693601, -0.0132055][-0.24314, 0.18332, 0.95251][0.47580, 0.12210, 0][0.209927, 0.039957, 0.0167385][-0.24314, 0.18332, 0.95251][0.48346, 0.16514, 0][0.208475, 0.021703, 0.0361895][-0.24315, 0.18331, 0.95251][0.45996, 0.16775, 0][0.202746, 0.068802, 0.0231225][-0.24314, 0.18332, 0.95251][0.50073, 0.18825, 0][0.197176, 0.063746, 0.0487555][-0.24315, 0.18331, 0.95251][0.48339, 0.20381, 0][0.208475, 0.021703, 0.0361895][-0.24315, 0.18331, 0.95251][0.45996, 0.16775, 0][0.209927, 0.039957, 0.0167385][-0.24314, 0.18332, 0.95251][0.48346, 0.16514, 0][0.202746, 0.068802, 0.0231225][-0.24314, 0.18332, 0.95251][0.50073, 0.18825, 0][0.250251, -0.055604, -0.0691845][-0.24314, 0.18331, 0.95251][0.46089, 0.04112, 0][0.233904, -0.027865, -0.0260565][-0.24315, 0.18330, 0.95251][0.45771, 0.09045, 0][0.238432, -0.054113, -0.0240065][-0.24315, 0.18331, 0.95251][0.43778, 0.07519, 0][0.250251, -0.055604, -0.0691845][-0.24314, 0.18331, 0.95251][0.46089, 0.04112, 0][0.245724, -0.029356, -0.0712355][-0.24315, 0.18331, 0.95251][0.48081, 0.05638, 0][0.233904, -0.027865, -0.0260565][-0.24315, 0.18330, 0.95251][0.45771, 0.09045, 0][0.245724, -0.029356, -0.0712355][-0.24315, 0.18331, 0.95251][0.48081, 0.05638, 0][0.229376, -0.00161701, -0.0281075][-0.24315, 0.18331, 0.95251][0.47763, 0.10571, 0][0.233904, -0.027865, -0.0260565][-0.24315, 0.18330, 0.95251][0.45771, 0.09045, 0][0.245724, -0.029356, -0.0712355][-0.24315, 0.18331, 0.95251][0.48081, 0.05638, 0][0.241196, -0.00310802, -0.0732855][-0.24316, 0.18332, 0.95251][0.50073, 0.07164, 0][0.229376, -0.00161701, -0.0281075][-0.24315, 0.18331, 0.95251][0.47763, 0.10571, 0][0.233904, -0.027865, -0.0260565][-0.24315, 0.18330, 0.95251][0.45771, 0.09045, 0][0.223926, 0.00693601, -0.0132055][-0.24314, 0.18332, 0.95251][0.47580, 0.12210, 0][0.222474, -0.011318, 0.00624447][-0.24316, 0.18330, 0.95251][0.45230, 0.12470, 0][0.233904, -0.027865, -0.0260565][-0.24315, 0.18330, 0.95251][0.45771, 0.09045, 0][0.229376, -0.00161701, -0.0281075][-0.24315, 0.18331, 0.95251][0.47763, 0.10571, 0][0.223926, 0.00693601, -0.0132055][-0.24314, 0.18332, 0.95251][0.47580, 0.12210, 0][0.259307, -0.108099, -0.0650835][-0.24316, 0.18328, 0.95251][0.42104, 0.01059, 0][0.24296, -0.080361, -0.0219555][-0.24315, 0.18331, 0.95251][0.41786, 0.05993, 0][0.247487, -0.106609, -0.0199045][-0.24315, 0.18330, 0.95251][0.39794, 0.04467, 0][0.259307, -0.108099, -0.0650835][-0.24316, 0.18328, 0.95251][0.42104, 0.01059, 0][0.254779, -0.081851, -0.0671335][-0.24315, 0.18330, 0.95251][0.44096, 0.02585, 0][0.24296, -0.080361, -0.0219555][-0.24315, 0.18331, 0.95251][0.41786, 0.05993, 0][0.254779, -0.081851, -0.0671335][-0.24315, 0.18330, 0.95251][0.44096, 0.02585, 0][0.238432, -0.054113, -0.0240065][-0.24315, 0.18331, 0.95251][0.43778, 0.07519, 0][0.24296, -0.080361, -0.0219555][-0.24315, 0.18331, 0.95251][0.41786, 0.05993, 0][0.254779, -0.081851, -0.0671335][-0.24315, 0.18330, 0.95251][0.44096, 0.02585, 0][0.250251, -0.055604, -0.0691845][-0.24314, 0.18331, 0.95251][0.46089, 0.04112, 0][0.238432, -0.054113, -0.0240065][-0.24315, 0.18331, 0.95251][0.43778, 0.07519, 0][0.24296, -0.080361, -0.0219555][-0.24315, 0.18331, 0.95251][0.41786, 0.05993, 0][0.221021, -0.029572, 0.0256955][-0.24316, 0.18330, 0.95251][0.42880, 0.12730, 0][0.219569, -0.047827, 0.0451465][-0.24315, 0.18332, 0.95251][0.40530, 0.12991, 0][0.24296, -0.080361, -0.0219555][-0.24315, 0.18331, 0.95251][0.41786, 0.05993, 0][0.238432, -0.054113, -0.0240065][-0.24315, 0.18331, 0.95251][0.43778, 0.07519, 0][0.221021, -0.029572, 0.0256955][-0.24316, 0.18330, 0.95251][0.42880, 0.12730, 0][0.167308, -0.075859, 0.0516265][-0.59814, -0.80139, 0.00154][0.56951, 0.39725, 0][0.178713, -0.037949, 0.0880565][-0.83096, -0.54594, -0.10705][0.54451, 0.35319, 0][0.153309, -0.042838, 0.0815715][-0.83096, -0.54594, -0.10705][0.56974, 0.35321, 0][0.167308, -0.075859, 0.0516265][-0.59814, -0.80139, 0.00154][0.56951, 0.39725, 0][0.192712, -0.07097, 0.0581115][-0.59814, -0.80139, 0.00153][0.54428, 0.39723, 0][0.178713, -0.037949, 0.0880565][-0.83096, -0.54594, -0.10705][0.54451, 0.35319, 0][0.192712, -0.07097, 0.0581115][-0.59814, -0.80139, 0.00153][0.54428, 0.39723, 0][0.204118, -0.03306, 0.0945415][-0.83096, -0.54594, -0.10705][0.51928, 0.35317, 0][0.178713, -0.037949, 0.0880565][-0.83096, -0.54594, -0.10705][0.54451, 0.35319, 0][0.192712, -0.07097, 0.0581115][-0.59814, -0.80139, 0.00153][0.54428, 0.39723, 0][0.218117, -0.066081, 0.0645975][-0.59814, -0.80139, 0.00153][0.51904, 0.39721, 0][0.204118, -0.03306, 0.0945415][-0.83096, -0.54594, -0.10705][0.51928, 0.35317, 0][0.178713, -0.037949, 0.0880565][-0.83096, -0.54594, -0.10705][0.54451, 0.35319, 0][0.180464, 0.048579, 0.125655][-0.90704, -0.39097, -0.15630][0.52081, 0.27690, 0][0.155059, 0.04369, 0.11917][-0.90703, -0.39097, -0.15630][0.54605, 0.27692, 0][0.178713, -0.037949, 0.0880565][-0.83096, -0.54594, -0.10705][0.54451, 0.35319, 0][0.204118, -0.03306, 0.0945415][-0.83096, -0.54594, -0.10705][0.51928, 0.35317, 0][0.180464, 0.048579, 0.125655][-0.90704, -0.39097, -0.15630][0.52081, 0.27690, 0][0.208498, -0.117878, -0.0780535][-0.07677, -0.98254, 0.16949][0.57128, 0.52281, 0][0.222083, -0.111498, -0.0263895][-0.26767, -0.95653, 0.11575][0.54507, 0.48753, 0][0.196678, -0.116387, -0.0328745][-0.26768, -0.95653, 0.11575][0.57030, 0.48755, 0][0.208498, -0.117878, -0.0780535][-0.07677, -0.98254, 0.16949][0.57128, 0.52281, 0][0.233903, -0.112988, -0.0715685][-0.07676, -0.98254, 0.16949][0.54605, 0.52279, 0][0.222083, -0.111498, -0.0263895][-0.26767, -0.95653, 0.11575][0.54507, 0.48753, 0][0.233903, -0.112988, -0.0715685][-0.07676, -0.98254, 0.16949][0.54605, 0.52279, 0][0.247487, -0.106609, -0.0199045][-0.26767, -0.95653, 0.11575][0.51984, 0.48750, 0][0.222083, -0.111498, -0.0263895][-0.26767, -0.95653, 0.11575][0.54507, 0.48753, 0][0.233903, -0.112988, -0.0715685][-0.07676, -0.98254, 0.16949][0.54605, 0.52279, 0][0.259307, -0.108099, -0.0650835][-0.07675, -0.98254, 0.16950][0.52081, 0.52277, 0][0.247487, -0.106609, -0.0199045][-0.26767, -0.95653, 0.11575][0.51984, 0.48750, 0][0.222083, -0.111498, -0.0263895][-0.26767, -0.95653, 0.11575][0.54507, 0.48753, 0][0.218117, -0.066081, 0.0645975][-0.59814, -0.80139, 0.00153][0.51904, 0.39721, 0][0.192712, -0.07097, 0.0581115][-0.59814, -0.80139, 0.00153][0.54428, 0.39723, 0][0.222083, -0.111498, -0.0263895][-0.26767, -0.95653, 0.11575][0.54507, 0.48753, 0][0.247487, -0.106609, -0.0199045][-0.26767, -0.95653, 0.11575][0.51984, 0.48750, 0][0.218117, -0.066081, 0.0645975][-0.59814, -0.80139, 0.00153][0.51904, 0.39721, 0][0.157689, -0.127656, -0.0910235][-0.07677, -0.98254, 0.16948][0.62175, 0.52285, 0][0.171274, -0.121276, -0.0393595][-0.26768, -0.95653, 0.11575][0.59554, 0.48757, 0][0.145869, -0.126165, -0.0458455][-0.26768, -0.95653, 0.11575][0.62077, 0.48759, 0][0.157689, -0.127656, -0.0910235][-0.07677, -0.98254, 0.16948][0.62175, 0.52285, 0][0.183094, -0.122767, -0.0845385][-0.07677, -0.98254, 0.16949][0.59651, 0.52283, 0][0.171274, -0.121276, -0.0393595][-0.26768, -0.95653, 0.11575][0.59554, 0.48757, 0][0.183094, -0.122767, -0.0845385][-0.07677, -0.98254, 0.16949][0.59651, 0.52283, 0][0.196678, -0.116387, -0.0328745][-0.26768, -0.95653, 0.11575][0.57030, 0.48755, 0][0.171274, -0.121276, -0.0393595][-0.26768, -0.95653, 0.11575][0.59554, 0.48757, 0][0.183094, -0.122767, -0.0845385][-0.07677, -0.98254, 0.16949][0.59651, 0.52283, 0][0.208498, -0.117878, -0.0780535][-0.07677, -0.98254, 0.16949][0.57128, 0.52281, 0][0.196678, -0.116387, -0.0328745][-0.26768, -0.95653, 0.11575][0.57030, 0.48755, 0][0.171274, -0.121276, -0.0393595][-0.26768, -0.95653, 0.11575][0.59554, 0.48757, 0][0.167308, -0.075859, 0.0516265][-0.59814, -0.80139, 0.00154][0.56951, 0.39725, 0][0.141903, -0.080748, 0.0451415][-0.59814, -0.80139, 0.00153][0.59474, 0.39727, 0][0.171274, -0.121276, -0.0393595][-0.26768, -0.95653, 0.11575][0.59554, 0.48757, 0][0.196678, -0.116387, -0.0328745][-0.26768, -0.95653, 0.11575][0.57030, 0.48755, 0][0.167308, -0.075859, 0.0516265][-0.59814, -0.80139, 0.00154][0.56951, 0.39725, 0][0.199442, -0.065382, -0.0821545][0.96695, -0.03190, 0.25297][0.89492, 0.18272, 0][0.16951, -0.044023, -0.0906905][0.96695, -0.03192, 0.25297][0.87517, 0.21007, 0][0.194914, -0.039134, -0.0842055][0.96694, -0.03191, 0.25298][0.87517, 0.18620, 0][0.199442, -0.065382, -0.0821545][0.96695, -0.03190, 0.25297][0.89492, 0.18272, 0][0.174038, -0.070271, -0.0886395][0.96695, -0.03190, 0.25297][0.89492, 0.20658, 0][0.16951, -0.044023, -0.0906905][0.96695, -0.03192, 0.25297][0.87517, 0.21007, 0][0.174038, -0.070271, -0.0886395][0.96695, -0.03190, 0.25297][0.89492, 0.20658, 0][0.144105, -0.048912, -0.0971755][0.96695, -0.03192, 0.25297][0.87517, 0.23393, 0][0.16951, -0.044023, -0.0906905][0.96695, -0.03192, 0.25297][0.87517, 0.21007, 0][0.174038, -0.070271, -0.0886395][0.96695, -0.03190, 0.25297][0.89492, 0.20658, 0][0.148633, -0.07516, -0.0951245][0.96695, -0.03190, 0.25297][0.89492, 0.23045, 0][0.144105, -0.048912, -0.0971755][0.96695, -0.03192, 0.25297][0.87517, 0.23393, 0][0.16951, -0.044023, -0.0906905][0.96695, -0.03192, 0.25297][0.87517, 0.21007, 0][0.139577, -0.022665, -0.0992265][0.96695, -0.03192, 0.25297][0.85543, 0.23742, 0][0.164982, -0.017776, -0.0927415][0.96695, -0.03192, 0.25297][0.85543, 0.21355, 0][0.16951, -0.044023, -0.0906905][0.96695, -0.03192, 0.25297][0.87517, 0.21007, 0][0.144105, -0.048912, -0.0971755][0.96695, -0.03192, 0.25297][0.87517, 0.23393, 0][0.139577, -0.022665, -0.0992265][0.96695, -0.03192, 0.25297][0.85543, 0.23742, 0][0.208498, -0.117878, -0.0780535][0.96694, -0.03190, 0.25299][0.93441, 0.17575, 0][0.178566, -0.096519, -0.0865895][0.96695, -0.03190, 0.25297][0.91466, 0.20310, 0][0.20397, -0.09163, -0.0801045][0.96695, -0.03189, 0.25298][0.91466, 0.17923, 0][0.208498, -0.117878, -0.0780535][0.96694, -0.03190, 0.25299][0.93441, 0.17575, 0][0.183094, -0.122767, -0.0845385][0.96695, -0.03192, 0.25297][0.93441, 0.19962, 0][0.178566, -0.096519, -0.0865895][0.96695, -0.03190, 0.25297][0.91466, 0.20310, 0][0.183094, -0.122767, -0.0845385][0.96695, -0.03192, 0.25297][0.93441, 0.19962, 0][0.153161, -0.101408, -0.0930745][0.96695, -0.03190, 0.25297][0.91466, 0.22697, 0][0.178566, -0.096519, -0.0865895][0.96695, -0.03190, 0.25297][0.91466, 0.20310, 0][0.183094, -0.122767, -0.0845385][0.96695, -0.03192, 0.25297][0.93441, 0.19962, 0][0.157689, -0.127656, -0.0910235][0.96695, -0.03192, 0.25297][0.93441, 0.22348, 0][0.153161, -0.101408, -0.0930745][0.96695, -0.03190, 0.25297][0.91466, 0.22697, 0][0.178566, -0.096519, -0.0865895][0.96695, -0.03190, 0.25297][0.91466, 0.20310, 0][0.148633, -0.07516, -0.0951245][0.96695, -0.03190, 0.25297][0.89492, 0.23045, 0][0.174038, -0.070271, -0.0886395][0.96695, -0.03190, 0.25297][0.89492, 0.20658, 0][0.178566, -0.096519, -0.0865895][0.96695, -0.03190, 0.25297][0.91466, 0.20310, 0][0.153161, -0.101408, -0.0930745][0.96695, -0.03190, 0.25297][0.91466, 0.22697, 0][0.148633, -0.07516, -0.0951245][0.96695, -0.03190, 0.25297][0.89492, 0.23045, 0][0.259307, -0.108099, -0.0650835][0.96695, -0.03188, 0.25297][0.93441, 0.12802, 0][0.229375, -0.086741, -0.0736185][0.96695, -0.03189, 0.25298][0.91466, 0.15537, 0][0.254779, -0.081851, -0.0671335][0.96695, -0.03190, 0.25298][0.91466, 0.13150, 0][0.259307, -0.108099, -0.0650835][0.96695, -0.03188, 0.25297][0.93441, 0.12802, 0][0.233903, -0.112988, -0.0715685][0.96694, -0.03188, 0.25299][0.93441, 0.15188, 0][0.229375, -0.086741, -0.0736185][0.96695, -0.03189, 0.25298][0.91466, 0.15537, 0][0.233903, -0.112988, -0.0715685][0.96694, -0.03188, 0.25299][0.93441, 0.15188, 0][0.20397, -0.09163, -0.0801045][0.96695, -0.03189, 0.25298][0.91466, 0.17923, 0][0.229375, -0.086741, -0.0736185][0.96695, -0.03189, 0.25298][0.91466, 0.15537, 0][0.233903, -0.112988, -0.0715685][0.96694, -0.03188, 0.25299][0.93441, 0.15188, 0][0.208498, -0.117878, -0.0780535][0.96694, -0.03190, 0.25299][0.93441, 0.17575, 0][0.20397, -0.09163, -0.0801045][0.96695, -0.03189, 0.25298][0.91466, 0.17923, 0][0.229375, -0.086741, -0.0736185][0.96695, -0.03189, 0.25298][0.91466, 0.15537, 0][0.199442, -0.065382, -0.0821545][0.96695, -0.03190, 0.25297][0.89492, 0.18272, 0][0.224847, -0.060493, -0.0756695][0.96695, -0.03191, 0.25297][0.89492, 0.15885, 0][0.229375, -0.086741, -0.0736185][0.96695, -0.03189, 0.25298][0.91466, 0.15537, 0][0.20397, -0.09163, -0.0801045][0.96695, -0.03189, 0.25298][0.91466, 0.17923, 0][0.199442, -0.065382, -0.0821545][0.96695, -0.03190, 0.25297][0.89492, 0.18272, 0][0.173117, -0.00284201, -0.0261755][0.62471, 0.78080, 0.00921][0.66513, 0.91660, 0][0.133713, 0.02529, -0.00271652][0.86481, 0.48569, 0.12728][0.70871, 0.89133, 0][0.159118, 0.030179, 0.00376848][0.86481, 0.48569, 0.12729][0.70871, 0.91620, 0][0.173117, -0.00284201, -0.0261755][0.62471, 0.78080, 0.00921][0.66513, 0.91660, 0][0.147712, -0.00773102, -0.0326615][0.62471, 0.78081, 0.00919][0.66513, 0.89173, 0][0.133713, 0.02529, -0.00271652][0.86481, 0.48569, 0.12728][0.70871, 0.89133, 0][0.147712, -0.00773102, -0.0326615][0.62471, 0.78081, 0.00919][0.66513, 0.89173, 0][0.108309, 0.0204, -0.00920152][0.86482, 0.48569, 0.12728][0.70871, 0.86646, 0][0.133713, 0.02529, -0.00271652][0.86481, 0.48569, 0.12728][0.70871, 0.89133, 0][0.147712, -0.00773102, -0.0326615][0.62471, 0.78081, 0.00919][0.66513, 0.89173, 0][0.122308, -0.012621, -0.0391465][0.62470, 0.78081, 0.00917][0.66513, 0.86686, 0][0.108309, 0.0204, -0.00920152][0.86482, 0.48569, 0.12728][0.70871, 0.86646, 0][0.133713, 0.02529, -0.00271652][0.86481, 0.48569, 0.12728][0.70871, 0.89133, 0][0.101128, 0.049246, -0.00281752][0.94699, 0.25744, 0.19220][0.73469, 0.86774, 0][0.126532, 0.054135, 0.00366748][0.94699, 0.25744, 0.19220][0.73469, 0.89262, 0][0.133713, 0.02529, -0.00271652][0.86481, 0.48569, 0.12728][0.70871, 0.89133, 0][0.108309, 0.0204, -0.00920152][0.86482, 0.48569, 0.12728][0.70871, 0.86646, 0][0.101128, 0.049246, -0.00281752][0.94699, 0.25744, 0.19220][0.73469, 0.86774, 0][0.190387, -0.012886, -0.0862565][0.07676, 0.98254, -0.16949][0.49726, 0.77826, 0][0.153162, -0.016285, -0.0475625][0.30040, 0.94793, -0.10575][0.45908, 0.80558, 0][0.178567, -0.011396, -0.0410775][0.30039, 0.94794, -0.10574][0.45908, 0.78136, 0][0.190387, -0.012886, -0.0862565][0.07676, 0.98254, -0.16949][0.49726, 0.77826, 0][0.164982, -0.017776, -0.0927415][0.07677, 0.98254, -0.16949][0.49726, 0.80249, 0][0.153162, -0.016285, -0.0475625][0.30040, 0.94793, -0.10575][0.45908, 0.80558, 0][0.164982, -0.017776, -0.0927415][0.07677, 0.98254, -0.16949][0.49726, 0.80249, 0][0.127758, -0.021174, -0.0540475][0.30039, 0.94793, -0.10576][0.45908, 0.82981, 0][0.153162, -0.016285, -0.0475625][0.30040, 0.94793, -0.10575][0.45908, 0.80558, 0][0.164982, -0.017776, -0.0927415][0.07677, 0.98254, -0.16949][0.49726, 0.80249, 0][0.139577, -0.022665, -0.0992265][0.07677, 0.98254, -0.16949][0.49726, 0.82672, 0][0.127758, -0.021174, -0.0540475][0.30039, 0.94793, -0.10576][0.45908, 0.82981, 0][0.153162, -0.016285, -0.0475625][0.30040, 0.94793, -0.10575][0.64947, 0.89243, 0][0.122308, -0.012621, -0.0391465][0.62470, 0.78081, 0.00917][0.66513, 0.86686, 0][0.147712, -0.00773102, -0.0326615][0.62471, 0.78081, 0.00919][0.66513, 0.89173, 0][0.153162, -0.016285, -0.0475625][0.30040, 0.94793, -0.10575][0.64947, 0.89243, 0][0.127758, -0.021174, -0.0540475][0.30039, 0.94793, -0.10576][0.64947, 0.86755, 0][0.122308, -0.012621, -0.0391465][0.62470, 0.78081, 0.00917][0.66513, 0.86686, 0][0.241196, -0.00310802, -0.0732855][0.07678, 0.98253, -0.16952][0.49726, 0.72981, 0][0.203971, -0.00650698, -0.0345925][0.30038, 0.94794, -0.10576][0.45908, 0.75713, 0][0.229376, -0.00161701, -0.0281075][0.30038, 0.94794, -0.10577][0.45908, 0.73290, 0][0.241196, -0.00310802, -0.0732855][0.07678, 0.98253, -0.16952][0.49726, 0.72981, 0][0.215791, -0.00799698, -0.0797705][0.07676, 0.98253, -0.16951][0.49726, 0.75404, 0][0.203971, -0.00650698, -0.0345925][0.30038, 0.94794, -0.10576][0.45908, 0.75713, 0][0.215791, -0.00799698, -0.0797705][0.07676, 0.98253, -0.16951][0.49726, 0.75404, 0][0.178567, -0.011396, -0.0410775][0.30039, 0.94794, -0.10574][0.45908, 0.78136, 0][0.203971, -0.00650698, -0.0345925][0.30038, 0.94794, -0.10576][0.45908, 0.75713, 0][0.215791, -0.00799698, -0.0797705][0.07676, 0.98253, -0.16951][0.49726, 0.75404, 0][0.190387, -0.012886, -0.0862565][0.07676, 0.98254, -0.16949][0.49726, 0.77826, 0][0.178567, -0.011396, -0.0410775][0.30039, 0.94794, -0.10574][0.45908, 0.78136, 0][0.203971, -0.00650698, -0.0345925][0.30038, 0.94794, -0.10576][0.64947, 0.94217, 0][0.173117, -0.00284201, -0.0261755][0.62471, 0.78080, 0.00921][0.66513, 0.91660, 0][0.198521, 0.002047, -0.0196905][0.62470, 0.78081, 0.00920][0.66513, 0.94148, 0][0.203971, -0.00650698, -0.0345925][0.30038, 0.94794, -0.10576][0.64947, 0.94217, 0][0.178567, -0.011396, -0.0410775][0.30039, 0.94794, -0.10574][0.64947, 0.91730, 0][0.173117, -0.00284201, -0.0261755][0.62471, 0.78080, 0.00921][0.66513, 0.91660, 0][0.119403, -0.049129, -0.000244521][0.24315, -0.18332, -0.95251][0.25835, 0.38458, 0][0.103952, -0.034362, 0.0491505][0.24315, -0.18331, -0.95251][0.24347, 0.34245, 0][0.105404, -0.016108, 0.0296995][0.24315, -0.18331, -0.95251][0.26555, 0.34458, 0][0.119403, -0.049129, -0.000244521][0.24315, -0.18332, -0.95251][0.25835, 0.38458, 0][0.117951, -0.067383, 0.0192055][0.24315, -0.18332, -0.95251][0.23627, 0.38245, 0][0.103952, -0.034362, 0.0491505][0.24315, -0.18331, -0.95251][0.24347, 0.34245, 0][0.117951, -0.067383, 0.0192055][0.24315, -0.18332, -0.95251][0.23627, 0.38245, 0][0.1025, -0.052616, 0.0686005][0.24314, -0.18332, -0.95251][0.22139, 0.34032, 0][0.103952, -0.034362, 0.0491505][0.24315, -0.18331, -0.95251][0.24347, 0.34245, 0][0.117951, -0.067383, 0.0192055][0.24315, -0.18332, -0.95251][0.23627, 0.38245, 0][0.116499, -0.085637, 0.0386565][0.24314, -0.18332, -0.95251][0.21418, 0.38033, 0][0.1025, -0.052616, 0.0686005][0.24314, -0.18332, -0.95251][0.22139, 0.34032, 0][0.103952, -0.034362, 0.0491505][0.24315, -0.18331, -0.95251][0.24347, 0.34245, 0][0.0788455, 0.029022, 0.0997155][0.24313, -0.18333, -0.95251][0.26077, 0.27033, 0][0.0844155, 0.034078, 0.0740815][0.24315, -0.18331, -0.95251][0.27706, 0.28455, 0][0.103952, -0.034362, 0.0491505][0.24315, -0.18331, -0.95251][0.24347, 0.34245, 0][0.1025, -0.052616, 0.0686005][0.24314, -0.18332, -0.95251][0.22139, 0.34032, 0][0.0788455, 0.029022, 0.0997155][0.24313, -0.18333, -0.95251][0.26077, 0.27033, 0][0.148633, -0.07516, -0.0951245][0.24315, -0.18330, -0.95251][0.28850, 0.46411, 0][0.141341, -0.099917, -0.0478955][0.24315, -0.18331, -0.95251][0.24807, 0.44718, 0][0.136814, -0.07367, -0.0499465][0.24315, -0.18331, -0.95251][0.26679, 0.43279, 0][0.148633, -0.07516, -0.0951245][0.24315, -0.18330, -0.95251][0.28850, 0.46411, 0][0.153161, -0.101408, -0.0930745][0.24315, -0.18330, -0.95251][0.26978, 0.47850, 0][0.141341, -0.099917, -0.0478955][0.24315, -0.18331, -0.95251][0.24807, 0.44718, 0][0.153161, -0.101408, -0.0930745][0.24315, -0.18330, -0.95251][0.26978, 0.47850, 0][0.145869, -0.126165, -0.0458455][0.24315, -0.18331, -0.95251][0.22935, 0.46157, 0][0.141341, -0.099917, -0.0478955][0.24315, -0.18331, -0.95251][0.24807, 0.44718, 0][0.153161, -0.101408, -0.0930745][0.24315, -0.18330, -0.95251][0.26978, 0.47850, 0][0.157689, -0.127656, -0.0910235][0.24315, -0.18331, -0.95251][0.25106, 0.49289, 0][0.145869, -0.126165, -0.0458455][0.24315, -0.18331, -0.95251][0.22935, 0.46157, 0][0.141341, -0.099917, -0.0478955][0.24315, -0.18331, -0.95251][0.24807, 0.44718, 0][0.116499, -0.085637, 0.0386565][0.24314, -0.18332, -0.95251][0.21418, 0.38033, 0][0.117951, -0.067383, 0.0192055][0.24315, -0.18332, -0.95251][0.23627, 0.38245, 0][0.141341, -0.099917, -0.0478955][0.24315, -0.18331, -0.95251][0.24807, 0.44718, 0][0.145869, -0.126165, -0.0458455][0.24315, -0.18331, -0.95251][0.22935, 0.46157, 0][0.116499, -0.085637, 0.0386565][0.24314, -0.18332, -0.95251][0.21418, 0.38033, 0][0.139577, -0.022665, -0.0992265][0.24314, -0.18331, -0.95251][0.32595, 0.43533, 0][0.132286, -0.047422, -0.0519975][0.24315, -0.18331, -0.95251][0.28552, 0.41840, 0][0.127758, -0.021174, -0.0540475][0.24315, -0.18330, -0.95251][0.30424, 0.40402, 0][0.139577, -0.022665, -0.0992265][0.24314, -0.18331, -0.95251][0.32595, 0.43533, 0][0.144105, -0.048912, -0.0971755][0.24314, -0.18331, -0.95251][0.30722, 0.44972, 0][0.132286, -0.047422, -0.0519975][0.24315, -0.18331, -0.95251][0.28552, 0.41840, 0][0.144105, -0.048912, -0.0971755][0.24314, -0.18331, -0.95251][0.30722, 0.44972, 0][0.136814, -0.07367, -0.0499465][0.24315, -0.18331, -0.95251][0.26679, 0.43279, 0][0.132286, -0.047422, -0.0519975][0.24315, -0.18331, -0.95251][0.28552, 0.41840, 0][0.144105, -0.048912, -0.0971755][0.24314, -0.18331, -0.95251][0.30722, 0.44972, 0][0.148633, -0.07516, -0.0951245][0.24315, -0.18330, -0.95251][0.28850, 0.46411, 0][0.136814, -0.07367, -0.0499465][0.24315, -0.18331, -0.95251][0.26679, 0.43279, 0][0.132286, -0.047422, -0.0519975][0.24315, -0.18331, -0.95251][0.28552, 0.41840, 0][0.119403, -0.049129, -0.000244521][0.24315, -0.18332, -0.95251][0.25835, 0.38458, 0][0.120855, -0.030875, -0.0196955][0.24316, -0.18331, -0.95251][0.28043, 0.38671, 0][0.132286, -0.047422, -0.0519975][0.24315, -0.18331, -0.95251][0.28552, 0.41840, 0][0.136814, -0.07367, -0.0499465][0.24315, -0.18331, -0.95251][0.26679, 0.43279, 0][0.119403, -0.049129, -0.000244521][0.24315, -0.18332, -0.95251][0.25835, 0.38458, 0][0.122308, -0.012621, -0.0391465][0.24317, -0.18329, -0.95251][0.30251, 0.38884, 0][0.106856, 0.00214601, 0.0102485][0.24316, -0.18330, -0.95251][0.28763, 0.34671, 0][0.108309, 0.0204, -0.00920152][0.24317, -0.18329, -0.95251][0.30971, 0.34884, 0][0.122308, -0.012621, -0.0391465][0.24317, -0.18329, -0.95251][0.30251, 0.38884, 0][0.120855, -0.030875, -0.0196955][0.24316, -0.18331, -0.95251][0.28043, 0.38671, 0][0.106856, 0.00214601, 0.0102485][0.24316, -0.18330, -0.95251][0.28763, 0.34671, 0][0.120855, -0.030875, -0.0196955][0.24316, -0.18331, -0.95251][0.28043, 0.38671, 0][0.105404, -0.016108, 0.0296995][0.24315, -0.18331, -0.95251][0.26555, 0.34458, 0][0.106856, 0.00214601, 0.0102485][0.24316, -0.18330, -0.95251][0.28763, 0.34671, 0][0.120855, -0.030875, -0.0196955][0.24316, -0.18331, -0.95251][0.28043, 0.38671, 0][0.119403, -0.049129, -0.000244521][0.24315, -0.18332, -0.95251][0.25835, 0.38458, 0][0.105404, -0.016108, 0.0296995][0.24315, -0.18331, -0.95251][0.26555, 0.34458, 0][0.106856, 0.00214601, 0.0102485][0.24316, -0.18330, -0.95251][0.28763, 0.34671, 0][0.0899865, 0.039134, 0.0484485][0.24315, -0.18330, -0.95251][0.29336, 0.29877, 0][0.0955565, 0.04419, 0.0228155][0.24315, -0.18330, -0.95251][0.30965, 0.31299, 0][0.106856, 0.00214601, 0.0102485][0.24316, -0.18330, -0.95251][0.28763, 0.34671, 0][0.105404, -0.016108, 0.0296995][0.24315, -0.18331, -0.95251][0.26555, 0.34458, 0][0.0899865, 0.039134, 0.0484485][0.24315, -0.18330, -0.95251][0.29336, 0.29877, 0][0.223926, 0.00693601, -0.0132055][0.62469, 0.78082, 0.00920][0.66513, 0.96635, 0][0.184522, 0.035068, 0.0102535][0.86482, 0.48568, 0.12729][0.70871, 0.94108, 0][0.209927, 0.039957, 0.0167385][0.86482, 0.48568, 0.12729][0.70871, 0.96595, 0][0.223926, 0.00693601, -0.0132055][0.62469, 0.78082, 0.00920][0.66513, 0.96635, 0][0.198521, 0.002047, -0.0196905][0.62470, 0.78081, 0.00920][0.66513, 0.94148, 0][0.184522, 0.035068, 0.0102535][0.86482, 0.48568, 0.12729][0.70871, 0.94108, 0][0.198521, 0.002047, -0.0196905][0.62470, 0.78081, 0.00920][0.66513, 0.94148, 0][0.159118, 0.030179, 0.00376848][0.86481, 0.48569, 0.12729][0.70871, 0.91620, 0][0.184522, 0.035068, 0.0102535][0.86482, 0.48568, 0.12729][0.70871, 0.94108, 0][0.198521, 0.002047, -0.0196905][0.62470, 0.78081, 0.00920][0.66513, 0.94148, 0][0.173117, -0.00284201, -0.0261755][0.62471, 0.78080, 0.00921][0.66513, 0.91660, 0][0.159118, 0.030179, 0.00376848][0.86481, 0.48569, 0.12729][0.70871, 0.91620, 0][0.184522, 0.035068, 0.0102535][0.86482, 0.48568, 0.12729][0.70871, 0.94108, 0][0.151937, 0.059024, 0.0101525][0.94699, 0.25744, 0.19220][0.73469, 0.91749, 0][0.177341, 0.063913, 0.0166375][0.94699, 0.25744, 0.19219][0.73469, 0.94236, 0][0.184522, 0.035068, 0.0102535][0.86482, 0.48568, 0.12729][0.70871, 0.94108, 0][0.159118, 0.030179, 0.00376848][0.86481, 0.48569, 0.12729][0.70871, 0.91620, 0][0.151937, 0.059024, 0.0101525][0.94699, 0.25744, 0.19220][0.73469, 0.91749, 0][0.250251, -0.055604, -0.0691845][0.96695, -0.03192, 0.25297][0.89492, 0.13498, 0][0.220319, -0.034245, -0.0777205][0.96695, -0.03190, 0.25298][0.87517, 0.16233, 0][0.245724, -0.029356, -0.0712355][0.96695, -0.03190, 0.25297][0.87517, 0.13847, 0][0.250251, -0.055604, -0.0691845][0.96695, -0.03192, 0.25297][0.89492, 0.13498, 0][0.224847, -0.060493, -0.0756695][0.96695, -0.03191, 0.25297][0.89492, 0.15885, 0][0.220319, -0.034245, -0.0777205][0.96695, -0.03190, 0.25298][0.87517, 0.16233, 0][0.224847, -0.060493, -0.0756695][0.96695, -0.03191, 0.25297][0.89492, 0.15885, 0][0.194914, -0.039134, -0.0842055][0.96694, -0.03191, 0.25298][0.87517, 0.18620, 0][0.220319, -0.034245, -0.0777205][0.96695, -0.03190, 0.25298][0.87517, 0.16233, 0][0.224847, -0.060493, -0.0756695][0.96695, -0.03191, 0.25297][0.89492, 0.15885, 0][0.199442, -0.065382, -0.0821545][0.96695, -0.03190, 0.25297][0.89492, 0.18272, 0][0.194914, -0.039134, -0.0842055][0.96694, -0.03191, 0.25298][0.87517, 0.18620, 0][0.220319, -0.034245, -0.0777205][0.96695, -0.03190, 0.25298][0.87517, 0.16233, 0][0.190387, -0.012886, -0.0862565][0.96694, -0.03190, 0.25299][0.85543, 0.18969, 0][0.215791, -0.00799698, -0.0797705][0.96694, -0.03188, 0.25299][0.85543, 0.16582, 0][0.220319, -0.034245, -0.0777205][0.96695, -0.03190, 0.25298][0.87517, 0.16233, 0][0.194914, -0.039134, -0.0842055][0.96694, -0.03191, 0.25298][0.87517, 0.18620, 0][0.190387, -0.012886, -0.0862565][0.96694, -0.03190, 0.25299][0.85543, 0.18969, 0][0.116499, -0.085637, 0.0386565][-0.59815, -0.80139, 0.00152][0.61998, 0.39729, 0][0.127904, -0.047727, 0.0750865][-0.83096, -0.54594, -0.10706][0.59497, 0.35323, 0][0.1025, -0.052616, 0.0686005][-0.83095, -0.54594, -0.10707][0.62021, 0.35325, 0][0.116499, -0.085637, 0.0386565][-0.59815, -0.80139, 0.00152][0.61998, 0.39729, 0][0.141903, -0.080748, 0.0451415][-0.59814, -0.80139, 0.00153][0.59474, 0.39727, 0][0.127904, -0.047727, 0.0750865][-0.83096, -0.54594, -0.10706][0.59497, 0.35323, 0][0.141903, -0.080748, 0.0451415][-0.59814, -0.80139, 0.00153][0.59474, 0.39727, 0][0.153309, -0.042838, 0.0815715][-0.83096, -0.54594, -0.10705][0.56974, 0.35321, 0][0.127904, -0.047727, 0.0750865][-0.83096, -0.54594, -0.10706][0.59497, 0.35323, 0][0.141903, -0.080748, 0.0451415][-0.59814, -0.80139, 0.00153][0.59474, 0.39727, 0][0.167308, -0.075859, 0.0516265][-0.59814, -0.80139, 0.00154][0.56951, 0.39725, 0][0.153309, -0.042838, 0.0815715][-0.83096, -0.54594, -0.10705][0.56974, 0.35321, 0][0.127904, -0.047727, 0.0750865][-0.83096, -0.54594, -0.10706][0.59497, 0.35323, 0][0.129655, 0.038801, 0.112685][-0.90704, -0.39097, -0.15629][0.57128, 0.27694, 0][0.10425, 0.033911, 0.1062][-0.90704, -0.39097, -0.15629][0.59651, 0.27696, 0][0.127904, -0.047727, 0.0750865][-0.83096, -0.54594, -0.10706][0.59497, 0.35323, 0][0.153309, -0.042838, 0.0815715][-0.83096, -0.54594, -0.10705][0.56974, 0.35321, 0][0.129655, 0.038801, 0.112685][-0.90704, -0.39097, -0.15629][0.57128, 0.27694, 0][0.218117, -0.066081, 0.0645975][-0.24315, 0.18332, 0.95251][0.38180, 0.13251, 0][0.20557, -0.014806, 0.0750905][-0.24315, 0.18331, 0.95251][0.41296, 0.17295, 0][0.204118, -0.03306, 0.0945415][-0.24314, 0.18332, 0.95251][0.38946, 0.17555, 0][0.218117, -0.066081, 0.0645975][-0.24315, 0.18332, 0.95251][0.38180, 0.13251, 0][0.219569, -0.047827, 0.0451465][-0.24315, 0.18332, 0.95251][0.40530, 0.12991, 0][0.20557, -0.014806, 0.0750905][-0.24315, 0.18331, 0.95251][0.41296, 0.17295, 0][0.219569, -0.047827, 0.0451465][-0.24315, 0.18332, 0.95251][0.40530, 0.12991, 0][0.207022, 0.00344801, 0.0556405][-0.24316, 0.18330, 0.95251][0.43646, 0.17035, 0][0.20557, -0.014806, 0.0750905][-0.24315, 0.18331, 0.95251][0.41296, 0.17295, 0][0.219569, -0.047827, 0.0451465][-0.24315, 0.18332, 0.95251][0.40530, 0.12991, 0][0.221021, -0.029572, 0.0256955][-0.24316, 0.18330, 0.95251][0.42880, 0.12730, 0][0.207022, 0.00344801, 0.0556405][-0.24316, 0.18330, 0.95251][0.43646, 0.17035, 0][0.20557, -0.014806, 0.0750905][-0.24315, 0.18331, 0.95251][0.41296, 0.17295, 0][0.191605, 0.05869, 0.0743895][-0.24316, 0.18330, 0.95251][0.46605, 0.21938, 0][0.186034, 0.053635, 0.100022][-0.24315, 0.18331, 0.95251][0.44871, 0.23494, 0][0.20557, -0.014806, 0.0750905][-0.24315, 0.18331, 0.95251][0.41296, 0.17295, 0][0.207022, 0.00344801, 0.0556405][-0.24316, 0.18330, 0.95251][0.43646, 0.17035, 0][0.191605, 0.05869, 0.0743895][-0.24316, 0.18330, 0.95251][0.46605, 0.21938, 0][0.191605, 0.05869, 0.0743895][-0.14204, 0.96466, -0.22192][0.82580, 0.86505, 0][0.16063, 0.048745, 0.0935375][-0.14204, 0.96466, -0.22191][0.85069, 0.83870, 0][0.186034, 0.053635, 0.100022][-0.14205, 0.96466, -0.22193][0.85069, 0.86406, 0][0.191605, 0.05869, 0.0743895][-0.14204, 0.96466, -0.22192][0.82580, 0.86505, 0][0.1662, 0.053801, 0.0679045][-0.14205, 0.96466, -0.22192][0.82580, 0.83969, 0][0.16063, 0.048745, 0.0935375][-0.14204, 0.96466, -0.22191][0.85069, 0.83870, 0][0.1662, 0.053801, 0.0679045][-0.14205, 0.96466, -0.22192][0.82580, 0.83969, 0][0.135225, 0.043856, 0.0870525][-0.14203, 0.96467, -0.22191][0.85069, 0.81335, 0][0.16063, 0.048745, 0.0935375][-0.14204, 0.96466, -0.22191][0.85069, 0.83870, 0][0.1662, 0.053801, 0.0679045][-0.14205, 0.96466, -0.22192][0.82580, 0.83969, 0][0.140796, 0.048912, 0.0614185][-0.14205, 0.96466, -0.22191][0.82580, 0.81434, 0][0.135225, 0.043856, 0.0870525][-0.14203, 0.96467, -0.22191][0.85069, 0.81335, 0][0.16063, 0.048745, 0.0935375][-0.14204, 0.96466, -0.22191][0.85069, 0.83870, 0][0.129655, 0.038801, 0.112685][-0.14201, 0.96467, -0.22192][0.87557, 0.81235, 0][0.155059, 0.04369, 0.11917][-0.14203, 0.96467, -0.22190][0.87557, 0.83771, 0][0.16063, 0.048745, 0.0935375][-0.14204, 0.96466, -0.22191][0.85069, 0.83870, 0][0.135225, 0.043856, 0.0870525][-0.14203, 0.96467, -0.22191][0.85069, 0.81335, 0][0.129655, 0.038801, 0.112685][-0.14201, 0.96467, -0.22192][0.87557, 0.81235, 0][-0.107556, 0.043526, 0.0374345][0.35808, 0.93323, -0.02917][0.91897, 0.11243, 0][-0.123049, 0.055434, 0.0697325][0.35807, 0.93324, -0.02917][0.94072, 0.09000, 0][-0.0981115, 0.052735, 0.0606655][0.35808, 0.93324, -0.02919][0.94072, 0.11484, 0][-0.107556, 0.043526, 0.0374345][0.35808, 0.93323, -0.02917][0.91897, 0.11243, 0][-0.132493, 0.046226, 0.0465015][0.35807, 0.93324, -0.02917][0.91897, 0.08760, 0][-0.123049, 0.055434, 0.0697325][0.35807, 0.93324, -0.02917][0.94072, 0.09000, 0][-0.0967485, 0.00913101, 0.0773945][0.33998, -0.10121, 0.93497][0.28378, 0.06028, 0][-0.107556, 0.043526, 0.0374345][0.33997, -0.10122, 0.93497][0.26136, 0.02489, 0][-0.0981115, 0.052735, 0.0606655][0.33997, -0.10122, 0.93497][0.27419, 0.01779, 0][-0.0967485, 0.00913101, 0.0773945][0.33998, -0.10121, 0.93497][0.28378, 0.06028, 0][-0.106193, -7.70092e-005, 0.0541645][0.33998, -0.10121, 0.93497][0.27095, 0.06738, 0][-0.107556, 0.043526, 0.0374345][0.33997, -0.10122, 0.93497][0.26136, 0.02489, 0][-0.196496, 0.019929, 0.113665][-0.92375, 0.15057, 0.35217][0.36820, 0.05233, 0][-0.172923, 0.060833, 0.0878675][-0.86960, 0.34471, 0.35351][0.33751, 0.01182, 0][-0.19786, 0.063532, 0.0969345][-0.86960, 0.34472, 0.35349][0.35862, 0.00984, 0][-0.196496, 0.019929, 0.113665][-0.92375, 0.15057, 0.35217][0.36820, 0.05233, 0][-0.171558, 0.017229, 0.104598][-0.92374, 0.15057, 0.35218][0.34710, 0.05432, 0][-0.172923, 0.060833, 0.0878675][-0.86960, 0.34471, 0.35351][0.33751, 0.01182, 0][-0.152971, -0.142728, -0.0320155][0.44564, -0.85815, -0.25493][0.85458, 0.34216, 0][-0.184496, -0.126583, -0.0450715][0.44563, -0.85815, -0.25494][0.87634, 0.36792, 0][-0.15956, -0.129282, -0.0541395][0.44564, -0.85815, -0.25494][0.85458, 0.36499, 0][-0.152971, -0.142728, -0.0320155][0.44564, -0.85815, -0.25493][0.85458, 0.34216, 0][-0.177907, -0.140029, -0.0229485][0.44563, -0.85815, -0.25494][0.87634, 0.34509, 0][-0.184496, -0.126583, -0.0450715][0.44563, -0.85815, -0.25494][0.87634, 0.36792, 0][-0.134524, -0.027703, -0.0155275][0.90634, -0.22999, -0.35446][0.32260, 0.79228, 0][-0.160825, 0.0186, -0.0231905][0.86959, -0.34472, -0.35352][0.36313, 0.77537, 0][-0.135888, 0.0159, -0.0322585][0.86958, -0.34473, -0.35354][0.36313, 0.79814, 0][-0.134524, -0.027703, -0.0155275][0.90634, -0.22999, -0.35446][0.32260, 0.79228, 0][-0.159461, -0.025004, -0.0064605][0.90635, -0.23000, -0.35445][0.32260, 0.76950, 0][-0.160825, 0.0186, -0.0231905][0.86959, -0.34472, -0.35352][0.36313, 0.77537, 0][-0.234272, -0.016906, 0.0207415][-0.33997, 0.10121, -0.93497][0.47987, 0.36245, 0][-0.226191, 0.035906, 0.0272425][-0.33997, 0.10121, -0.93497][0.48123, 0.31400, 0][-0.235635, 0.026698, 0.00401151][-0.33997, 0.10121, -0.93497][0.50155, 0.32618, 0][-0.234272, -0.016906, 0.0207415][-0.33997, 0.10121, -0.93497][0.47987, 0.36245, 0][-0.224828, -0.00769699, 0.0439725][-0.33997, 0.10121, -0.93497][0.45955, 0.35027, 0][-0.226191, 0.035906, 0.0272425][-0.33997, 0.10121, -0.93497][0.48123, 0.31400, 0][-0.247396, -0.07839, 0.00295151][-0.33996, 0.10121, -0.93498][0.48780, 0.42058, 0][-0.228896, -0.05174, 0.0458965][-0.33997, 0.10121, -0.93497][0.45158, 0.38943, 0][-0.235485, -0.038294, 0.0237725][-0.33997, 0.10121, -0.93497][0.47405, 0.38111, 0][-0.247396, -0.07839, 0.00295151][-0.33996, 0.10121, -0.93498][0.48780, 0.42058, 0][-0.240807, -0.091835, 0.0250755][-0.33997, 0.10121, -0.93497][0.46533, 0.42890, 0][-0.228896, -0.05174, 0.0458965][-0.33997, 0.10121, -0.93497][0.45158, 0.38943, 0][-0.234218, -0.105281, 0.0471985][-0.33997, 0.10121, -0.93497][0.44286, 0.43722, 0][-0.215718, -0.078632, 0.0901435][-0.33997, 0.10121, -0.93497][0.40664, 0.40607, 0][-0.222307, -0.065186, 0.0680195][-0.33997, 0.10121, -0.93497][0.42911, 0.39775, 0][-0.234218, -0.105281, 0.0471985][-0.33997, 0.10121, -0.93497][0.44286, 0.43722, 0][-0.227629, -0.118727, 0.0693225][-0.33997, 0.10121, -0.93497][0.42039, 0.44554, 0][-0.215718, -0.078632, 0.0901435][-0.33997, 0.10121, -0.93497][0.40664, 0.40607, 0][-0.215384, 0.00151098, 0.0672035][-0.33997, 0.10121, -0.93497][0.43923, 0.33809, 0][-0.207303, 0.054323, 0.0737045][-0.33996, 0.10120, -0.93498][0.44058, 0.28964, 0][-0.216747, 0.045115, 0.0504735][-0.33997, 0.10122, -0.93497][0.46091, 0.30182, 0][-0.215384, 0.00151098, 0.0672035][-0.33997, 0.10121, -0.93497][0.43923, 0.33809, 0][-0.20594, 0.01072, 0.0904345][-0.33997, 0.10121, -0.93497][0.41890, 0.32591, 0][-0.207303, 0.054323, 0.0737045][-0.33996, 0.10120, -0.93498][0.44058, 0.28964, 0][-0.147649, -0.089187, -0.0333185][0.82815, 0.50333, -0.24664][0.15760, 0.95905, 0][-0.160674, -0.046392, -0.0034295][0.92655, 0.20627, -0.31457][0.20123, 0.93297, 0][-0.135737, -0.049092, -0.0124965][0.92655, 0.20629, -0.31455][0.20123, 0.95779, 0][-0.147649, -0.089187, -0.0333185][0.82815, 0.50333, -0.24664][0.15760, 0.95905, 0][-0.172585, -0.086487, -0.0242505][0.82815, 0.50332, -0.24664][0.15760, 0.93423, 0][-0.160674, -0.046392, -0.0034295][0.92655, 0.20627, -0.31457][0.20123, 0.93297, 0][-0.197522, -0.083788, -0.0151835][0.82815, 0.50332, -0.24665][0.15760, 0.90942, 0][-0.210548, -0.040994, 0.0147055][0.92655, 0.20628, -0.31457][0.20123, 0.88334, 0][-0.185611, -0.043693, 0.00563851][0.92655, 0.20627, -0.31458][0.20123, 0.90816, 0][-0.197522, -0.083788, -0.0151835][0.82815, 0.50332, -0.24665][0.15760, 0.90942, 0][-0.222459, -0.081089, -0.00611549][0.82815, 0.50333, -0.24664][0.15760, 0.88460, 0][-0.210548, -0.040994, 0.0147055][0.92655, 0.20628, -0.31457][0.20123, 0.88334, 0][-0.184398, -0.022304, 0.00260651][0.90634, -0.22999, -0.35446][0.32260, 0.74672, 0][-0.210698, 0.023998, -0.00505549][0.86960, -0.34471, -0.35352][0.36313, 0.72981, 0][-0.185762, 0.021299, -0.0141235][0.86960, -0.34471, -0.35352][0.36313, 0.75259, 0][-0.184398, -0.022304, 0.00260651][0.90634, -0.22999, -0.35446][0.32260, 0.74672, 0][-0.209335, -0.019605, 0.0116745][0.90635, -0.22998, -0.35446][0.32260, 0.72394, 0][-0.210698, 0.023998, -0.00505549][0.86960, -0.34471, -0.35352][0.36313, 0.72981, 0][-0.139793, -0.16962, 0.0122315][0.44562, -0.85815, -0.25496][0.85458, 0.29649, 0][-0.171318, -0.153474, -0.0008245][0.44563, -0.85815, -0.25494][0.87634, 0.32225, 0][-0.146382, -0.156174, -0.0098925][0.44563, -0.85814, -0.25495][0.85458, 0.31933, 0][-0.139793, -0.16962, 0.0122315][0.44562, -0.85815, -0.25496][0.85458, 0.29649, 0][-0.164729, -0.16692, 0.0212985][0.44563, -0.85815, -0.25494][0.87634, 0.29942, 0][-0.171318, -0.153474, -0.0008245][0.44563, -0.85815, -0.25494][0.87634, 0.32225, 0][-0.189666, -0.164221, 0.0303665][0.44564, -0.85815, -0.25492][0.89810, 0.30235, 0][-0.221192, -0.148076, 0.0173105][0.44563, -0.85816, -0.25492][0.91985, 0.32811, 0][-0.196255, -0.150775, 0.00824251][0.44563, -0.85815, -0.25493][0.89810, 0.32518, 0][-0.189666, -0.164221, 0.0303665][0.44564, -0.85815, -0.25492][0.89810, 0.30235, 0][-0.214603, -0.161522, 0.0394335][0.44563, -0.85815, -0.25493][0.91985, 0.30527, 0][-0.221192, -0.148076, 0.0173105][0.44563, -0.85816, -0.25492][0.91985, 0.32811, 0][-0.202844, -0.137329, -0.0138805][0.44563, -0.85815, -0.25494][0.89810, 0.34801, 0][-0.23437, -0.121184, -0.0269365][0.44564, -0.85815, -0.25492][0.91985, 0.37378, 0][-0.209433, -0.123883, -0.0360045][0.44563, -0.85815, -0.25494][0.89810, 0.37085, 0][-0.202844, -0.137329, -0.0138805][0.44563, -0.85815, -0.25494][0.89810, 0.34801, 0][-0.227781, -0.13463, -0.00481349][0.44564, -0.85815, -0.25492][0.91985, 0.35094, 0][-0.23437, -0.121184, -0.0269365][0.44564, -0.85815, -0.25492][0.91985, 0.37378, 0][-0.22104, -0.132173, 0.0914455][-0.82816, -0.50332, 0.24664][0.92388, 0.76435, 0][-0.184192, -0.094777, 0.1032][-0.91040, -0.28468, 0.30022][0.88249, 0.78628, 0][-0.209129, -0.092078, 0.112267][-0.91040, -0.28468, 0.30021][0.88249, 0.76095, 0][-0.22104, -0.132173, 0.0914455][-0.82816, -0.50332, 0.24664][0.92388, 0.76435, 0][-0.196103, -0.134872, 0.0823785][-0.82815, -0.50332, 0.24665][0.92388, 0.78967, 0][-0.184192, -0.094777, 0.1032][-0.91040, -0.28468, 0.30022][0.88249, 0.78628, 0][-0.171166, -0.137572, 0.0733105][-0.82815, -0.50332, 0.24664][0.92388, 0.81500, 0][-0.134318, -0.100176, 0.0850645][-0.91040, -0.28468, 0.30022][0.88249, 0.83693, 0][-0.159255, -0.097476, 0.0941315][-0.91040, -0.28468, 0.30022][0.88249, 0.81160, 0][-0.171166, -0.137572, 0.0733105][-0.82815, -0.50332, 0.24664][0.92388, 0.81500, 0][-0.146229, -0.140271, 0.0642435][-0.82815, -0.50332, 0.24665][0.92388, 0.84033, 0][-0.134318, -0.100176, 0.0850645][-0.91040, -0.28468, 0.30022][0.88249, 0.83693, 0][-0.146621, 0.01453, 0.0955295][-0.92374, 0.15056, 0.35219][0.32599, 0.05630, 0][-0.123049, 0.055434, 0.0697325][-0.86961, 0.34470, 0.35350][0.29530, 0.01580, 0][-0.147986, 0.058134, 0.0787995][-0.86960, 0.34471, 0.35352][0.31640, 0.01381, 0][-0.146621, 0.01453, 0.0955295][-0.92374, 0.15056, 0.35219][0.32599, 0.05630, 0][-0.121686, 0.011831, 0.0864625][-0.92374, 0.15056, 0.35218][0.30488, 0.05829, 0][-0.123049, 0.055434, 0.0697325][-0.86961, 0.34470, 0.35350][0.29530, 0.01580, 0][-0.121293, -0.14297, 0.0551755][0.33995, -0.10123, 0.93498][0.27250, 0.20286, 0][-0.11597, -0.089429, 0.0538735][0.33998, -0.10120, 0.93497][0.27141, 0.15203, 0][-0.109381, -0.102875, 0.0759965][0.33997, -0.10121, 0.93497][0.28378, 0.16633, 0][-0.121293, -0.14297, 0.0551755][0.33995, -0.10123, 0.93498][0.27250, 0.20286, 0][-0.127881, -0.129524, 0.0330525][0.33998, -0.10122, 0.93497][0.26013, 0.18857, 0][-0.11597, -0.089429, 0.0538735][0.33998, -0.10120, 0.93497][0.27141, 0.15203, 0][-0.134471, -0.116079, 0.0109285][0.33998, -0.10121, 0.93497][0.24776, 0.17428, 0][-0.129147, -0.062537, 0.0096265][0.33997, -0.10121, 0.93497][0.24667, 0.12345, 0][-0.12256, -0.075983, 0.0317495][0.33998, -0.10121, 0.93497][0.25904, 0.13774, 0][-0.134471, -0.116079, 0.0109285][0.33998, -0.10121, 0.93497][0.24776, 0.17428, 0][-0.14106, -0.102633, -0.0111945][0.33997, -0.10122, 0.93497][0.23539, 0.15999, 0][-0.129147, -0.062537, 0.0096265][0.33997, -0.10121, 0.93497][0.24667, 0.12345, 0][-0.115637, -0.00928599, 0.0309335][0.33997, -0.10121, 0.93497][0.25812, 0.07448, 0][-0.126444, 0.025109, -0.0090275][0.33997, -0.10122, 0.93497][0.23571, 0.03909, 0][-0.117, 0.034318, 0.0142035][0.33997, -0.10122, 0.93497][0.24854, 0.03199, 0][-0.115637, -0.00928599, 0.0309335][0.33997, -0.10121, 0.93497][0.25812, 0.07448, 0][-0.125081, -0.018494, 0.0077025][0.33997, -0.10120, 0.93498][0.24530, 0.08158, 0][-0.126444, 0.025109, -0.0090275][0.33997, -0.10122, 0.93497][0.23571, 0.03909, 0][-0.126444, 0.025109, -0.0090275][0.35806, 0.93324, -0.02919][0.87547, 0.10762, 0][-0.141937, 0.037017, 0.0232705][0.35808, 0.93323, -0.02919][0.89722, 0.08519, 0][-0.117, 0.034318, 0.0142035][0.35808, 0.93323, -0.02917][0.89722, 0.11003, 0][-0.126444, 0.025109, -0.0090275][0.35806, 0.93324, -0.02919][0.87547, 0.10762, 0][-0.151381, 0.027808, 4.05014e-005][0.35807, 0.93324, -0.02919][0.87547, 0.08279, 0][-0.141937, 0.037017, 0.0232705][0.35808, 0.93323, -0.02919][0.89722, 0.08519, 0][-0.176318, 0.030508, 0.00910751][0.35808, 0.93324, -0.02918][0.87547, 0.05795, 0][-0.191811, 0.042416, 0.0414055][0.35807, 0.93324, -0.02918][0.89722, 0.03552, 0][-0.166874, 0.039716, 0.0323385][0.35807, 0.93324, -0.02919][0.89722, 0.06036, 0][-0.176318, 0.030508, 0.00910751][0.35808, 0.93324, -0.02918][0.87547, 0.05795, 0][-0.201255, 0.033207, 0.0181755][0.35807, 0.93324, -0.02918][0.87547, 0.03312, 0][-0.191811, 0.042416, 0.0414055][0.35807, 0.93324, -0.02918][0.89722, 0.03552, 0][-0.15743, 0.048925, 0.0555695][0.35807, 0.93324, -0.02919][0.91897, 0.06276, 0][-0.172923, 0.060833, 0.0878675][0.35809, 0.93323, -0.02920][0.94072, 0.04033, 0][-0.147986, 0.058134, 0.0787995][0.35807, 0.93324, -0.02918][0.94072, 0.06517, 0][-0.15743, 0.048925, 0.0555695][0.35807, 0.93324, -0.02919][0.91897, 0.06276, 0][-0.182367, 0.051624, 0.0646365][0.35807, 0.93324, -0.02919][0.91897, 0.03793, 0][-0.172923, 0.060833, 0.0878675][0.35809, 0.93323, -0.02920][0.94072, 0.04033, 0][-0.166874, 0.039716, 0.0323385][0.35807, 0.93324, -0.02919][0.89722, 0.06036, 0][-0.182367, 0.051624, 0.0646365][0.35807, 0.93324, -0.02919][0.91897, 0.03793, 0][-0.15743, 0.048925, 0.0555695][0.35807, 0.93324, -0.02919][0.91897, 0.06276, 0][-0.166874, 0.039716, 0.0323385][0.35807, 0.93324, -0.02919][0.89722, 0.06036, 0][-0.191811, 0.042416, 0.0414055][0.35807, 0.93324, -0.02918][0.89722, 0.03552, 0][-0.182367, 0.051624, 0.0646365][0.35807, 0.93324, -0.02919][0.91897, 0.03793, 0][-0.191811, 0.042416, 0.0414055][0.35807, 0.93324, -0.02918][0.89722, 0.03552, 0][-0.207303, 0.054323, 0.0737045][0.35807, 0.93324, -0.02919][0.91897, 0.01309, 0][-0.182367, 0.051624, 0.0646365][0.35807, 0.93324, -0.02919][0.91897, 0.03793, 0][-0.191811, 0.042416, 0.0414055][0.35807, 0.93324, -0.02918][0.89722, 0.03552, 0][-0.216747, 0.045115, 0.0504735][0.35806, 0.93324, -0.02920][0.89722, 0.01069, 0][-0.207303, 0.054323, 0.0737045][0.35807, 0.93324, -0.02919][0.91897, 0.01309, 0][-0.182367, 0.051624, 0.0646365][0.35807, 0.93324, -0.02919][0.91897, 0.03793, 0][-0.19786, 0.063532, 0.0969345][0.35809, 0.93323, -0.02919][0.94072, 0.01550, 0][-0.172923, 0.060833, 0.0878675][0.35809, 0.93323, -0.02920][0.94072, 0.04033, 0][-0.182367, 0.051624, 0.0646365][0.35807, 0.93324, -0.02919][0.91897, 0.03793, 0][-0.207303, 0.054323, 0.0737045][0.35807, 0.93324, -0.02919][0.91897, 0.01309, 0][-0.19786, 0.063532, 0.0969345][0.35809, 0.93323, -0.02919][0.94072, 0.01550, 0][-0.185762, 0.021299, -0.0141235][0.35808, 0.93323, -0.02918][0.85372, 0.05555, 0][-0.201255, 0.033207, 0.0181755][0.35807, 0.93324, -0.02918][0.87547, 0.03312, 0][-0.176318, 0.030508, 0.00910751][0.35808, 0.93324, -0.02918][0.87547, 0.05795, 0][-0.185762, 0.021299, -0.0141235][0.35808, 0.93323, -0.02918][0.85372, 0.05555, 0][-0.210698, 0.023998, -0.00505549][0.35806, 0.93324, -0.02919][0.85372, 0.03071, 0][-0.201255, 0.033207, 0.0181755][0.35807, 0.93324, -0.02918][0.87547, 0.03312, 0][-0.210698, 0.023998, -0.00505549][0.35806, 0.93324, -0.02919][0.85372, 0.03071, 0][-0.226191, 0.035906, 0.0272425][0.35807, 0.93324, -0.02919][0.87547, 0.00828, 0][-0.201255, 0.033207, 0.0181755][0.35807, 0.93324, -0.02918][0.87547, 0.03312, 0][-0.210698, 0.023998, -0.00505549][0.35806, 0.93324, -0.02919][0.85372, 0.03071, 0][-0.235635, 0.026698, 0.00401151][0.35805, 0.93325, -0.02918][0.85372, 0.00588, 0][-0.226191, 0.035906, 0.0272425][0.35807, 0.93324, -0.02919][0.87547, 0.00828, 0][-0.201255, 0.033207, 0.0181755][0.35807, 0.93324, -0.02918][0.87547, 0.03312, 0][-0.216747, 0.045115, 0.0504735][0.35806, 0.93324, -0.02920][0.89722, 0.01069, 0][-0.191811, 0.042416, 0.0414055][0.35807, 0.93324, -0.02918][0.89722, 0.03552, 0][-0.201255, 0.033207, 0.0181755][0.35807, 0.93324, -0.02918][0.87547, 0.03312, 0][-0.226191, 0.035906, 0.0272425][0.35807, 0.93324, -0.02919][0.87547, 0.00828, 0][-0.216747, 0.045115, 0.0504735][0.35806, 0.93324, -0.02920][0.89722, 0.01069, 0][-0.135888, 0.0159, -0.0322585][0.35804, 0.93325, -0.02919][0.85372, 0.10522, 0][-0.151381, 0.027808, 4.05014e-005][0.35807, 0.93324, -0.02919][0.87547, 0.08279, 0][-0.126444, 0.025109, -0.0090275][0.35806, 0.93324, -0.02919][0.87547, 0.10762, 0][-0.135888, 0.0159, -0.0322585][0.35804, 0.93325, -0.02919][0.85372, 0.10522, 0][-0.160825, 0.0186, -0.0231905][0.35807, 0.93324, -0.02917][0.85372, 0.08038, 0][-0.151381, 0.027808, 4.05014e-005][0.35807, 0.93324, -0.02919][0.87547, 0.08279, 0][-0.160825, 0.0186, -0.0231905][0.35807, 0.93324, -0.02917][0.85372, 0.08038, 0][-0.176318, 0.030508, 0.00910751][0.35808, 0.93324, -0.02918][0.87547, 0.05795, 0][-0.151381, 0.027808, 4.05014e-005][0.35807, 0.93324, -0.02919][0.87547, 0.08279, 0][-0.160825, 0.0186, -0.0231905][0.35807, 0.93324, -0.02917][0.85372, 0.08038, 0][-0.185762, 0.021299, -0.0141235][0.35808, 0.93323, -0.02918][0.85372, 0.05555, 0][-0.176318, 0.030508, 0.00910751][0.35808, 0.93324, -0.02918][0.87547, 0.05795, 0][-0.151381, 0.027808, 4.05014e-005][0.35807, 0.93324, -0.02919][0.87547, 0.08279, 0][-0.166874, 0.039716, 0.0323385][0.35807, 0.93324, -0.02919][0.89722, 0.06036, 0][-0.141937, 0.037017, 0.0232705][0.35808, 0.93323, -0.02919][0.89722, 0.08519, 0][-0.151381, 0.027808, 4.05014e-005][0.35807, 0.93324, -0.02919][0.87547, 0.08279, 0][-0.176318, 0.030508, 0.00910751][0.35808, 0.93324, -0.02918][0.87547, 0.05795, 0][-0.166874, 0.039716, 0.0323385][0.35807, 0.93324, -0.02919][0.89722, 0.06036, 0][-0.12256, -0.075983, 0.0317495][0.33998, -0.10121, 0.93497][0.25904, 0.13774, 0][-0.125081, -0.018494, 0.0077025][0.33997, -0.10120, 0.93498][0.24530, 0.08158, 0][-0.115637, -0.00928599, 0.0309335][0.33997, -0.10121, 0.93497][0.25812, 0.07448, 0][-0.12256, -0.075983, 0.0317495][0.33998, -0.10121, 0.93497][0.25904, 0.13774, 0][-0.129147, -0.062537, 0.0096265][0.33997, -0.10121, 0.93497][0.24667, 0.12345, 0][-0.125081, -0.018494, 0.0077025][0.33997, -0.10120, 0.93498][0.24530, 0.08158, 0][-0.129147, -0.062537, 0.0096265][0.33997, -0.10121, 0.93497][0.24667, 0.12345, 0][-0.134524, -0.027703, -0.0155275][0.33996, -0.10121, 0.93498][0.23247, 0.08868, 0][-0.125081, -0.018494, 0.0077025][0.33997, -0.10120, 0.93498][0.24530, 0.08158, 0][-0.129147, -0.062537, 0.0096265][0.33997, -0.10121, 0.93497][0.24667, 0.12345, 0][-0.135737, -0.049092, -0.0124965][0.33997, -0.10121, 0.93498][0.23430, 0.10916, 0][-0.134524, -0.027703, -0.0155275][0.33996, -0.10121, 0.93498][0.23247, 0.08868, 0][-0.125081, -0.018494, 0.0077025][0.33997, -0.10120, 0.93498][0.24530, 0.08158, 0][-0.135888, 0.0159, -0.0322585][0.33997, -0.10122, 0.93497][0.22288, 0.04619, 0][-0.126444, 0.025109, -0.0090275][0.33997, -0.10122, 0.93497][0.23571, 0.03909, 0][-0.125081, -0.018494, 0.0077025][0.33997, -0.10120, 0.93498][0.24530, 0.08158, 0][-0.134524, -0.027703, -0.0155275][0.33996, -0.10121, 0.93498][0.23247, 0.08868, 0][-0.135888, 0.0159, -0.0322585][0.33997, -0.10122, 0.93497][0.22288, 0.04619, 0][-0.146382, -0.156174, -0.0098925][0.33999, -0.10121, 0.93497][0.23648, 0.21082, 0][-0.14106, -0.102633, -0.0111945][0.33997, -0.10122, 0.93497][0.23539, 0.15999, 0][-0.134471, -0.116079, 0.0109285][0.33998, -0.10121, 0.93497][0.24776, 0.17428, 0][-0.146382, -0.156174, -0.0098925][0.33999, -0.10121, 0.93497][0.23648, 0.21082, 0][-0.152971, -0.142728, -0.0320155][0.33997, -0.10121, 0.93497][0.22411, 0.19653, 0][-0.14106, -0.102633, -0.0111945][0.33997, -0.10122, 0.93497][0.23539, 0.15999, 0][-0.152971, -0.142728, -0.0320155][0.33997, -0.10121, 0.93497][0.22411, 0.19653, 0][-0.147649, -0.089187, -0.0333185][0.33997, -0.10122, 0.93497][0.22302, 0.14570, 0][-0.14106, -0.102633, -0.0111945][0.33997, -0.10122, 0.93497][0.23539, 0.15999, 0][-0.152971, -0.142728, -0.0320155][0.33997, -0.10121, 0.93497][0.22411, 0.19653, 0][-0.15956, -0.129282, -0.0541395][0.33997, -0.10121, 0.93498][0.21174, 0.18224, 0][-0.147649, -0.089187, -0.0333185][0.33997, -0.10122, 0.93497][0.22302, 0.14570, 0][-0.14106, -0.102633, -0.0111945][0.33997, -0.10122, 0.93497][0.23539, 0.15999, 0][-0.135737, -0.049092, -0.0124965][0.33997, -0.10121, 0.93498][0.23430, 0.10916, 0][-0.129147, -0.062537, 0.0096265][0.33997, -0.10121, 0.93497][0.24667, 0.12345, 0][-0.14106, -0.102633, -0.0111945][0.33997, -0.10122, 0.93497][0.23539, 0.15999, 0][-0.147649, -0.089187, -0.0333185][0.33997, -0.10122, 0.93497][0.22302, 0.14570, 0][-0.135737, -0.049092, -0.0124965][0.33997, -0.10121, 0.93498][0.23430, 0.10916, 0][-0.133204, -0.183066, 0.0343545][0.33996, -0.10124, 0.93498][0.26123, 0.23940, 0][-0.127881, -0.129524, 0.0330525][0.33998, -0.10122, 0.93497][0.26013, 0.18857, 0][-0.121293, -0.14297, 0.0551755][0.33995, -0.10123, 0.93498][0.27250, 0.20286, 0][-0.133204, -0.183066, 0.0343545][0.33996, -0.10124, 0.93498][0.26123, 0.23940, 0][-0.139793, -0.16962, 0.0122315][0.33998, -0.10122, 0.93497][0.24885, 0.22511, 0][-0.127881, -0.129524, 0.0330525][0.33998, -0.10122, 0.93497][0.26013, 0.18857, 0][-0.139793, -0.16962, 0.0122315][0.33998, -0.10122, 0.93497][0.24885, 0.22511, 0][-0.134471, -0.116079, 0.0109285][0.33998, -0.10121, 0.93497][0.24776, 0.17428, 0][-0.127881, -0.129524, 0.0330525][0.33998, -0.10122, 0.93497][0.26013, 0.18857, 0][-0.139793, -0.16962, 0.0122315][0.33998, -0.10122, 0.93497][0.24885, 0.22511, 0][-0.146382, -0.156174, -0.0098925][0.33999, -0.10121, 0.93497][0.23648, 0.21082, 0][-0.134471, -0.116079, 0.0109285][0.33998, -0.10121, 0.93497][0.24776, 0.17428, 0][-0.127881, -0.129524, 0.0330525][0.33998, -0.10122, 0.93497][0.26013, 0.18857, 0][-0.12256, -0.075983, 0.0317495][0.33998, -0.10121, 0.93497][0.25904, 0.13774, 0][-0.11597, -0.089429, 0.0538735][0.33998, -0.10120, 0.93497][0.27141, 0.15203, 0][-0.127881, -0.129524, 0.0330525][0.33998, -0.10122, 0.93497][0.26013, 0.18857, 0][-0.134471, -0.116079, 0.0109285][0.33998, -0.10121, 0.93497][0.24776, 0.17428, 0][-0.12256, -0.075983, 0.0317495][0.33998, -0.10121, 0.93497][0.25904, 0.13774, 0][-0.159255, -0.097476, 0.0941315][-0.91040, -0.28468, 0.30022][0.32599, 0.16235, 0][-0.121686, 0.011831, 0.0864625][-0.92374, 0.15056, 0.35218][0.30488, 0.05829, 0][-0.146621, 0.01453, 0.0955295][-0.92374, 0.15056, 0.35219][0.32599, 0.05630, 0][-0.159255, -0.097476, 0.0941315][-0.91040, -0.28468, 0.30022][0.32599, 0.16235, 0][-0.134318, -0.100176, 0.0850645][-0.91040, -0.28468, 0.30022][0.30488, 0.16434, 0][-0.121686, 0.011831, 0.0864625][-0.92374, 0.15056, 0.35218][0.30488, 0.05829, 0][-0.134318, -0.100176, 0.0850645][-0.91040, -0.28468, 0.30022][0.30488, 0.16434, 0][-0.0967485, 0.00913101, 0.0773945][-0.92374, 0.15055, 0.35218][0.28378, 0.06028, 0][-0.121686, 0.011831, 0.0864625][-0.92374, 0.15056, 0.35218][0.30488, 0.05829, 0][-0.134318, -0.100176, 0.0850645][-0.91040, -0.28468, 0.30022][0.30488, 0.16434, 0][-0.109381, -0.102875, 0.0759965][-0.91039, -0.28469, 0.30024][0.28378, 0.16633, 0][-0.0967485, 0.00913101, 0.0773945][-0.92374, 0.15055, 0.35218][0.28378, 0.06028, 0][-0.121686, 0.011831, 0.0864625][-0.92374, 0.15056, 0.35218][0.30488, 0.05829, 0][-0.0981115, 0.052735, 0.0606655][-0.86962, 0.34469, 0.35350][0.27419, 0.01779, 0][-0.123049, 0.055434, 0.0697325][-0.86961, 0.34470, 0.35350][0.29530, 0.01580, 0][-0.121686, 0.011831, 0.0864625][-0.92374, 0.15056, 0.35218][0.30488, 0.05829, 0][-0.0967485, 0.00913101, 0.0773945][-0.92374, 0.15055, 0.35218][0.28378, 0.06028, 0][-0.0981115, 0.052735, 0.0606655][-0.86962, 0.34469, 0.35350][0.27419, 0.01779, 0][-0.183077, -0.177667, 0.0524895][-0.82815, -0.50332, 0.24664][0.96527, 0.81840, 0][-0.146229, -0.140271, 0.0642435][-0.82815, -0.50332, 0.24665][0.92388, 0.84033, 0][-0.171166, -0.137572, 0.0733105][-0.82815, -0.50332, 0.24664][0.92388, 0.81500, 0][-0.183077, -0.177667, 0.0524895][-0.82815, -0.50332, 0.24664][0.96527, 0.81840, 0][-0.15814, -0.180366, 0.0434225][-0.82815, -0.50332, 0.24666][0.96527, 0.84373, 0][-0.146229, -0.140271, 0.0642435][-0.82815, -0.50332, 0.24665][0.92388, 0.84033, 0][-0.15814, -0.180366, 0.0434225][-0.82815, -0.50332, 0.24666][0.96527, 0.84373, 0][-0.121293, -0.14297, 0.0551755][-0.82814, -0.50333, 0.24668][0.92388, 0.86565, 0][-0.146229, -0.140271, 0.0642435][-0.82815, -0.50332, 0.24665][0.92388, 0.84033, 0][-0.15814, -0.180366, 0.0434225][-0.82815, -0.50332, 0.24666][0.96527, 0.84373, 0][-0.133204, -0.183066, 0.0343545][-0.82814, -0.50333, 0.24668][0.96527, 0.86905, 0][-0.121293, -0.14297, 0.0551755][-0.82814, -0.50333, 0.24668][0.92388, 0.86565, 0][-0.146229, -0.140271, 0.0642435][-0.82815, -0.50332, 0.24665][0.92388, 0.84033, 0][-0.109381, -0.102875, 0.0759965][-0.91039, -0.28469, 0.30024][0.88249, 0.86226, 0][-0.134318, -0.100176, 0.0850645][-0.91040, -0.28468, 0.30022][0.88249, 0.83693, 0][-0.146229, -0.140271, 0.0642435][-0.82815, -0.50332, 0.24665][0.92388, 0.84033, 0][-0.121293, -0.14297, 0.0551755][-0.82814, -0.50333, 0.24668][0.92388, 0.86565, 0][-0.109381, -0.102875, 0.0759965][-0.91039, -0.28469, 0.30024][0.88249, 0.86226, 0][-0.232951, -0.172268, 0.0706245][-0.82816, -0.50331, 0.24664][0.96527, 0.76774, 0][-0.196103, -0.134872, 0.0823785][-0.82815, -0.50332, 0.24665][0.92388, 0.78967, 0][-0.22104, -0.132173, 0.0914455][-0.82816, -0.50332, 0.24664][0.92388, 0.76435, 0][-0.232951, -0.172268, 0.0706245][-0.82816, -0.50331, 0.24664][0.96527, 0.76774, 0][-0.208014, -0.174968, 0.0615575][-0.82815, -0.50332, 0.24664][0.96527, 0.79307, 0][-0.196103, -0.134872, 0.0823785][-0.82815, -0.50332, 0.24665][0.92388, 0.78967, 0][-0.208014, -0.174968, 0.0615575][-0.82815, -0.50332, 0.24664][0.96527, 0.79307, 0][-0.171166, -0.137572, 0.0733105][-0.82815, -0.50332, 0.24664][0.92388, 0.81500, 0][-0.196103, -0.134872, 0.0823785][-0.82815, -0.50332, 0.24665][0.92388, 0.78967, 0][-0.208014, -0.174968, 0.0615575][-0.82815, -0.50332, 0.24664][0.96527, 0.79307, 0][-0.183077, -0.177667, 0.0524895][-0.82815, -0.50332, 0.24664][0.96527, 0.81840, 0][-0.171166, -0.137572, 0.0733105][-0.82815, -0.50332, 0.24664][0.92388, 0.81500, 0][-0.196103, -0.134872, 0.0823785][-0.82815, -0.50332, 0.24665][0.92388, 0.78967, 0][-0.159255, -0.097476, 0.0941315][-0.91040, -0.28468, 0.30022][0.88249, 0.81160, 0][-0.184192, -0.094777, 0.1032][-0.91040, -0.28468, 0.30022][0.88249, 0.78628, 0][-0.196103, -0.134872, 0.0823785][-0.82815, -0.50332, 0.24665][0.92388, 0.78967, 0][-0.171166, -0.137572, 0.0733105][-0.82815, -0.50332, 0.24664][0.92388, 0.81500, 0][-0.159255, -0.097476, 0.0941315][-0.91040, -0.28468, 0.30022][0.88249, 0.81160, 0][-0.196255, -0.150775, 0.00824251][0.44563, -0.85815, -0.25493][0.89810, 0.32518, 0][-0.227781, -0.13463, -0.00481349][0.44564, -0.85815, -0.25492][0.91985, 0.35094, 0][-0.202844, -0.137329, -0.0138805][0.44563, -0.85815, -0.25494][0.89810, 0.34801, 0][-0.196255, -0.150775, 0.00824251][0.44563, -0.85815, -0.25493][0.89810, 0.32518, 0][-0.221192, -0.148076, 0.0173105][0.44563, -0.85816, -0.25492][0.91985, 0.32811, 0][-0.227781, -0.13463, -0.00481349][0.44564, -0.85815, -0.25492][0.91985, 0.35094, 0][-0.221192, -0.148076, 0.0173105][0.44563, -0.85816, -0.25492][0.91985, 0.32811, 0][-0.252718, -0.131931, 0.00425451][0.44564, -0.85815, -0.25492][0.94161, 0.35387, 0][-0.227781, -0.13463, -0.00481349][0.44564, -0.85815, -0.25492][0.91985, 0.35094, 0][-0.221192, -0.148076, 0.0173105][0.44563, -0.85816, -0.25492][0.91985, 0.32811, 0][-0.246129, -0.145377, 0.0263775][0.44562, -0.85816, -0.25492][0.94161, 0.33103, 0][-0.252718, -0.131931, 0.00425451][0.44564, -0.85815, -0.25492][0.94161, 0.35387, 0][-0.227781, -0.13463, -0.00481349][0.44564, -0.85815, -0.25492][0.91985, 0.35094, 0][-0.259307, -0.118485, -0.0178695][0.44563, -0.85816, -0.25491][0.94161, 0.37670, 0][-0.23437, -0.121184, -0.0269365][0.44564, -0.85815, -0.25492][0.91985, 0.37378, 0][-0.227781, -0.13463, -0.00481349][0.44564, -0.85815, -0.25492][0.91985, 0.35094, 0][-0.252718, -0.131931, 0.00425451][0.44564, -0.85815, -0.25492][0.94161, 0.35387, 0][-0.259307, -0.118485, -0.0178695][0.44563, -0.85816, -0.25491][0.94161, 0.37670, 0][-0.183077, -0.177667, 0.0524895][0.44564, -0.85815, -0.25492][0.89810, 0.27951, 0][-0.214603, -0.161522, 0.0394335][0.44563, -0.85815, -0.25493][0.91985, 0.30527, 0][-0.189666, -0.164221, 0.0303665][0.44564, -0.85815, -0.25492][0.89810, 0.30235, 0][-0.183077, -0.177667, 0.0524895][0.44564, -0.85815, -0.25492][0.89810, 0.27951, 0][-0.208014, -0.174968, 0.0615575][0.44563, -0.85815, -0.25494][0.91985, 0.28244, 0][-0.214603, -0.161522, 0.0394335][0.44563, -0.85815, -0.25493][0.91985, 0.30527, 0][-0.208014, -0.174968, 0.0615575][0.44563, -0.85815, -0.25494][0.91985, 0.28244, 0][-0.23954, -0.158822, 0.0485015][0.44562, -0.85816, -0.25493][0.94161, 0.30820, 0][-0.214603, -0.161522, 0.0394335][0.44563, -0.85815, -0.25493][0.91985, 0.30527, 0][-0.208014, -0.174968, 0.0615575][0.44563, -0.85815, -0.25494][0.91985, 0.28244, 0][-0.232951, -0.172268, 0.0706245][0.44563, -0.85814, -0.25496][0.94161, 0.28537, 0][-0.23954, -0.158822, 0.0485015][0.44562, -0.85816, -0.25493][0.94161, 0.30820, 0][-0.214603, -0.161522, 0.0394335][0.44563, -0.85815, -0.25493][0.91985, 0.30527, 0][-0.246129, -0.145377, 0.0263775][0.44562, -0.85816, -0.25492][0.94161, 0.33103, 0][-0.221192, -0.148076, 0.0173105][0.44563, -0.85816, -0.25492][0.91985, 0.32811, 0][-0.214603, -0.161522, 0.0394335][0.44563, -0.85815, -0.25493][0.91985, 0.30527, 0][-0.23954, -0.158822, 0.0485015][0.44562, -0.85816, -0.25493][0.94161, 0.30820, 0][-0.246129, -0.145377, 0.0263775][0.44562, -0.85816, -0.25492][0.94161, 0.33103, 0][-0.133204, -0.183066, 0.0343545][0.44562, -0.85815, -0.25495][0.85458, 0.27366, 0][-0.164729, -0.16692, 0.0212985][0.44563, -0.85815, -0.25494][0.87634, 0.29942, 0][-0.139793, -0.16962, 0.0122315][0.44562, -0.85815, -0.25496][0.85458, 0.29649, 0][-0.133204, -0.183066, 0.0343545][0.44562, -0.85815, -0.25495][0.85458, 0.27366, 0][-0.15814, -0.180366, 0.0434225][0.44563, -0.85815, -0.25494][0.87634, 0.27659, 0][-0.164729, -0.16692, 0.0212985][0.44563, -0.85815, -0.25494][0.87634, 0.29942, 0][-0.15814, -0.180366, 0.0434225][0.44563, -0.85815, -0.25494][0.87634, 0.27659, 0][-0.189666, -0.164221, 0.0303665][0.44564, -0.85815, -0.25492][0.89810, 0.30235, 0][-0.164729, -0.16692, 0.0212985][0.44563, -0.85815, -0.25494][0.87634, 0.29942, 0][-0.15814, -0.180366, 0.0434225][0.44563, -0.85815, -0.25494][0.87634, 0.27659, 0][-0.183077, -0.177667, 0.0524895][0.44564, -0.85815, -0.25492][0.89810, 0.27951, 0][-0.189666, -0.164221, 0.0303665][0.44564, -0.85815, -0.25492][0.89810, 0.30235, 0][-0.164729, -0.16692, 0.0212985][0.44563, -0.85815, -0.25494][0.87634, 0.29942, 0][-0.196255, -0.150775, 0.00824251][0.44563, -0.85815, -0.25493][0.89810, 0.32518, 0][-0.171318, -0.153474, -0.0008245][0.44563, -0.85815, -0.25494][0.87634, 0.32225, 0][-0.164729, -0.16692, 0.0212985][0.44563, -0.85815, -0.25494][0.87634, 0.29942, 0][-0.189666, -0.164221, 0.0303665][0.44564, -0.85815, -0.25492][0.89810, 0.30235, 0][-0.196255, -0.150775, 0.00824251][0.44563, -0.85815, -0.25493][0.89810, 0.32518, 0][-0.185611, -0.043693, 0.00563851][0.92655, 0.20627, -0.31458][0.75531, 0.74658, 0][-0.209335, -0.019605, 0.0116745][0.90635, -0.22998, -0.35446][0.73664, 0.76671, 0][-0.184398, -0.022304, 0.00260651][0.90634, -0.22999, -0.35446][0.73664, 0.74694, 0][-0.185611, -0.043693, 0.00563851][0.92655, 0.20627, -0.31458][0.75531, 0.74658, 0][-0.210548, -0.040994, 0.0147055][0.92655, 0.20628, -0.31457][0.75531, 0.76635, 0][-0.209335, -0.019605, 0.0116745][0.90635, -0.22998, -0.35446][0.73664, 0.76671, 0][-0.210548, -0.040994, 0.0147055][0.92655, 0.20628, -0.31457][0.75531, 0.76635, 0][-0.234272, -0.016906, 0.0207415][0.90635, -0.22998, -0.35445][0.73664, 0.78648, 0][-0.209335, -0.019605, 0.0116745][0.90635, -0.22998, -0.35446][0.73664, 0.76671, 0][-0.210548, -0.040994, 0.0147055][0.92655, 0.20628, -0.31457][0.75531, 0.76635, 0][-0.235485, -0.038294, 0.0237725][0.92656, 0.20628, -0.31456][0.75531, 0.78612, 0][-0.234272, -0.016906, 0.0207415][0.90635, -0.22998, -0.35445][0.73664, 0.78648, 0][-0.209335, -0.019605, 0.0116745][0.90635, -0.22998, -0.35446][0.32260, 0.72394, 0][-0.235635, 0.026698, 0.00401151][0.86960, -0.34471, -0.35351][0.36313, 0.70703, 0][-0.210698, 0.023998, -0.00505549][0.86960, -0.34471, -0.35352][0.36313, 0.72981, 0][-0.209335, -0.019605, 0.0116745][0.90635, -0.22998, -0.35446][0.32260, 0.72394, 0][-0.234272, -0.016906, 0.0207415][0.90635, -0.22998, -0.35445][0.32260, 0.70116, 0][-0.235635, 0.026698, 0.00401151][0.86960, -0.34471, -0.35351][0.36313, 0.70703, 0][-0.209433, -0.123883, -0.0360045][0.82815, 0.50332, -0.24665][0.11397, 0.91068, 0][-0.222459, -0.081089, -0.00611549][0.82815, 0.50333, -0.24664][0.15760, 0.88460, 0][-0.197522, -0.083788, -0.0151835][0.82815, 0.50332, -0.24665][0.15760, 0.90942, 0][-0.209433, -0.123883, -0.0360045][0.82815, 0.50332, -0.24665][0.11397, 0.91068, 0][-0.23437, -0.121184, -0.0269365][0.82815, 0.50332, -0.24665][0.11397, 0.88586, 0][-0.222459, -0.081089, -0.00611549][0.82815, 0.50333, -0.24664][0.15760, 0.88460, 0][-0.23437, -0.121184, -0.0269365][0.82815, 0.50332, -0.24665][0.11397, 0.88586, 0][-0.247396, -0.07839, 0.00295151][0.82816, 0.50332, -0.24663][0.15760, 0.85978, 0][-0.222459, -0.081089, -0.00611549][0.82815, 0.50333, -0.24664][0.15760, 0.88460, 0][-0.23437, -0.121184, -0.0269365][0.82815, 0.50332, -0.24665][0.11397, 0.88586, 0][-0.259307, -0.118485, -0.0178695][0.82815, 0.50332, -0.24664][0.11398, 0.86104, 0][-0.247396, -0.07839, 0.00295151][0.82816, 0.50332, -0.24663][0.15760, 0.85978, 0][-0.222459, -0.081089, -0.00611549][0.82815, 0.50333, -0.24664][0.15760, 0.88460, 0][-0.235485, -0.038294, 0.0237725][0.92656, 0.20628, -0.31456][0.20123, 0.85852, 0][-0.210548, -0.040994, 0.0147055][0.92655, 0.20628, -0.31457][0.20123, 0.88334, 0][-0.222459, -0.081089, -0.00611549][0.82815, 0.50333, -0.24664][0.15760, 0.88460, 0][-0.247396, -0.07839, 0.00295151][0.82816, 0.50332, -0.24663][0.15760, 0.85978, 0][-0.235485, -0.038294, 0.0237725][0.92656, 0.20628, -0.31456][0.20123, 0.85852, 0][-0.15956, -0.129282, -0.0541395][0.82815, 0.50332, -0.24666][0.11397, 0.96031, 0][-0.172585, -0.086487, -0.0242505][0.82815, 0.50332, -0.24664][0.15760, 0.93423, 0][-0.147649, -0.089187, -0.0333185][0.82815, 0.50333, -0.24664][0.15760, 0.95905, 0][-0.15956, -0.129282, -0.0541395][0.82815, 0.50332, -0.24666][0.11397, 0.96031, 0][-0.184496, -0.126583, -0.0450715][0.82815, 0.50332, -0.24665][0.11397, 0.93550, 0][-0.172585, -0.086487, -0.0242505][0.82815, 0.50332, -0.24664][0.15760, 0.93423, 0][-0.184496, -0.126583, -0.0450715][0.82815, 0.50332, -0.24665][0.11397, 0.93550, 0][-0.197522, -0.083788, -0.0151835][0.82815, 0.50332, -0.24665][0.15760, 0.90942, 0][-0.172585, -0.086487, -0.0242505][0.82815, 0.50332, -0.24664][0.15760, 0.93423, 0][-0.184496, -0.126583, -0.0450715][0.82815, 0.50332, -0.24665][0.11397, 0.93550, 0][-0.209433, -0.123883, -0.0360045][0.82815, 0.50332, -0.24665][0.11397, 0.91068, 0][-0.197522, -0.083788, -0.0151835][0.82815, 0.50332, -0.24665][0.15760, 0.90942, 0][-0.172585, -0.086487, -0.0242505][0.82815, 0.50332, -0.24664][0.15760, 0.93423, 0][-0.185611, -0.043693, 0.00563851][0.92655, 0.20627, -0.31458][0.20123, 0.90816, 0][-0.160674, -0.046392, -0.0034295][0.92655, 0.20627, -0.31457][0.20123, 0.93297, 0][-0.172585, -0.086487, -0.0242505][0.82815, 0.50332, -0.24664][0.15760, 0.93423, 0][-0.197522, -0.083788, -0.0151835][0.82815, 0.50332, -0.24665][0.15760, 0.90942, 0][-0.185611, -0.043693, 0.00563851][0.92655, 0.20627, -0.31458][0.20123, 0.90816, 0][-0.222307, -0.065186, 0.0680195][-0.33997, 0.10121, -0.93497][0.42911, 0.39775, 0][-0.20594, 0.01072, 0.0904345][-0.33997, 0.10121, -0.93497][0.41890, 0.32591, 0][-0.215384, 0.00151098, 0.0672035][-0.33997, 0.10121, -0.93497][0.43923, 0.33809, 0][-0.222307, -0.065186, 0.0680195][-0.33997, 0.10121, -0.93497][0.42911, 0.39775, 0][-0.215718, -0.078632, 0.0901435][-0.33997, 0.10121, -0.93497][0.40664, 0.40607, 0][-0.20594, 0.01072, 0.0904345][-0.33997, 0.10121, -0.93497][0.41890, 0.32591, 0][-0.215718, -0.078632, 0.0901435][-0.33997, 0.10121, -0.93497][0.40664, 0.40607, 0][-0.196496, 0.019929, 0.113665][-0.33997, 0.10120, -0.93498][0.39858, 0.31374, 0][-0.20594, 0.01072, 0.0904345][-0.33997, 0.10121, -0.93497][0.41890, 0.32591, 0][-0.215718, -0.078632, 0.0901435][-0.33997, 0.10121, -0.93497][0.40664, 0.40607, 0][-0.209129, -0.092078, 0.112267][-0.33998, 0.10121, -0.93497][0.38417, 0.41439, 0][-0.196496, 0.019929, 0.113665][-0.33997, 0.10120, -0.93498][0.39858, 0.31374, 0][-0.20594, 0.01072, 0.0904345][-0.33997, 0.10121, -0.93497][0.41890, 0.32591, 0][-0.19786, 0.063532, 0.0969345][-0.33996, 0.10119, -0.93498][0.42026, 0.27747, 0][-0.207303, 0.054323, 0.0737045][-0.33996, 0.10120, -0.93498][0.44058, 0.28964, 0][-0.20594, 0.01072, 0.0904345][-0.33997, 0.10121, -0.93497][0.41890, 0.32591, 0][-0.196496, 0.019929, 0.113665][-0.33997, 0.10120, -0.93498][0.39858, 0.31374, 0][-0.19786, 0.063532, 0.0969345][-0.33996, 0.10119, -0.93498][0.42026, 0.27747, 0][-0.246129, -0.145377, 0.0263775][-0.33997, 0.10121, -0.93497][0.45661, 0.47668, 0][-0.227629, -0.118727, 0.0693225][-0.33997, 0.10121, -0.93497][0.42039, 0.44554, 0][-0.234218, -0.105281, 0.0471985][-0.33997, 0.10121, -0.93497][0.44286, 0.43722, 0][-0.246129, -0.145377, 0.0263775][-0.33997, 0.10121, -0.93497][0.45661, 0.47668, 0][-0.23954, -0.158822, 0.0485015][-0.33997, 0.10121, -0.93497][0.43414, 0.48500, 0][-0.227629, -0.118727, 0.0693225][-0.33997, 0.10121, -0.93497][0.42039, 0.44554, 0][-0.23954, -0.158822, 0.0485015][-0.33997, 0.10121, -0.93497][0.43414, 0.48500, 0][-0.22104, -0.132173, 0.0914455][-0.33998, 0.10120, -0.93497][0.39792, 0.45386, 0][-0.227629, -0.118727, 0.0693225][-0.33997, 0.10121, -0.93497][0.42039, 0.44554, 0][-0.23954, -0.158822, 0.0485015][-0.33997, 0.10121, -0.93497][0.43414, 0.48500, 0][-0.232951, -0.172268, 0.0706245][-0.33998, 0.10120, -0.93497][0.41167, 0.49332, 0][-0.22104, -0.132173, 0.0914455][-0.33998, 0.10120, -0.93497][0.39792, 0.45386, 0][-0.227629, -0.118727, 0.0693225][-0.33997, 0.10121, -0.93497][0.42039, 0.44554, 0][-0.209129, -0.092078, 0.112267][-0.33998, 0.10121, -0.93497][0.38417, 0.41439, 0][-0.215718, -0.078632, 0.0901435][-0.33997, 0.10121, -0.93497][0.40664, 0.40607, 0][-0.227629, -0.118727, 0.0693225][-0.33997, 0.10121, -0.93497][0.42039, 0.44554, 0][-0.22104, -0.132173, 0.0914455][-0.33998, 0.10120, -0.93497][0.39792, 0.45386, 0][-0.209129, -0.092078, 0.112267][-0.33998, 0.10121, -0.93497][0.38417, 0.41439, 0][-0.259307, -0.118485, -0.0178695][-0.33996, 0.10121, -0.93498][0.50155, 0.46004, 0][-0.240807, -0.091835, 0.0250755][-0.33997, 0.10121, -0.93497][0.46533, 0.42890, 0][-0.247396, -0.07839, 0.00295151][-0.33996, 0.10121, -0.93498][0.48780, 0.42058, 0][-0.259307, -0.118485, -0.0178695][-0.33996, 0.10121, -0.93498][0.50155, 0.46004, 0][-0.252718, -0.131931, 0.00425451][-0.33997, 0.10121, -0.93497][0.47908, 0.46836, 0][-0.240807, -0.091835, 0.0250755][-0.33997, 0.10121, -0.93497][0.46533, 0.42890, 0][-0.252718, -0.131931, 0.00425451][-0.33997, 0.10121, -0.93497][0.47908, 0.46836, 0][-0.234218, -0.105281, 0.0471985][-0.33997, 0.10121, -0.93497][0.44286, 0.43722, 0][-0.240807, -0.091835, 0.0250755][-0.33997, 0.10121, -0.93497][0.46533, 0.42890, 0][-0.252718, -0.131931, 0.00425451][-0.33997, 0.10121, -0.93497][0.47908, 0.46836, 0][-0.246129, -0.145377, 0.0263775][-0.33997, 0.10121, -0.93497][0.45661, 0.47668, 0][-0.234218, -0.105281, 0.0471985][-0.33997, 0.10121, -0.93497][0.44286, 0.43722, 0][-0.240807, -0.091835, 0.0250755][-0.33997, 0.10121, -0.93497][0.46533, 0.42890, 0][-0.222307, -0.065186, 0.0680195][-0.33997, 0.10121, -0.93497][0.42911, 0.39775, 0][-0.228896, -0.05174, 0.0458965][-0.33997, 0.10121, -0.93497][0.45158, 0.38943, 0][-0.240807, -0.091835, 0.0250755][-0.33997, 0.10121, -0.93497][0.46533, 0.42890, 0][-0.234218, -0.105281, 0.0471985][-0.33997, 0.10121, -0.93497][0.44286, 0.43722, 0][-0.222307, -0.065186, 0.0680195][-0.33997, 0.10121, -0.93497][0.42911, 0.39775, 0][-0.235485, -0.038294, 0.0237725][-0.33997, 0.10121, -0.93497][0.47405, 0.38111, 0][-0.224828, -0.00769699, 0.0439725][-0.33997, 0.10121, -0.93497][0.45955, 0.35027, 0][-0.234272, -0.016906, 0.0207415][-0.33997, 0.10121, -0.93497][0.47987, 0.36245, 0][-0.235485, -0.038294, 0.0237725][-0.33997, 0.10121, -0.93497][0.47405, 0.38111, 0][-0.228896, -0.05174, 0.0458965][-0.33997, 0.10121, -0.93497][0.45158, 0.38943, 0][-0.224828, -0.00769699, 0.0439725][-0.33997, 0.10121, -0.93497][0.45955, 0.35027, 0][-0.228896, -0.05174, 0.0458965][-0.33997, 0.10121, -0.93497][0.45158, 0.38943, 0][-0.215384, 0.00151098, 0.0672035][-0.33997, 0.10121, -0.93497][0.43923, 0.33809, 0][-0.224828, -0.00769699, 0.0439725][-0.33997, 0.10121, -0.93497][0.45955, 0.35027, 0][-0.228896, -0.05174, 0.0458965][-0.33997, 0.10121, -0.93497][0.45158, 0.38943, 0][-0.222307, -0.065186, 0.0680195][-0.33997, 0.10121, -0.93497][0.42911, 0.39775, 0][-0.215384, 0.00151098, 0.0672035][-0.33997, 0.10121, -0.93497][0.43923, 0.33809, 0][-0.224828, -0.00769699, 0.0439725][-0.33997, 0.10121, -0.93497][0.45955, 0.35027, 0][-0.216747, 0.045115, 0.0504735][-0.33997, 0.10122, -0.93497][0.46091, 0.30182, 0][-0.226191, 0.035906, 0.0272425][-0.33997, 0.10121, -0.93497][0.48123, 0.31400, 0][-0.224828, -0.00769699, 0.0439725][-0.33997, 0.10121, -0.93497][0.45955, 0.35027, 0][-0.215384, 0.00151098, 0.0672035][-0.33997, 0.10121, -0.93497][0.43923, 0.33809, 0][-0.216747, 0.045115, 0.0504735][-0.33997, 0.10122, -0.93497][0.46091, 0.30182, 0][-0.135737, -0.049092, -0.0124965][0.92655, 0.20629, -0.31455][0.75531, 0.70704, 0][-0.159461, -0.025004, -0.0064605][0.90635, -0.23000, -0.35445][0.73664, 0.72716, 0][-0.134524, -0.027703, -0.0155275][0.90634, -0.22999, -0.35446][0.73664, 0.70740, 0][-0.135737, -0.049092, -0.0124965][0.92655, 0.20629, -0.31455][0.75531, 0.70704, 0][-0.160674, -0.046392, -0.0034295][0.92655, 0.20627, -0.31457][0.75531, 0.72681, 0][-0.159461, -0.025004, -0.0064605][0.90635, -0.23000, -0.35445][0.73664, 0.72716, 0][-0.160674, -0.046392, -0.0034295][0.92655, 0.20627, -0.31457][0.75531, 0.72681, 0][-0.184398, -0.022304, 0.00260651][0.90634, -0.22999, -0.35446][0.73664, 0.74694, 0][-0.159461, -0.025004, -0.0064605][0.90635, -0.23000, -0.35445][0.73664, 0.72716, 0][-0.160674, -0.046392, -0.0034295][0.92655, 0.20627, -0.31457][0.75531, 0.72681, 0][-0.185611, -0.043693, 0.00563851][0.92655, 0.20627, -0.31458][0.75531, 0.74658, 0][-0.184398, -0.022304, 0.00260651][0.90634, -0.22999, -0.35446][0.73664, 0.74694, 0][-0.159461, -0.025004, -0.0064605][0.90635, -0.23000, -0.35445][0.32260, 0.76950, 0][-0.185762, 0.021299, -0.0141235][0.86960, -0.34471, -0.35352][0.36313, 0.75259, 0][-0.160825, 0.0186, -0.0231905][0.86959, -0.34472, -0.35352][0.36313, 0.77537, 0][-0.159461, -0.025004, -0.0064605][0.90635, -0.23000, -0.35445][0.32260, 0.76950, 0][-0.184398, -0.022304, 0.00260651][0.90634, -0.22999, -0.35446][0.32260, 0.74672, 0][-0.185762, 0.021299, -0.0141235][0.86960, -0.34471, -0.35352][0.36313, 0.75259, 0][-0.146382, -0.156174, -0.0098925][0.44563, -0.85814, -0.25495][0.85458, 0.31933, 0][-0.177907, -0.140029, -0.0229485][0.44563, -0.85815, -0.25494][0.87634, 0.34509, 0][-0.152971, -0.142728, -0.0320155][0.44564, -0.85815, -0.25493][0.85458, 0.34216, 0][-0.146382, -0.156174, -0.0098925][0.44563, -0.85814, -0.25495][0.85458, 0.31933, 0][-0.171318, -0.153474, -0.0008245][0.44563, -0.85815, -0.25494][0.87634, 0.32225, 0][-0.177907, -0.140029, -0.0229485][0.44563, -0.85815, -0.25494][0.87634, 0.34509, 0][-0.171318, -0.153474, -0.0008245][0.44563, -0.85815, -0.25494][0.87634, 0.32225, 0][-0.202844, -0.137329, -0.0138805][0.44563, -0.85815, -0.25494][0.89810, 0.34801, 0][-0.177907, -0.140029, -0.0229485][0.44563, -0.85815, -0.25494][0.87634, 0.34509, 0][-0.171318, -0.153474, -0.0008245][0.44563, -0.85815, -0.25494][0.87634, 0.32225, 0][-0.196255, -0.150775, 0.00824251][0.44563, -0.85815, -0.25493][0.89810, 0.32518, 0][-0.202844, -0.137329, -0.0138805][0.44563, -0.85815, -0.25494][0.89810, 0.34801, 0][-0.177907, -0.140029, -0.0229485][0.44563, -0.85815, -0.25494][0.87634, 0.34509, 0][-0.209433, -0.123883, -0.0360045][0.44563, -0.85815, -0.25494][0.89810, 0.37085, 0][-0.184496, -0.126583, -0.0450715][0.44563, -0.85815, -0.25494][0.87634, 0.36792, 0][-0.177907, -0.140029, -0.0229485][0.44563, -0.85815, -0.25494][0.87634, 0.34509, 0][-0.202844, -0.137329, -0.0138805][0.44563, -0.85815, -0.25494][0.89810, 0.34801, 0][-0.209433, -0.123883, -0.0360045][0.44563, -0.85815, -0.25494][0.89810, 0.37085, 0][-0.209129, -0.092078, 0.112267][-0.91040, -0.28468, 0.30021][0.36820, 0.15837, 0][-0.171558, 0.017229, 0.104598][-0.92374, 0.15057, 0.35218][0.34710, 0.05432, 0][-0.196496, 0.019929, 0.113665][-0.92375, 0.15057, 0.35217][0.36820, 0.05233, 0][-0.209129, -0.092078, 0.112267][-0.91040, -0.28468, 0.30021][0.36820, 0.15837, 0][-0.184192, -0.094777, 0.1032][-0.91040, -0.28468, 0.30022][0.34710, 0.16036, 0][-0.171558, 0.017229, 0.104598][-0.92374, 0.15057, 0.35218][0.34710, 0.05432, 0][-0.184192, -0.094777, 0.1032][-0.91040, -0.28468, 0.30022][0.34710, 0.16036, 0][-0.146621, 0.01453, 0.0955295][-0.92374, 0.15056, 0.35219][0.32599, 0.05630, 0][-0.171558, 0.017229, 0.104598][-0.92374, 0.15057, 0.35218][0.34710, 0.05432, 0][-0.184192, -0.094777, 0.1032][-0.91040, -0.28468, 0.30022][0.34710, 0.16036, 0][-0.159255, -0.097476, 0.0941315][-0.91040, -0.28468, 0.30022][0.32599, 0.16235, 0][-0.146621, 0.01453, 0.0955295][-0.92374, 0.15056, 0.35219][0.32599, 0.05630, 0][-0.171558, 0.017229, 0.104598][-0.92374, 0.15057, 0.35218][0.34710, 0.05432, 0][-0.147986, 0.058134, 0.0787995][-0.86960, 0.34471, 0.35352][0.31640, 0.01381, 0][-0.172923, 0.060833, 0.0878675][-0.86960, 0.34471, 0.35351][0.33751, 0.01182, 0][-0.171558, 0.017229, 0.104598][-0.92374, 0.15057, 0.35218][0.34710, 0.05432, 0][-0.146621, 0.01453, 0.0955295][-0.92374, 0.15056, 0.35219][0.32599, 0.05630, 0][-0.147986, 0.058134, 0.0787995][-0.86960, 0.34471, 0.35352][0.31640, 0.01381, 0][-0.109381, -0.102875, 0.0759965][0.33997, -0.10121, 0.93497][0.28378, 0.16633, 0][-0.106193, -7.70092e-005, 0.0541645][0.33998, -0.10121, 0.93497][0.27095, 0.06738, 0][-0.0967485, 0.00913101, 0.0773945][0.33998, -0.10121, 0.93497][0.28378, 0.06028, 0][-0.109381, -0.102875, 0.0759965][0.33997, -0.10121, 0.93497][0.28378, 0.16633, 0][-0.11597, -0.089429, 0.0538735][0.33998, -0.10120, 0.93497][0.27141, 0.15203, 0][-0.106193, -7.70092e-005, 0.0541645][0.33998, -0.10121, 0.93497][0.27095, 0.06738, 0][-0.11597, -0.089429, 0.0538735][0.33998, -0.10120, 0.93497][0.27141, 0.15203, 0][-0.115637, -0.00928599, 0.0309335][0.33997, -0.10121, 0.93497][0.25812, 0.07448, 0][-0.106193, -7.70092e-005, 0.0541645][0.33998, -0.10121, 0.93497][0.27095, 0.06738, 0][-0.11597, -0.089429, 0.0538735][0.33998, -0.10120, 0.93497][0.27141, 0.15203, 0][-0.12256, -0.075983, 0.0317495][0.33998, -0.10121, 0.93497][0.25904, 0.13774, 0][-0.115637, -0.00928599, 0.0309335][0.33997, -0.10121, 0.93497][0.25812, 0.07448, 0][-0.106193, -7.70092e-005, 0.0541645][0.33998, -0.10121, 0.93497][0.27095, 0.06738, 0][-0.117, 0.034318, 0.0142035][0.33997, -0.10122, 0.93497][0.24854, 0.03199, 0][-0.107556, 0.043526, 0.0374345][0.33997, -0.10122, 0.93497][0.26136, 0.02489, 0][-0.106193, -7.70092e-005, 0.0541645][0.33998, -0.10121, 0.93497][0.27095, 0.06738, 0][-0.115637, -0.00928599, 0.0309335][0.33997, -0.10121, 0.93497][0.25812, 0.07448, 0][-0.117, 0.034318, 0.0142035][0.33997, -0.10122, 0.93497][0.24854, 0.03199, 0][-0.117, 0.034318, 0.0142035][0.35808, 0.93323, -0.02917][0.89722, 0.11003, 0][-0.132493, 0.046226, 0.0465015][0.35807, 0.93324, -0.02917][0.91897, 0.08760, 0][-0.107556, 0.043526, 0.0374345][0.35808, 0.93323, -0.02917][0.91897, 0.11243, 0][-0.117, 0.034318, 0.0142035][0.35808, 0.93323, -0.02917][0.89722, 0.11003, 0][-0.141937, 0.037017, 0.0232705][0.35808, 0.93323, -0.02919][0.89722, 0.08519, 0][-0.132493, 0.046226, 0.0465015][0.35807, 0.93324, -0.02917][0.91897, 0.08760, 0][-0.141937, 0.037017, 0.0232705][0.35808, 0.93323, -0.02919][0.89722, 0.08519, 0][-0.15743, 0.048925, 0.0555695][0.35807, 0.93324, -0.02919][0.91897, 0.06276, 0][-0.132493, 0.046226, 0.0465015][0.35807, 0.93324, -0.02917][0.91897, 0.08760, 0][-0.141937, 0.037017, 0.0232705][0.35808, 0.93323, -0.02919][0.89722, 0.08519, 0][-0.166874, 0.039716, 0.0323385][0.35807, 0.93324, -0.02919][0.89722, 0.06036, 0][-0.15743, 0.048925, 0.0555695][0.35807, 0.93324, -0.02919][0.91897, 0.06276, 0][-0.132493, 0.046226, 0.0465015][0.35807, 0.93324, -0.02917][0.91897, 0.08760, 0][-0.147986, 0.058134, 0.0787995][0.35807, 0.93324, -0.02918][0.94072, 0.06517, 0][-0.123049, 0.055434, 0.0697325][0.35807, 0.93324, -0.02917][0.94072, 0.09000, 0][-0.132493, 0.046226, 0.0465015][0.35807, 0.93324, -0.02917][0.91897, 0.08760, 0][-0.15743, 0.048925, 0.0555695][0.35807, 0.93324, -0.02919][0.91897, 0.06276, 0][-0.147986, 0.058134, 0.0787995][0.35807, 0.93324, -0.02918][0.94072, 0.06517, 0][-0.0051835, -0.151607, 0.0545135][-0.28468, 0.95862, 0.00000][0.62555, 0.37307, 0][0.0481685, -0.144002, 0.0289045][-0.28468, 0.95862, 0.00000][0.65304, 0.31833, 0][-0.0051835, -0.144002, 0.0289045][-0.28468, 0.95862, 0.00000][0.65304, 0.37348, 0][-0.0051835, -0.151607, 0.0545135][-0.28468, 0.95862, 0.00000][0.62555, 0.37307, 0][0.0481685, -0.151607, 0.0545135][-0.28468, 0.95862, 0.00000][0.62555, 0.31792, 0][0.0481685, -0.144002, 0.0289045][-0.28468, 0.95862, 0.00000][0.65304, 0.31833, 0][0.0481685, -0.151607, 0.0545135][-0.28468, 0.95862, 0.00000][0.62555, 0.31792, 0][0.101522, -0.144002, 0.0289045][-0.28468, 0.95862, 0.00000][0.65304, 0.26317, 0][0.0481685, -0.144002, 0.0289045][-0.28468, 0.95862, 0.00000][0.65304, 0.31833, 0][0.0481685, -0.151607, 0.0545135][-0.28468, 0.95862, 0.00000][0.62555, 0.31792, 0][0.101522, -0.151607, 0.0545135][-0.28468, 0.95862, 0.00000][0.62555, 0.26276, 0][0.101522, -0.144002, 0.0289045][-0.28468, 0.95862, 0.00000][0.65304, 0.26317, 0][0.101522, -0.151607, 0.0545135][-0.95862, -0.28468, 0.00000][0.82622, 0.27141, 0][-0.111889, -0.017238, 0.0944175][-0.95862, -0.28468, 0.00000][0.65376, 0.37999, 0][-0.111889, -0.151607, 0.0545135][-0.95862, -0.28468, 0.00000][0.65376, 0.27141, 0][0.101522, -0.151607, 0.0545135][-0.95862, -0.28468, 0.00000][0.82622, 0.27141, 0][0.101522, -0.017238, 0.0944175][-0.95862, -0.28468, 0.00000][0.82622, 0.37999, 0][-0.111889, -0.017238, 0.0944175][-0.95862, -0.28468, 0.00000][0.65376, 0.37999, 0][0.000409506, 0.323867, 0.0394645][0.23092, 0.00000, -0.97297][0.19144, 0.42151, 0][-0.000900496, 0.256992, 0.0474025][0.16283, 0.00000, -0.98665][0.19933, 0.35188, 0][-0.000900496, 0.323867, 0.0474025][0.16283, 0.00000, -0.98665][0.19933, 0.42143, 0][-0.000900496, 0.256992, 0.0474025][0.16283, 0.00000, -0.98665][0.19933, 0.35188, 0][0.000409506, 0.323867, 0.0394645][0.23092, 0.00000, -0.97297][0.19144, 0.42151, 0][0.000409506, 0.256992, 0.0394645][0.29822, 0.00000, -0.95450][0.19144, 0.35196, 0][0.0030345, 0.323867, 0.0327425][0.46334, 0.00000, -0.88618][0.51300, 0.99281, 0][0.000409506, 0.256992, 0.0394645][0.29822, 0.00000, -0.95450][0.58241, 0.99956, 0][0.000409506, 0.323867, 0.0394645][0.23092, 0.00000, -0.97297][0.51321, 1.00000, 0][0.000409506, 0.256992, 0.0394645][0.29822, 0.00000, -0.95450][0.58241, 0.99956, 0][0.0030345, 0.323867, 0.0327425][0.46334, 0.00000, -0.88618][0.51300, 0.99281, 0][0.0030345, 0.256992, 0.0327425][0.55848, 0.00000, -0.82952][0.58221, 0.99237, 0][0.0073655, 0.323867, 0.0276215][0.72142, 0.00000, -0.69249][0.51297, 0.98584, 0][0.0030345, 0.256992, 0.0327425][0.55848, 0.00000, -0.82952][0.58221, 0.99237, 0][0.0030345, 0.323867, 0.0327425][0.46334, 0.00000, -0.88618][0.51300, 0.99281, 0][0.0030345, 0.256992, 0.0327425][0.55848, 0.00000, -0.82952][0.58221, 0.99237, 0][0.0073655, 0.323867, 0.0276215][0.72142, 0.00000, -0.69249][0.51297, 0.98584, 0][0.0073655, 0.256992, 0.0276215][0.79002, 0.00000, -0.61308][0.58218, 0.98540, 0][0.0132605, 0.323867, 0.0239575][0.87711, 0.00000, -0.48029][0.51312, 0.97905, 0][0.0073655, 0.256992, 0.0276215][0.79002, 0.00000, -0.61308][0.58218, 0.98540, 0][0.0073655, 0.323867, 0.0276215][0.72142, 0.00000, -0.69249][0.51297, 0.98584, 0][0.0073655, 0.256992, 0.0276215][0.79002, 0.00000, -0.61308][0.58218, 0.98540, 0][0.0132605, 0.323867, 0.0239575][0.87711, 0.00000, -0.48029][0.51312, 0.97905, 0][0.0132605, 0.256992, 0.0239575][0.90231, 0.00000, -0.43109][0.58232, 0.97861, 0][0.0200755, 0.323867, 0.0211515][0.92520, 0.00000, -0.37949][0.51336, 0.97238, 0][0.0132605, 0.256992, 0.0239575][0.90231, 0.00000, -0.43109][0.58232, 0.97861, 0][0.0132605, 0.323867, 0.0239575][0.87711, 0.00000, -0.48029][0.51312, 0.97905, 0][0.0132605, 0.256992, 0.0239575][0.90231, 0.00000, -0.43109][0.58232, 0.97861, 0][0.0200755, 0.323867, 0.0211515][0.92520, 0.00000, -0.37949][0.51336, 0.97238, 0][0.0200755, 0.256992, 0.0211515][0.92570, 0.00000, -0.37825][0.58256, 0.97194, 0][0.0269225, 0.323867, 0.0183645][0.90866, 0.00000, -0.41755][0.51360, 0.96570, 0][0.0200755, 0.256992, 0.0211515][0.92570, 0.00000, -0.37825][0.58256, 0.97194, 0][0.0200755, 0.323867, 0.0211515][0.92520, 0.00000, -0.37949][0.51336, 0.97238, 0][0.0200755, 0.256992, 0.0211515][0.92570, 0.00000, -0.37825][0.58256, 0.97194, 0][0.0269225, 0.323867, 0.0183645][0.90866, 0.00000, -0.41755][0.51360, 0.96570, 0][0.0269225, 0.256992, 0.0183645][0.88929, 0.00000, -0.45735][0.58280, 0.96526, 0][0.0330135, 0.323867, 0.0148835][0.83233, 0.00000, -0.55428][0.51376, 0.95893, 0][0.0269225, 0.256992, 0.0183645][0.88929, 0.00000, -0.45735][0.58280, 0.96526, 0][0.0269225, 0.323867, 0.0183645][0.90866, 0.00000, -0.41755][0.51360, 0.96570, 0][0.0269225, 0.256992, 0.0183645][0.88929, 0.00000, -0.45735][0.58280, 0.96526, 0][0.0330135, 0.323867, 0.0148835][0.83233, 0.00000, -0.55428][0.51376, 0.95893, 0][0.0330135, 0.256992, 0.0148835][0.79236, 0.00000, -0.61005][0.58297, 0.95849, 0][0.0380535, 0.323867, 0.0104235][0.71592, 0.00000, -0.69818][0.51381, 0.95204, 0][0.0330135, 0.256992, 0.0148835][0.79236, 0.00000, -0.61005][0.58297, 0.95849, 0][0.0330135, 0.323867, 0.0148835][0.83233, 0.00000, -0.55428][0.51376, 0.95893, 0][0.0330135, 0.256992, 0.0148835][0.79236, 0.00000, -0.61005][0.58297, 0.95849, 0][0.0380535, 0.323867, 0.0104235][0.71592, 0.00000, -0.69818][0.51381, 0.95204, 0][0.0380535, 0.256992, 0.0104235][0.68119, 0.00000, -0.73210][0.58302, 0.95160, 0][0.0423845, 0.323867, 0.00529149][0.64576, 0.00000, -0.76354][0.51378, 0.94506, 0][0.0380535, 0.256992, 0.0104235][0.68119, 0.00000, -0.73210][0.58302, 0.95160, 0][0.0380535, 0.323867, 0.0104235][0.71592, 0.00000, -0.69818][0.51381, 0.95204, 0][0.0380535, 0.256992, 0.0104235][0.68119, 0.00000, -0.73210][0.58302, 0.95160, 0][0.0423845, 0.323867, 0.00529149][0.64576, 0.00000, -0.76354][0.51378, 0.94506, 0][0.0423845, 0.256992, 0.00529149][0.64656, 0.00000, -0.76286][0.58299, 0.94462, 0][0.0467265, 0.323867, 0.000179481][0.67051, 0.00000, -0.74190][0.51376, 0.93809, 0][0.0423845, 0.256992, 0.00529149][0.64656, 0.00000, -0.76286][0.58299, 0.94462, 0][0.0423845, 0.323867, 0.00529149][0.64576, 0.00000, -0.76354][0.51378, 0.94506, 0][0.0423845, 0.256992, 0.00529149][0.64656, 0.00000, -0.76286][0.58299, 0.94462, 0][0.0467265, 0.323867, 0.000179481][0.67051, 0.00000, -0.74190][0.51376, 0.93809, 0][0.0467265, 0.256992, 0.000179481][0.69304, 0.00000, -0.72090][0.58297, 0.93765, 0][0.0515205, 0.323867, -0.00450952][0.71563, 0.00000, -0.69848][0.51378, 0.93117, 0][0.0467265, 0.256992, 0.000179481][0.69304, 0.00000, -0.72090][0.58297, 0.93765, 0][0.0467265, 0.323867, 0.000179481][0.67051, 0.00000, -0.74190][0.51376, 0.93809, 0][0.0467265, 0.256992, 0.000179481][0.69304, 0.00000, -0.72090][0.58297, 0.93765, 0][0.0515205, 0.323867, -0.00450952][0.71563, 0.00000, -0.69848][0.51378, 0.93117, 0][0.0515205, 0.256992, -0.00450952][0.71636, 0.00000, -0.69773][0.58299, 0.93073, 0][0.0563305, 0.323867, -0.00918452][0.68255, 0.00000, -0.73084][0.51381, 0.92426, 0][0.0515205, 0.256992, -0.00450952][0.71636, 0.00000, -0.69773][0.58299, 0.93073, 0][0.0515205, 0.323867, -0.00450952][0.71563, 0.00000, -0.69848][0.51378, 0.93117, 0][0.0515205, 0.256992, -0.00450952][0.71636, 0.00000, -0.69773][0.58299, 0.93073, 0][0.0563305, 0.323867, -0.00918452][0.68255, 0.00000, -0.73084][0.51381, 0.92426, 0][0.0563305, 0.256992, -0.00918452][0.64632, 0.00000, -0.76307][0.58302, 0.92382, 0][0.0604315, 0.323867, -0.0145305][0.55304, 0.00000, -0.83315][0.51376, 0.91725, 0][0.0563305, 0.256992, -0.00918452][0.64632, 0.00000, -0.76307][0.58302, 0.92382, 0][0.0563305, 0.323867, -0.00918452][0.68255, 0.00000, -0.73084][0.51381, 0.92426, 0][0.0563305, 0.256992, -0.00918452][0.64632, 0.00000, -0.76307][0.58302, 0.92382, 0][0.0604315, 0.323867, -0.0145305][0.55304, 0.00000, -0.83315][0.51376, 0.91725, 0][0.0604315, 0.256992, -0.0145305][0.49457, 0.00000, -0.86914][0.58297, 0.91681, 0][0.0634765, 0.323867, -0.0208505][0.39372, 0.00000, -0.91923][0.51360, 0.91012, 0][0.0604315, 0.256992, -0.0145305][0.49457, 0.00000, -0.86914][0.58297, 0.91681, 0][0.0604315, 0.323867, -0.0145305][0.55304, 0.00000, -0.83315][0.51376, 0.91725, 0][0.0604315, 0.256992, -0.0145305][0.49457, 0.00000, -0.86914][0.58297, 0.91681, 0][0.0634765, 0.323867, -0.0208505][0.39372, 0.00000, -0.91923][0.51360, 0.91012, 0][0.0634765, 0.256992, -0.0208505][0.35254, 0.00000, -0.93580][0.58280, 0.90968, 0][0.0657715, 0.323867, -0.0278705][0.31230, 0.00000, -0.94998][0.51336, 0.90290, 0][0.0634765, 0.256992, -0.0208505][0.35254, 0.00000, -0.93580][0.58280, 0.90968, 0][0.0634765, 0.323867, -0.0208505][0.39372, 0.00000, -0.91923][0.51360, 0.91012, 0][0.0634765, 0.256992, -0.0208505][0.35254, 0.00000, -0.93580][0.58280, 0.90968, 0][0.0657715, 0.323867, -0.0278705][0.31230, 0.00000, -0.94998][0.51336, 0.90290, 0][0.0657715, 0.256992, -0.0278705][0.31386, 0.00000, -0.94947][0.58256, 0.90246, 0][0.0680985, 0.323867, -0.0348715][0.36705, 0.00000, -0.93020][0.51312, 0.89568, 0][0.0657715, 0.256992, -0.0278705][0.31386, 0.00000, -0.94947][0.58256, 0.90246, 0][0.0657715, 0.323867, -0.0278705][0.31230, 0.00000, -0.94998][0.51336, 0.90290, 0][0.0657715, 0.256992, -0.0278705][0.31386, 0.00000, -0.94947][0.58256, 0.90246, 0][0.0680985, 0.323867, -0.0348715][0.36705, 0.00000, -0.93020][0.51312, 0.89568, 0][0.0680985, 0.256992, -0.0348715][0.41773, 0.00000, -0.90857][0.58232, 0.89524, 0][0.0713395, 0.323867, -0.0410085][0.55611, 0.00000, -0.83111][0.51297, 0.88858, 0][0.0680985, 0.256992, -0.0348715][0.41773, 0.00000, -0.90857][0.58232, 0.89524, 0][0.0680985, 0.323867, -0.0348715][0.36705, 0.00000, -0.93020][0.51312, 0.89568, 0][0.0680985, 0.256992, -0.0348715][0.41773, 0.00000, -0.90857][0.58232, 0.89524, 0][0.0713395, 0.323867, -0.0410085][0.55611, 0.00000, -0.83111][0.51297, 0.88858, 0][0.0713395, 0.256992, -0.0410085][0.64012, 0.00000, -0.76827][0.58218, 0.88814, 0][0.0761435, 0.323867, -0.0456885][0.78836, 0.00000, -0.61522][0.51300, 0.88166, 0][0.0713395, 0.256992, -0.0410085][0.64012, 0.00000, -0.76827][0.58218, 0.88814, 0][0.0713395, 0.323867, -0.0410085][0.55611, 0.00000, -0.83111][0.51297, 0.88858, 0][0.0713395, 0.256992, -0.0410085][0.64012, 0.00000, -0.76827][0.58218, 0.88814, 0][0.0761435, 0.323867, -0.0456885][0.78836, 0.00000, -0.61522][0.51300, 0.88166, 0][0.0761435, 0.256992, -0.0456885][0.85166, 0.00000, -0.52410][0.58221, 0.88122, 0][0.0826605, 0.323867, -0.0487725][0.93127, 0.00000, -0.36433][0.51321, 0.87495, 0][0.0761435, 0.256992, -0.0456885][0.85166, 0.00000, -0.52410][0.58221, 0.88122, 0][0.0761435, 0.323867, -0.0456885][0.78836, 0.00000, -0.61522][0.51300, 0.88166, 0][0.0761435, 0.256992, -0.0456885][0.85166, 0.00000, -0.52410][0.58221, 0.88122, 0][0.0826605, 0.323867, -0.0487725][0.93127, 0.00000, -0.36433][0.51321, 0.87495, 0][0.0826605, 0.256992, -0.0487725][0.95430, 0.00000, -0.29885][0.58241, 0.87451, 0][0.0904915, 0.323867, -0.0506425][0.97265, 0.00000, -0.23226][0.35302, 0.47539, 0][0.0826605, 0.256992, -0.0487725][0.95430, 0.00000, -0.29885][0.36120, 0.42065, 0][0.0826605, 0.323867, -0.0487725][0.93127, 0.00000, -0.36433][0.36120, 0.47640, 0][0.0826605, 0.256992, -0.0487725][0.95430, 0.00000, -0.29885][0.36120, 0.42065, 0][0.0904915, 0.323867, -0.0506425][0.97265, 0.00000, -0.23226][0.35302, 0.47539, 0][0.0904915, 0.256992, -0.0506425][0.97265, 0.00000, -0.23226][0.35302, 0.41965, 0][0.0025835, 0.323867, 0.0414915][-0.23190, 0.00000, 0.97274][0.99986, 0.66381, 0][0.0012665, 0.256992, 0.0494225][-0.16381, 0.00000, 0.98649][0.93032, 0.67090, 0][0.0025835, 0.256992, 0.0414915][-0.29919, 0.00000, 0.95419][0.93053, 0.66345, 0][0.0012665, 0.256992, 0.0494225][-0.16381, 0.00000, 0.98649][0.93032, 0.67090, 0][0.0025835, 0.323867, 0.0414915][-0.23190, 0.00000, 0.97274][0.99986, 0.66381, 0][0.0012665, 0.323867, 0.0494225][-0.16381, 0.00000, 0.98649][0.99965, 0.67126, 0][0.0052145, 0.323867, 0.0347745][-0.46416, 0.00000, 0.88575][0.99998, 0.65657, 0][0.0025835, 0.256992, 0.0414915][-0.29919, 0.00000, 0.95419][0.93053, 0.66345, 0][0.0052145, 0.256992, 0.0347745][-0.55918, 0.00000, 0.82905][0.93065, 0.65620, 0][0.0025835, 0.256992, 0.0414915][-0.29919, 0.00000, 0.95419][0.93053, 0.66345, 0][0.0052145, 0.323867, 0.0347745][-0.46416, 0.00000, 0.88575][0.99998, 0.65657, 0][0.0025835, 0.323867, 0.0414915][-0.23190, 0.00000, 0.97274][0.99986, 0.66381, 0][0.00954951, 0.323867, 0.0296565][-0.72175, 0.00000, 0.69215][1.00000, 0.64960, 0][0.0052145, 0.256992, 0.0347745][-0.55918, 0.00000, 0.82905][0.93065, 0.65620, 0][0.00954951, 0.256992, 0.0296565][-0.79014, 0.00000, 0.61293][0.93067, 0.64924, 0][0.0052145, 0.256992, 0.0347745][-0.55918, 0.00000, 0.82905][0.93065, 0.65620, 0][0.00954951, 0.323867, 0.0296565][-0.72175, 0.00000, 0.69215][1.00000, 0.64960, 0][0.0052145, 0.323867, 0.0347745][-0.46416, 0.00000, 0.88575][0.99998, 0.65657, 0][0.0154435, 0.323867, 0.0259925][-0.87696, 0.00000, 0.48056][0.99991, 0.64289, 0][0.00954951, 0.256992, 0.0296565][-0.79014, 0.00000, 0.61293][0.93067, 0.64924, 0][0.0154435, 0.256992, 0.0259925][-0.90208, 0.00000, 0.43157][0.93058, 0.64253, 0][0.00954951, 0.256992, 0.0296565][-0.79014, 0.00000, 0.61293][0.93067, 0.64924, 0][0.0154435, 0.323867, 0.0259925][-0.87696, 0.00000, 0.48056][0.99991, 0.64289, 0][0.00954951, 0.323867, 0.0296565][-0.72175, 0.00000, 0.69215][1.00000, 0.64960, 0][0.0222535, 0.323867, 0.0231825][-0.92485, 0.00000, 0.38034][0.99977, 0.63634, 0][0.0154435, 0.256992, 0.0259925][-0.90208, 0.00000, 0.43157][0.93058, 0.64253, 0][0.0222535, 0.256992, 0.0231825][-0.92530, 0.00000, 0.37924][0.93044, 0.63597, 0][0.0154435, 0.256992, 0.0259925][-0.90208, 0.00000, 0.43157][0.93058, 0.64253, 0][0.0222535, 0.323867, 0.0231825][-0.92485, 0.00000, 0.38034][0.99977, 0.63634, 0][0.0154435, 0.323867, 0.0259925][-0.87696, 0.00000, 0.48056][0.99991, 0.64289, 0][0.0290935, 0.323867, 0.0203885][-0.90814, 0.00000, 0.41867][0.99962, 0.62977, 0][0.0222535, 0.256992, 0.0231825][-0.92530, 0.00000, 0.37924][0.93044, 0.63597, 0][0.0290935, 0.256992, 0.0203885][-0.88872, 0.00000, 0.45845][0.93029, 0.62941, 0][0.0222535, 0.256992, 0.0231825][-0.92530, 0.00000, 0.37924][0.93044, 0.63597, 0][0.0290935, 0.323867, 0.0203885][-0.90814, 0.00000, 0.41867][0.99962, 0.62977, 0][0.0222535, 0.323867, 0.0231825][-0.92485, 0.00000, 0.38034][0.99977, 0.63634, 0][0.0351775, 0.323867, 0.0169015][-0.83175, 0.00000, 0.55514][0.99953, 0.62309, 0][0.0290935, 0.256992, 0.0203885][-0.88872, 0.00000, 0.45845][0.93029, 0.62941, 0][0.0351775, 0.256992, 0.0169015][-0.79186, 0.00000, 0.61071][0.93019, 0.62273, 0][0.0290935, 0.256992, 0.0203885][-0.88872, 0.00000, 0.45845][0.93029, 0.62941, 0][0.0351775, 0.323867, 0.0169015][-0.83175, 0.00000, 0.55514][0.99953, 0.62309, 0][0.0290935, 0.323867, 0.0203885][-0.90814, 0.00000, 0.41867][0.99962, 0.62977, 0][0.0402145, 0.323867, 0.0124385][-0.71570, 0.00000, 0.69841][0.99950, 0.61624, 0][0.0351775, 0.256992, 0.0169015][-0.79186, 0.00000, 0.61071][0.93019, 0.62273, 0][0.0402145, 0.256992, 0.0124385][-0.68120, 0.00000, 0.73210][0.93016, 0.61588, 0][0.0351775, 0.256992, 0.0169015][-0.79186, 0.00000, 0.61071][0.93019, 0.62273, 0][0.0402145, 0.323867, 0.0124385][-0.71570, 0.00000, 0.69841][0.99950, 0.61624, 0][0.0351775, 0.323867, 0.0169015][-0.83175, 0.00000, 0.55514][0.99953, 0.62309, 0][0.0445475, 0.323867, 0.00730749][-0.64600, 0.00000, 0.76334][0.99951, 0.60927, 0][0.0402145, 0.256992, 0.0124385][-0.68120, 0.00000, 0.73210][0.93016, 0.61588, 0][0.0445475, 0.256992, 0.00730749][-0.64680, 0.00000, 0.76266][0.93018, 0.60891, 0][0.0402145, 0.256992, 0.0124385][-0.68120, 0.00000, 0.73210][0.93016, 0.61588, 0][0.0445475, 0.323867, 0.00730749][-0.64600, 0.00000, 0.76334][0.99951, 0.60927, 0][0.0402145, 0.323867, 0.0124385][-0.71570, 0.00000, 0.69841][0.99950, 0.61624, 0][0.0488905, 0.323867, 0.00219749][-0.67059, 0.00000, 0.74183][0.99953, 0.60231, 0][0.0445475, 0.256992, 0.00730749][-0.64680, 0.00000, 0.76266][0.93018, 0.60891, 0][0.0488905, 0.256992, 0.00219749][-0.69296, 0.00000, 0.72097][0.93019, 0.60195, 0][0.0445475, 0.256992, 0.00730749][-0.64680, 0.00000, 0.76266][0.93018, 0.60891, 0][0.0488905, 0.323867, 0.00219749][-0.67059, 0.00000, 0.74183][0.99953, 0.60231, 0][0.0445475, 0.323867, 0.00730749][-0.64600, 0.00000, 0.76334][0.99951, 0.60927, 0][0.0536835, 0.323867, -0.00249352][-0.71541, 0.00000, 0.69871][0.99951, 0.59542, 0][0.0488905, 0.256992, 0.00219749][-0.69296, 0.00000, 0.72097][0.93019, 0.60195, 0][0.0536835, 0.256992, -0.00249352][-0.71614, 0.00000, 0.69795][0.93018, 0.59506, 0][0.0488905, 0.256992, 0.00219749][-0.69296, 0.00000, 0.72097][0.93019, 0.60195, 0][0.0536835, 0.323867, -0.00249352][-0.71541, 0.00000, 0.69871][0.99951, 0.59542, 0][0.0488905, 0.323867, 0.00219749][-0.67059, 0.00000, 0.74183][0.99953, 0.60231, 0][0.0584915, 0.323867, -0.00716952][-0.68256, 0.00000, 0.73083][0.99950, 0.58854, 0][0.0536835, 0.256992, -0.00249352][-0.71614, 0.00000, 0.69795][0.93018, 0.59506, 0][0.0584915, 0.256992, -0.00716952][-0.64657, 0.00000, 0.76285][0.93016, 0.58818, 0][0.0536835, 0.256992, -0.00249352][-0.71614, 0.00000, 0.69795][0.93018, 0.59506, 0][0.0584915, 0.323867, -0.00716952][-0.68256, 0.00000, 0.73083][0.99950, 0.58854, 0][0.0536835, 0.323867, -0.00249352][-0.71541, 0.00000, 0.69871][0.99951, 0.59542, 0][0.0625965, 0.323867, -0.0125135][-0.55377, 0.00000, 0.83267][0.99953, 0.58153, 0][0.0584915, 0.256992, -0.00716952][-0.64657, 0.00000, 0.76285][0.93016, 0.58818, 0][0.0625965, 0.256992, -0.0125135][-0.49553, 0.00000, 0.86859][0.93019, 0.58117, 0][0.0584915, 0.256992, -0.00716952][-0.64657, 0.00000, 0.76285][0.93016, 0.58818, 0][0.0625965, 0.323867, -0.0125135][-0.55377, 0.00000, 0.83267][0.99953, 0.58153, 0][0.0584915, 0.323867, -0.00716952][-0.68256, 0.00000, 0.73083][0.99950, 0.58854, 0][0.0656485, 0.323867, -0.0188265][-0.39490, 0.00000, 0.91872][0.99962, 0.57436, 0][0.0625965, 0.256992, -0.0125135][-0.49553, 0.00000, 0.86859][0.93019, 0.58117, 0][0.0656485, 0.256992, -0.0188265][-0.35370, 0.00000, 0.93536][0.93029, 0.57400, 0][0.0625965, 0.256992, -0.0125135][-0.49553, 0.00000, 0.86859][0.93019, 0.58117, 0][0.0656485, 0.323867, -0.0188265][-0.39490, 0.00000, 0.91872][0.99962, 0.57436, 0][0.0625965, 0.323867, -0.0125135][-0.55377, 0.00000, 0.83267][0.99953, 0.58153, 0][0.0679505, 0.323867, -0.0258395][-0.31323, 0.00000, 0.94968][0.99977, 0.56707, 0][0.0656485, 0.256992, -0.0188265][-0.35370, 0.00000, 0.93536][0.93029, 0.57400, 0][0.0679505, 0.256992, -0.0258395][-0.31459, 0.00000, 0.94923][0.93044, 0.56671, 0][0.0656485, 0.256992, -0.0188265][-0.35370, 0.00000, 0.93536][0.93029, 0.57400, 0][0.0679505, 0.323867, -0.0258395][-0.31323, 0.00000, 0.94968][0.99977, 0.56707, 0][0.0656485, 0.323867, -0.0188265][-0.39490, 0.00000, 0.91872][0.99962, 0.57436, 0][0.0702805, 0.323867, -0.0328365][-0.36743, 0.00000, 0.93005][0.99991, 0.55977, 0][0.0679505, 0.256992, -0.0258395][-0.31459, 0.00000, 0.94923][0.93044, 0.56671, 0][0.0702805, 0.256992, -0.0328365][-0.41797, 0.00000, 0.90846][0.93058, 0.55941, 0][0.0679505, 0.256992, -0.0258395][-0.31459, 0.00000, 0.94923][0.93044, 0.56671, 0][0.0702805, 0.323867, -0.0328365][-0.36743, 0.00000, 0.93005][0.99991, 0.55977, 0][0.0679505, 0.323867, -0.0258395][-0.31323, 0.00000, 0.94968][0.99977, 0.56707, 0][0.0735225, 0.323867, -0.0389735][-0.55601, 0.00000, 0.83118][1.00000, 0.55263, 0][0.0702805, 0.256992, -0.0328365][-0.41797, 0.00000, 0.90846][0.93058, 0.55941, 0][0.0735225, 0.256992, -0.0389735][-0.63983, 0.00000, 0.76852][0.93067, 0.55227, 0][0.0702805, 0.256992, -0.0328365][-0.41797, 0.00000, 0.90846][0.93058, 0.55941, 0][0.0735225, 0.323867, -0.0389735][-0.55601, 0.00000, 0.83118][1.00000, 0.55263, 0][0.0702805, 0.323867, -0.0328365][-0.36743, 0.00000, 0.93005][0.99991, 0.55977, 0][0.0783235, 0.323867, -0.0436565][-0.78786, 0.00000, 0.61586][0.99998, 0.54575, 0][0.0735225, 0.256992, -0.0389735][-0.63983, 0.00000, 0.76852][0.93067, 0.55227, 0][0.0783235, 0.256992, -0.0436565][-0.85114, 0.00000, 0.52494][0.93065, 0.54539, 0][0.0735225, 0.256992, -0.0389735][-0.63983, 0.00000, 0.76852][0.93067, 0.55227, 0][0.0783235, 0.323867, -0.0436565][-0.78786, 0.00000, 0.61586][0.99998, 0.54575, 0][0.0735225, 0.323867, -0.0389735][-0.55601, 0.00000, 0.83118][1.00000, 0.55263, 0][0.0848335, 0.323867, -0.0467465][-0.93088, 0.00000, 0.36533][0.99986, 0.53914, 0][0.0783235, 0.256992, -0.0436565][-0.85114, 0.00000, 0.52494][0.93065, 0.54539, 0][0.0848335, 0.256992, -0.0467465][-0.95400, 0.00000, 0.29980][0.93053, 0.53878, 0][0.0783235, 0.256992, -0.0436565][-0.85114, 0.00000, 0.52494][0.93065, 0.54539, 0][0.0848335, 0.323867, -0.0467465][-0.93088, 0.00000, 0.36533][0.99986, 0.53914, 0][0.0783235, 0.323867, -0.0436565][-0.78786, 0.00000, 0.61586][0.99998, 0.54575, 0][0.0926585, 0.323867, -0.0486225][-0.97244, 0.00000, 0.23314][0.99965, 0.53273, 0][0.0848335, 0.256992, -0.0467465][-0.95400, 0.00000, 0.29980][0.93053, 0.53878, 0][0.0926585, 0.256992, -0.0486225][-0.97244, 0.00000, 0.23314][0.93032, 0.53237, 0][0.0848335, 0.256992, -0.0467465][-0.95400, 0.00000, 0.29980][0.93053, 0.53878, 0][0.0926585, 0.323867, -0.0486225][-0.97244, 0.00000, 0.23314][0.99965, 0.53273, 0][0.0848335, 0.323867, -0.0467465][-0.93088, 0.00000, 0.36533][0.99986, 0.53914, 0][0.0025835, 0.256992, 0.0414915][0.00000, -1.00000, 0.00000][0.50345, 0.62643, 0][-0.000900496, 0.256992, 0.0474025][0.00000, -1.00000, 0.00000][0.50482, 0.63209, 0][0.000409506, 0.256992, 0.0394645][0.00000, -1.00000, 0.00000][0.50071, 0.62714, 0][-0.000900496, 0.256992, 0.0474025][0.00000, -1.00000, 0.00000][0.50482, 0.63209, 0][0.0025835, 0.256992, 0.0414915][0.00000, -1.00000, 0.00000][0.50345, 0.62643, 0][0.0012665, 0.256992, 0.0494225][0.00000, -1.00000, 0.00000][0.50756, 0.63138, 0][0.0052145, 0.256992, 0.0347745][0.00000, -1.00000, 0.00000][0.50100, 0.62103, 0][0.000409506, 0.256992, 0.0394645][0.00000, -1.00000, 0.00000][0.50071, 0.62714, 0][0.0030345, 0.256992, 0.0327425][0.00000, -1.00000, 0.00000][0.49825, 0.62175, 0][0.000409506, 0.256992, 0.0394645][0.00000, -1.00000, 0.00000][0.50071, 0.62714, 0][0.0052145, 0.256992, 0.0347745][0.00000, -1.00000, 0.00000][0.50100, 0.62103, 0][0.0025835, 0.256992, 0.0414915][0.00000, -1.00000, 0.00000][0.50345, 0.62643, 0][0.00954951, 0.256992, 0.0296565][0.00000, -1.00000, 0.00000][0.50071, 0.61509, 0][0.0030345, 0.256992, 0.0327425][0.00000, -1.00000, 0.00000][0.49825, 0.62175, 0][0.0073655, 0.256992, 0.0276215][0.00000, -1.00000, 0.00000][0.49795, 0.61580, 0][0.0030345, 0.256992, 0.0327425][0.00000, -1.00000, 0.00000][0.49825, 0.62175, 0][0.00954951, 0.256992, 0.0296565][0.00000, -1.00000, 0.00000][0.50071, 0.61509, 0][0.0052145, 0.256992, 0.0347745][0.00000, -1.00000, 0.00000][0.50100, 0.62103, 0][0.0154435, 0.256992, 0.0259925][0.00000, -1.00000, 0.00000][0.50238, 0.60863, 0][0.0073655, 0.256992, 0.0276215][0.00000, -1.00000, 0.00000][0.49795, 0.61580, 0][0.0132605, 0.256992, 0.0239575][0.00000, -1.00000, 0.00000][0.49963, 0.60935, 0][0.0073655, 0.256992, 0.0276215][0.00000, -1.00000, 0.00000][0.49795, 0.61580, 0][0.0154435, 0.256992, 0.0259925][0.00000, -1.00000, 0.00000][0.50238, 0.60863, 0][0.00954951, 0.256992, 0.0296565][0.00000, -1.00000, 0.00000][0.50071, 0.61509, 0][0.0222535, 0.256992, 0.0231825][0.00000, -1.00000, 0.00000][0.50521, 0.60188, 0][0.0132605, 0.256992, 0.0239575][0.00000, -1.00000, 0.00000][0.49963, 0.60935, 0][0.0200755, 0.256992, 0.0211515][0.00000, -1.00000, 0.00000][0.50246, 0.60259, 0][0.0132605, 0.256992, 0.0239575][0.00000, -1.00000, 0.00000][0.49963, 0.60935, 0][0.0222535, 0.256992, 0.0231825][0.00000, -1.00000, 0.00000][0.50521, 0.60188, 0][0.0154435, 0.256992, 0.0259925][0.00000, -1.00000, 0.00000][0.50238, 0.60863, 0][0.0290935, 0.256992, 0.0203885][0.00000, -1.00000, 0.00000][0.50807, 0.59510, 0][0.0200755, 0.256992, 0.0211515][0.00000, -1.00000, 0.00000][0.50246, 0.60259, 0][0.0269225, 0.256992, 0.0183645][0.00000, -1.00000, 0.00000][0.50533, 0.59582, 0][0.0200755, 0.256992, 0.0211515][0.00000, -1.00000, 0.00000][0.50246, 0.60259, 0][0.0290935, 0.256992, 0.0203885][0.00000, -1.00000, 0.00000][0.50807, 0.59510, 0][0.0222535, 0.256992, 0.0231825][0.00000, -1.00000, 0.00000][0.50521, 0.60188, 0][0.0351775, 0.256992, 0.0169015][0.00000, -1.00000, 0.00000][0.50998, 0.58859, 0][0.0269225, 0.256992, 0.0183645][0.00000, -1.00000, 0.00000][0.50533, 0.59582, 0][0.0330135, 0.256992, 0.0148835][0.00000, -1.00000, 0.00000][0.50725, 0.58930, 0][0.0269225, 0.256992, 0.0183645][0.00000, -1.00000, 0.00000][0.50533, 0.59582, 0][0.0351775, 0.256992, 0.0169015][0.00000, -1.00000, 0.00000][0.50998, 0.58859, 0][0.0290935, 0.256992, 0.0203885][0.00000, -1.00000, 0.00000][0.50807, 0.59510, 0][0.0402145, 0.256992, 0.0124385][0.00000, -1.00000, 0.00000][0.51058, 0.58241, 0][0.0330135, 0.256992, 0.0148835][0.00000, -1.00000, 0.00000][0.50725, 0.58930, 0][0.0380535, 0.256992, 0.0104235][0.00000, -1.00000, 0.00000][0.50785, 0.58312, 0][0.0330135, 0.256992, 0.0148835][0.00000, -1.00000, 0.00000][0.50725, 0.58930, 0][0.0402145, 0.256992, 0.0124385][0.00000, -1.00000, 0.00000][0.51058, 0.58241, 0][0.0351775, 0.256992, 0.0169015][0.00000, -1.00000, 0.00000][0.50998, 0.58859, 0][0.0445475, 0.256992, 0.00730749][0.00000, -1.00000, 0.00000][0.51027, 0.57646, 0][0.0380535, 0.256992, 0.0104235][0.00000, -1.00000, 0.00000][0.50785, 0.58312, 0][0.0423845, 0.256992, 0.00529149][0.00000, -1.00000, 0.00000][0.50754, 0.57717, 0][0.0380535, 0.256992, 0.0104235][0.00000, -1.00000, 0.00000][0.50785, 0.58312, 0][0.0445475, 0.256992, 0.00730749][0.00000, -1.00000, 0.00000][0.51027, 0.57646, 0][0.0402145, 0.256992, 0.0124385][0.00000, -1.00000, 0.00000][0.51058, 0.58241, 0][0.0488905, 0.256992, 0.00219749][0.00000, -1.00000, 0.00000][0.50999, 0.57051, 0][0.0423845, 0.256992, 0.00529149][0.00000, -1.00000, 0.00000][0.50754, 0.57717, 0][0.0467265, 0.256992, 0.000179481][0.00000, -1.00000, 0.00000][0.50726, 0.57122, 0][0.0423845, 0.256992, 0.00529149][0.00000, -1.00000, 0.00000][0.50754, 0.57717, 0][0.0488905, 0.256992, 0.00219749][0.00000, -1.00000, 0.00000][0.50999, 0.57051, 0][0.0445475, 0.256992, 0.00730749][0.00000, -1.00000, 0.00000][0.51027, 0.57646, 0][0.0536835, 0.256992, -0.00249352][0.00000, -1.00000, 0.00000][0.51027, 0.56442, 0][0.0467265, 0.256992, 0.000179481][0.00000, -1.00000, 0.00000][0.50726, 0.57122, 0][0.0515205, 0.256992, -0.00450952][0.00000, -1.00000, 0.00000][0.50754, 0.56513, 0][0.0467265, 0.256992, 0.000179481][0.00000, -1.00000, 0.00000][0.50726, 0.57122, 0][0.0536835, 0.256992, -0.00249352][0.00000, -1.00000, 0.00000][0.51027, 0.56442, 0][0.0488905, 0.256992, 0.00219749][0.00000, -1.00000, 0.00000][0.50999, 0.57051, 0][0.0584915, 0.256992, -0.00716952][0.00000, -1.00000, 0.00000][0.51058, 0.55832, 0][0.0515205, 0.256992, -0.00450952][0.00000, -1.00000, 0.00000][0.50754, 0.56513, 0][0.0563305, 0.256992, -0.00918452][0.00000, -1.00000, 0.00000][0.50785, 0.55902, 0][0.0515205, 0.256992, -0.00450952][0.00000, -1.00000, 0.00000][0.50754, 0.56513, 0][0.0584915, 0.256992, -0.00716952][0.00000, -1.00000, 0.00000][0.51058, 0.55832, 0][0.0536835, 0.256992, -0.00249352][0.00000, -1.00000, 0.00000][0.51027, 0.56442, 0][0.0625965, 0.256992, -0.0125135][0.00000, -1.00000, 0.00000][0.50998, 0.55244, 0][0.0563305, 0.256992, -0.00918452][0.00000, -1.00000, 0.00000][0.50785, 0.55902, 0][0.0604315, 0.256992, -0.0145305][0.00000, -1.00000, 0.00000][0.50725, 0.55315, 0][0.0563305, 0.256992, -0.00918452][0.00000, -1.00000, 0.00000][0.50785, 0.55902, 0][0.0625965, 0.256992, -0.0125135][0.00000, -1.00000, 0.00000][0.50998, 0.55244, 0][0.0584915, 0.256992, -0.00716952][0.00000, -1.00000, 0.00000][0.51058, 0.55832, 0][0.0656485, 0.256992, -0.0188265][0.00000, -1.00000, 0.00000][0.50807, 0.54692, 0][0.0604315, 0.256992, -0.0145305][0.00000, -1.00000, 0.00000][0.50725, 0.55315, 0][0.0634765, 0.256992, -0.0208505][0.00000, -1.00000, 0.00000][0.50533, 0.54763, 0][0.0604315, 0.256992, -0.0145305][0.00000, -1.00000, 0.00000][0.50725, 0.55315, 0][0.0656485, 0.256992, -0.0188265][0.00000, -1.00000, 0.00000][0.50807, 0.54692, 0][0.0625965, 0.256992, -0.0125135][0.00000, -1.00000, 0.00000][0.50998, 0.55244, 0][0.0679505, 0.256992, -0.0258395][0.00000, -1.00000, 0.00000][0.50521, 0.54164, 0][0.0634765, 0.256992, -0.0208505][0.00000, -1.00000, 0.00000][0.50533, 0.54763, 0][0.0657715, 0.256992, -0.0278705][0.00000, -1.00000, 0.00000][0.50246, 0.54235, 0][0.0634765, 0.256992, -0.0208505][0.00000, -1.00000, 0.00000][0.50533, 0.54763, 0][0.0679505, 0.256992, -0.0258395][0.00000, -1.00000, 0.00000][0.50521, 0.54164, 0][0.0656485, 0.256992, -0.0188265][0.00000, -1.00000, 0.00000][0.50807, 0.54692, 0][0.0702805, 0.256992, -0.0328365][0.00000, -1.00000, 0.00000][0.50238, 0.53634, 0][0.0657715, 0.256992, -0.0278705][0.00000, -1.00000, 0.00000][0.50246, 0.54235, 0][0.0680985, 0.256992, -0.0348715][0.00000, -1.00000, 0.00000][0.49963, 0.53706, 0][0.0657715, 0.256992, -0.0278705][0.00000, -1.00000, 0.00000][0.50246, 0.54235, 0][0.0702805, 0.256992, -0.0328365][0.00000, -1.00000, 0.00000][0.50238, 0.53634, 0][0.0679505, 0.256992, -0.0258395][0.00000, -1.00000, 0.00000][0.50521, 0.54164, 0][0.0735225, 0.256992, -0.0389735][0.00000, -1.00000, 0.00000][0.50071, 0.53075, 0][0.0680985, 0.256992, -0.0348715][0.00000, -1.00000, 0.00000][0.49963, 0.53706, 0][0.0713395, 0.256992, -0.0410085][0.00000, -1.00000, 0.00000][0.49795, 0.53147, 0][0.0680985, 0.256992, -0.0348715][0.00000, -1.00000, 0.00000][0.49963, 0.53706, 0][0.0735225, 0.256992, -0.0389735][0.00000, -1.00000, 0.00000][0.50071, 0.53075, 0][0.0702805, 0.256992, -0.0328365][0.00000, -1.00000, 0.00000][0.50238, 0.53634, 0][0.0783235, 0.256992, -0.0436565][0.00000, -1.00000, 0.00000][0.50100, 0.52466, 0][0.0713395, 0.256992, -0.0410085][0.00000, -1.00000, 0.00000][0.49795, 0.53147, 0][0.0761435, 0.256992, -0.0456885][0.00000, -1.00000, 0.00000][0.49825, 0.52537, 0][0.0713395, 0.256992, -0.0410085][0.00000, -1.00000, 0.00000][0.49795, 0.53147, 0][0.0783235, 0.256992, -0.0436565][0.00000, -1.00000, 0.00000][0.50100, 0.52466, 0][0.0735225, 0.256992, -0.0389735][0.00000, -1.00000, 0.00000][0.50071, 0.53075, 0][0.0848335, 0.256992, -0.0467465][0.00000, -1.00000, 0.00000][0.50345, 0.51800, 0][0.0761435, 0.256992, -0.0456885][0.00000, -1.00000, 0.00000][0.49825, 0.52537, 0][0.0826605, 0.256992, -0.0487725][0.00000, -1.00000, 0.00000][0.50071, 0.51871, 0][0.0761435, 0.256992, -0.0456885][0.00000, -1.00000, 0.00000][0.49825, 0.52537, 0][0.0848335, 0.256992, -0.0467465][0.00000, -1.00000, 0.00000][0.50345, 0.51800, 0][0.0783235, 0.256992, -0.0436565][0.00000, -1.00000, 0.00000][0.50100, 0.52466, 0][0.0926585, 0.256992, -0.0486225][0.00000, -1.00000, 0.00000][0.50756, 0.51091, 0][0.0826605, 0.256992, -0.0487725][0.00000, -1.00000, 0.00000][0.50071, 0.51871, 0][0.0904915, 0.256992, -0.0506425][0.00000, -1.00000, 0.00000][0.50482, 0.51161, 0][0.0826605, 0.256992, -0.0487725][0.00000, -1.00000, 0.00000][0.50071, 0.51871, 0][0.0926585, 0.256992, -0.0486225][0.00000, -1.00000, 0.00000][0.50756, 0.51091, 0][0.0848335, 0.256992, -0.0467465][0.00000, -1.00000, 0.00000][0.50345, 0.51800, 0][0.0926585, 0.323867, -0.0486225][0.73148, 0.00000, 0.68186][0.36363, 0.42085, 0][0.0904915, 0.256992, -0.0506425][0.73148, 0.00000, 0.68186][0.36120, 0.47335, 0][0.0904915, 0.323867, -0.0506425][0.73148, 0.00000, 0.68186][0.36120, 0.41965, 0][0.0904915, 0.256992, -0.0506425][0.73148, 0.00000, 0.68186][0.36120, 0.47335, 0][0.0926585, 0.323867, -0.0486225][0.73148, 0.00000, 0.68186][0.36363, 0.42085, 0][0.0926585, 0.256992, -0.0486225][0.73148, 0.00000, 0.68186][0.36363, 0.47455, 0][0.0848335, 0.323867, -0.0467465][0.00000, 1.00000, 0.00000][0.19928, 0.22909, 0][0.0904915, 0.323867, -0.0506425][0.00000, 1.00000, 0.00000][0.19777, 0.22250, 0][0.0826605, 0.323867, -0.0487725][0.00000, 1.00000, 0.00000][0.20229, 0.22934, 0][0.0904915, 0.323867, -0.0506425][0.00000, 1.00000, 0.00000][0.19872, 0.22319, 0][0.0848335, 0.323867, -0.0467465][0.00000, 1.00000, 0.00000][0.20006, 0.22909, 0][0.0926585, 0.323867, -0.0486225][0.00000, 1.00000, 0.00000][0.19602, 0.22298, 0][0.0783235, 0.323867, -0.0436565][0.00000, 1.00000, 0.00000][0.20197, 0.23578, 0][0.0826605, 0.323867, -0.0487725][0.00000, 1.00000, 0.00000][0.20229, 0.22934, 0][0.0761435, 0.323867, -0.0456885][0.00000, 1.00000, 0.00000][0.20499, 0.23602, 0][0.0826605, 0.323867, -0.0487725][0.00000, 1.00000, 0.00000][0.20229, 0.22934, 0][0.0783235, 0.323867, -0.0436565][0.00000, 1.00000, 0.00000][0.20197, 0.23578, 0][0.0848335, 0.323867, -0.0467465][0.00000, 1.00000, 0.00000][0.19928, 0.22909, 0][0.0735225, 0.323867, -0.0389735][0.00000, 1.00000, 0.00000][0.20229, 0.24227, 0][0.0761435, 0.323867, -0.0456885][0.00000, 1.00000, 0.00000][0.20499, 0.23602, 0][0.0713395, 0.323867, -0.0410085][0.00000, 1.00000, 0.00000][0.20532, 0.24251, 0][0.0761435, 0.323867, -0.0456885][0.00000, 1.00000, 0.00000][0.20499, 0.23602, 0][0.0735225, 0.323867, -0.0389735][0.00000, 1.00000, 0.00000][0.20229, 0.24227, 0][0.0783235, 0.323867, -0.0436565][0.00000, 1.00000, 0.00000][0.20197, 0.23578, 0][0.0702805, 0.323867, -0.0328365][0.00000, 1.00000, 0.00000][0.20045, 0.24859, 0][0.0713395, 0.323867, -0.0410085][0.00000, 1.00000, 0.00000][0.20532, 0.24251, 0][0.0680985, 0.323867, -0.0348715][0.00000, 1.00000, 0.00000][0.20348, 0.24883, 0][0.0713395, 0.323867, -0.0410085][0.00000, 1.00000, 0.00000][0.20532, 0.24251, 0][0.0702805, 0.323867, -0.0328365][0.00000, 1.00000, 0.00000][0.20045, 0.24859, 0][0.0735225, 0.323867, -0.0389735][0.00000, 1.00000, 0.00000][0.20229, 0.24227, 0][0.0679505, 0.323867, -0.0258395][0.00000, 1.00000, 0.00000][0.19734, 0.25482, 0][0.0680985, 0.323867, -0.0348715][0.00000, 1.00000, 0.00000][0.20348, 0.24883, 0][0.0657715, 0.323867, -0.0278705][0.00000, 1.00000, 0.00000][0.20036, 0.25506, 0][0.0680985, 0.323867, -0.0348715][0.00000, 1.00000, 0.00000][0.20348, 0.24883, 0][0.0679505, 0.323867, -0.0258395][0.00000, 1.00000, 0.00000][0.19734, 0.25482, 0][0.0702805, 0.323867, -0.0328365][0.00000, 1.00000, 0.00000][0.20045, 0.24859, 0][0.0656485, 0.323867, -0.0188265][0.00000, 1.00000, 0.00000][0.19420, 0.26103, 0][0.0657715, 0.323867, -0.0278705][0.00000, 1.00000, 0.00000][0.20036, 0.25506, 0][0.0634765, 0.323867, -0.0208505][0.00000, 1.00000, 0.00000][0.19721, 0.26127, 0][0.0657715, 0.323867, -0.0278705][0.00000, 1.00000, 0.00000][0.20036, 0.25506, 0][0.0656485, 0.323867, -0.0188265][0.00000, 1.00000, 0.00000][0.19420, 0.26103, 0][0.0679505, 0.323867, -0.0258395][0.00000, 1.00000, 0.00000][0.19734, 0.25482, 0][0.0625965, 0.323867, -0.0125135][0.00000, 1.00000, 0.00000][0.19209, 0.26733, 0][0.0634765, 0.323867, -0.0208505][0.00000, 1.00000, 0.00000][0.19721, 0.26127, 0][0.0604315, 0.323867, -0.0145305][0.00000, 1.00000, 0.00000][0.19510, 0.26757, 0][0.0634765, 0.323867, -0.0208505][0.00000, 1.00000, 0.00000][0.19721, 0.26127, 0][0.0625965, 0.323867, -0.0125135][0.00000, 1.00000, 0.00000][0.19209, 0.26733, 0][0.0656485, 0.323867, -0.0188265][0.00000, 1.00000, 0.00000][0.19420, 0.26103, 0][0.0584915, 0.323867, -0.00716952][0.00000, 1.00000, 0.00000][0.19144, 0.27375, 0][0.0604315, 0.323867, -0.0145305][0.00000, 1.00000, 0.00000][0.19510, 0.26757, 0][0.0563305, 0.323867, -0.00918452][0.00000, 1.00000, 0.00000][0.19444, 0.27399, 0][0.0604315, 0.323867, -0.0145305][0.00000, 1.00000, 0.00000][0.19510, 0.26757, 0][0.0584915, 0.323867, -0.00716952][0.00000, 1.00000, 0.00000][0.19144, 0.27375, 0][0.0625965, 0.323867, -0.0125135][0.00000, 1.00000, 0.00000][0.19209, 0.26733, 0][0.0536835, 0.323867, -0.00249352][0.00000, 1.00000, 0.00000][0.19178, 0.28024, 0][0.0563305, 0.323867, -0.00918452][0.00000, 1.00000, 0.00000][0.19444, 0.27399, 0][0.0515205, 0.323867, -0.00450952][0.00000, 1.00000, 0.00000][0.19478, 0.28048, 0][0.0563305, 0.323867, -0.00918452][0.00000, 1.00000, 0.00000][0.19444, 0.27399, 0][0.0536835, 0.323867, -0.00249352][0.00000, 1.00000, 0.00000][0.19178, 0.28024, 0][0.0584915, 0.323867, -0.00716952][0.00000, 1.00000, 0.00000][0.19144, 0.27375, 0][0.0488905, 0.323867, 0.00219749][0.00000, 1.00000, 0.00000][0.19209, 0.28673, 0][0.0515205, 0.323867, -0.00450952][0.00000, 1.00000, 0.00000][0.19478, 0.28048, 0][0.0467265, 0.323867, 0.000179481][0.00000, 1.00000, 0.00000][0.19509, 0.28698, 0][0.0515205, 0.323867, -0.00450952][0.00000, 1.00000, 0.00000][0.19478, 0.28048, 0][0.0488905, 0.323867, 0.00219749][0.00000, 1.00000, 0.00000][0.19209, 0.28673, 0][0.0536835, 0.323867, -0.00249352][0.00000, 1.00000, 0.00000][0.19178, 0.28024, 0][0.0445475, 0.323867, 0.00730749][0.00000, 1.00000, 0.00000][0.19178, 0.29318, 0][0.0467265, 0.323867, 0.000179481][0.00000, 1.00000, 0.00000][0.19509, 0.28698, 0][0.0423845, 0.323867, 0.00529149][0.00000, 1.00000, 0.00000][0.19478, 0.29342, 0][0.0467265, 0.323867, 0.000179481][0.00000, 1.00000, 0.00000][0.19509, 0.28698, 0][0.0445475, 0.323867, 0.00730749][0.00000, 1.00000, 0.00000][0.19178, 0.29318, 0][0.0488905, 0.323867, 0.00219749][0.00000, 1.00000, 0.00000][0.19209, 0.28673, 0][0.0402145, 0.323867, 0.0124385][0.00000, 1.00000, 0.00000][0.19144, 0.29963, 0][0.0423845, 0.323867, 0.00529149][0.00000, 1.00000, 0.00000][0.19478, 0.29342, 0][0.0380535, 0.323867, 0.0104235][0.00000, 1.00000, 0.00000][0.19444, 0.29987, 0][0.0423845, 0.323867, 0.00529149][0.00000, 1.00000, 0.00000][0.19478, 0.29342, 0][0.0402145, 0.323867, 0.0124385][0.00000, 1.00000, 0.00000][0.19144, 0.29963, 0][0.0445475, 0.323867, 0.00730749][0.00000, 1.00000, 0.00000][0.19178, 0.29318, 0][0.0351775, 0.323867, 0.0169015][0.00000, 1.00000, 0.00000][0.19209, 0.30614, 0][0.0380535, 0.323867, 0.0104235][0.00000, 1.00000, 0.00000][0.19444, 0.29987, 0][0.0330135, 0.323867, 0.0148835][0.00000, 1.00000, 0.00000][0.19510, 0.30638, 0][0.0380535, 0.323867, 0.0104235][0.00000, 1.00000, 0.00000][0.19444, 0.29987, 0][0.0351775, 0.323867, 0.0169015][0.00000, 1.00000, 0.00000][0.19209, 0.30614, 0][0.0402145, 0.323867, 0.0124385][0.00000, 1.00000, 0.00000][0.19144, 0.29963, 0][0.0290935, 0.323867, 0.0203885][0.00000, 1.00000, 0.00000][0.19420, 0.31278, 0][0.0330135, 0.323867, 0.0148835][0.00000, 1.00000, 0.00000][0.19510, 0.30638, 0][0.0269225, 0.323867, 0.0183645][0.00000, 1.00000, 0.00000][0.19721, 0.31302, 0][0.0330135, 0.323867, 0.0148835][0.00000, 1.00000, 0.00000][0.19510, 0.30638, 0][0.0290935, 0.323867, 0.0203885][0.00000, 1.00000, 0.00000][0.19420, 0.31278, 0][0.0351775, 0.323867, 0.0169015][0.00000, 1.00000, 0.00000][0.19209, 0.30614, 0][0.0222535, 0.323867, 0.0231825][0.00000, 1.00000, 0.00000][0.19734, 0.31951, 0][0.0269225, 0.323867, 0.0183645][0.00000, 1.00000, 0.00000][0.19721, 0.31302, 0][0.0200755, 0.323867, 0.0211515][0.00000, 1.00000, 0.00000][0.20036, 0.31975, 0][0.0269225, 0.323867, 0.0183645][0.00000, 1.00000, 0.00000][0.19721, 0.31302, 0][0.0222535, 0.323867, 0.0231825][0.00000, 1.00000, 0.00000][0.19734, 0.31951, 0][0.0290935, 0.323867, 0.0203885][0.00000, 1.00000, 0.00000][0.19420, 0.31278, 0][0.0154435, 0.323867, 0.0259925][0.00000, 1.00000, 0.00000][0.20045, 0.32622, 0][0.0200755, 0.323867, 0.0211515][0.00000, 1.00000, 0.00000][0.20036, 0.31975, 0][0.0132605, 0.323867, 0.0239575][0.00000, 1.00000, 0.00000][0.20348, 0.32646, 0][0.0200755, 0.323867, 0.0211515][0.00000, 1.00000, 0.00000][0.20036, 0.31975, 0][0.0154435, 0.323867, 0.0259925][0.00000, 1.00000, 0.00000][0.20045, 0.32622, 0][0.0222535, 0.323867, 0.0231825][0.00000, 1.00000, 0.00000][0.19734, 0.31951, 0][0.00954951, 0.323867, 0.0296565][0.00000, 1.00000, 0.00000][0.20229, 0.33283, 0][0.0132605, 0.323867, 0.0239575][0.00000, 1.00000, 0.00000][0.20348, 0.32646, 0][0.0073655, 0.323867, 0.0276215][0.00000, 1.00000, 0.00000][0.20532, 0.33308, 0][0.0132605, 0.323867, 0.0239575][0.00000, 1.00000, 0.00000][0.20348, 0.32646, 0][0.00954951, 0.323867, 0.0296565][0.00000, 1.00000, 0.00000][0.20229, 0.33283, 0][0.0154435, 0.323867, 0.0259925][0.00000, 1.00000, 0.00000][0.20045, 0.32622, 0][0.0052145, 0.323867, 0.0347745][0.00000, 1.00000, 0.00000][0.20197, 0.33928, 0][0.0073655, 0.323867, 0.0276215][0.00000, 1.00000, 0.00000][0.20532, 0.33308, 0][0.0030345, 0.323867, 0.0327425][0.00000, 1.00000, 0.00000][0.20499, 0.33952, 0][0.0073655, 0.323867, 0.0276215][0.00000, 1.00000, 0.00000][0.20532, 0.33308, 0][0.0052145, 0.323867, 0.0347745][0.00000, 1.00000, 0.00000][0.20197, 0.33928, 0][0.00954951, 0.323867, 0.0296565][0.00000, 1.00000, 0.00000][0.20229, 0.33283, 0][0.0025835, 0.323867, 0.0414915][0.00000, 1.00000, 0.00000][0.19928, 0.34554, 0][0.0030345, 0.323867, 0.0327425][0.00000, 1.00000, 0.00000][0.20499, 0.33952, 0][0.000409506, 0.323867, 0.0394645][0.00000, 1.00000, 0.00000][0.20229, 0.34578, 0][0.0030345, 0.323867, 0.0327425][0.00000, 1.00000, 0.00000][0.20499, 0.33952, 0][0.0025835, 0.323867, 0.0414915][0.00000, 1.00000, 0.00000][0.19928, 0.34554, 0][0.0052145, 0.323867, 0.0347745][0.00000, 1.00000, 0.00000][0.20197, 0.33928, 0][0.0012665, 0.323867, 0.0494225][0.00000, 1.00000, 0.00000][0.19477, 0.35164, 0][0.000409506, 0.323867, 0.0394645][0.00000, 1.00000, 0.00000][0.20229, 0.34578, 0][-0.000900496, 0.323867, 0.0474025][0.00000, 1.00000, 0.00000][0.19777, 0.35188, 0][0.000409506, 0.323867, 0.0394645][0.00000, 1.00000, 0.00000][0.20229, 0.34578, 0][0.0012665, 0.323867, 0.0494225][0.00000, 1.00000, 0.00000][0.19477, 0.35164, 0][0.0025835, 0.323867, 0.0414915][0.00000, 1.00000, 0.00000][0.19928, 0.34554, 0][0.0012665, 0.256992, 0.0494225][-0.73148, 0.00000, -0.68186][0.20280, 0.42143, 0][-0.000900496, 0.323867, 0.0474025][-0.73148, 0.00000, -0.68186][0.20525, 0.35193, 0][-0.000900496, 0.256992, 0.0474025][-0.73148, 0.00000, -0.68186][0.20525, 0.42148, 0][-0.000900496, 0.323867, 0.0474025][-0.73148, 0.00000, -0.68186][0.20525, 0.35193, 0][0.0012665, 0.256992, 0.0494225][-0.73148, 0.00000, -0.68186][0.20280, 0.42143, 0][0.0012665, 0.323867, 0.0494225][-0.73148, 0.00000, -0.68186][0.20280, 0.35188, 0][-0.000134498, 0.324085, 0.0404105][0.95094, 0.00000, 0.30937][0.36797, 0.38777, 0][0.0028415, 0.192877, 0.0419835][0.78977, 0.00000, 0.61340][0.37119, 0.49400, 0][-0.000134498, 0.192877, 0.0404105][0.99056, 0.00000, 0.13705][0.36797, 0.49314, 0][0.0028415, 0.192877, 0.0419835][0.78977, 0.00000, 0.61340][0.37119, 0.49400, 0][-0.000134498, 0.324085, 0.0404105][0.95094, 0.00000, 0.30937][0.36797, 0.38777, 0][0.0028415, 0.324085, 0.0419835][0.66742, 0.00000, 0.74468][0.37119, 0.38863, 0][-0.0034935, 0.324085, 0.0405255][0.99941, 0.00000, -0.03422][0.37330, 0.38777, 0][-0.000134498, 0.192877, 0.0404105][0.99056, 0.00000, 0.13705][0.37678, 0.49715, 0][-0.0034935, 0.192877, 0.0405255][0.99941, 0.00000, -0.03422][0.37330, 0.49714, 0][-0.000134498, 0.192877, 0.0404105][0.99056, 0.00000, 0.13705][0.37498, 0.48237, 0][-0.0034935, 0.324085, 0.0405255][0.99941, 0.00000, -0.03422][0.37195, 0.38722, 0][-0.000134498, 0.324085, 0.0404105][0.95094, 0.00000, 0.30937][0.37498, 0.38723, 0][-0.00634949, 0.324085, 0.0423115][0.74402, 0.00000, -0.66815][0.20239, 0.44660, 0][-0.0034935, 0.192877, 0.0405255][0.84786, 0.00000, -0.53021][0.20568, 0.58281, 0][-0.00634949, 0.192877, 0.0423115][0.61371, 0.00000, -0.78953][0.20239, 0.58272, 0][-0.0034935, 0.192877, 0.0405255][0.84786, 0.00000, -0.53021][0.20568, 0.58281, 0][-0.00634949, 0.324085, 0.0423115][0.74402, 0.00000, -0.66815][0.20239, 0.44660, 0][-0.0034935, 0.324085, 0.0405255][0.84786, 0.00000, -0.53021][0.20568, 0.44669, 0][-0.00792449, 0.324085, 0.0452795][0.46875, 0.00000, -0.88333][0.20051, 0.44758, 0][-0.00634949, 0.192877, 0.0423115][0.61371, 0.00000, -0.78953][0.20394, 0.58365, 0][-0.00792449, 0.192877, 0.0452795][0.46875, 0.00000, -0.88333][0.20051, 0.58369, 0][-0.00634949, 0.192877, 0.0423115][0.61371, 0.00000, -0.78953][0.20239, 0.58272, 0][-0.00792449, 0.324085, 0.0452795][0.46875, 0.00000, -0.88333][0.19896, 0.44664, 0][-0.00634949, 0.324085, 0.0423115][0.74402, 0.00000, -0.66815][0.20239, 0.44660, 0][-0.0078105, 0.324085, 0.0486445][-0.20555, 0.00000, -0.97865][0.50711, 0.63221, 0][-0.00792449, 0.192877, 0.0452795][-0.03386, 0.00000, -0.99943][0.51058, 0.76864, 0][-0.0078105, 0.192877, 0.0486445][-0.37617, 0.00000, -0.92655][0.50711, 0.76866, 0][-0.00792449, 0.192877, 0.0452795][-0.03386, 0.00000, -0.99943][0.51058, 0.76864, 0][-0.0078105, 0.324085, 0.0486445][-0.20555, 0.00000, -0.97865][0.50711, 0.63221, 0][-0.00792449, 0.324085, 0.0452795][-0.03386, 0.00000, -0.99943][0.51058, 0.63220, 0][-0.0060265, 0.324085, 0.0514975][-0.66799, 0.00000, -0.74417][0.50388, 0.63217, 0][-0.0078105, 0.192877, 0.0486445][-0.37617, 0.00000, -0.92655][0.50711, 0.76866, 0][-0.0060265, 0.192877, 0.0514975][-0.78927, 0.00000, -0.61405][0.50388, 0.76862, 0][-0.0078105, 0.192877, 0.0486445][-0.37617, 0.00000, -0.92655][0.50711, 0.76866, 0][-0.0060265, 0.324085, 0.0514975][-0.66799, 0.00000, -0.74417][0.50388, 0.63217, 0][-0.0078105, 0.324085, 0.0486445][-0.20555, 0.00000, -0.97865][0.50711, 0.63221, 0][-0.00305549, 0.324085, 0.0530765][-0.88303, 0.00000, -0.46931][0.50174, 0.63209, 0][-0.0060265, 0.192877, 0.0514975][-0.78927, 0.00000, -0.61405][0.50388, 0.76862, 0][-0.00305549, 0.192877, 0.0530765][-0.88303, 0.00000, -0.46931][0.50174, 0.76854, 0][-0.0060265, 0.192877, 0.0514975][-0.78927, 0.00000, -0.61405][0.50388, 0.76862, 0][-0.00305549, 0.324085, 0.0530765][-0.88303, 0.00000, -0.46931][0.50174, 0.63209, 0][-0.0060265, 0.324085, 0.0514975][-0.66799, 0.00000, -0.74417][0.50388, 0.63217, 0][0.000310503, 0.324085, 0.0529555][-0.97838, 0.00000, 0.20680][0.20280, 0.43925, 0][-0.00305549, 0.192877, 0.0530765][-0.99935, 0.00000, 0.03592][0.19933, 0.35221, 0][0.000310503, 0.192877, 0.0529555][-0.92639, 0.00000, 0.37655][0.20280, 0.35188, 0][-0.00305549, 0.192877, 0.0530765][-0.99935, 0.00000, 0.03592][0.19933, 0.35221, 0][0.000310503, 0.324085, 0.0529555][-0.97838, 0.00000, 0.20680][0.20280, 0.43925, 0][-0.00305549, 0.324085, 0.0530765][-0.99935, 0.00000, 0.03592][0.19933, 0.43957, 0][0.00315951, 0.324085, 0.0511755][-0.74446, 0.00000, 0.66767][0.38080, 0.26759, 0][0.000310503, 0.192877, 0.0529555][-0.92639, 0.00000, 0.37655][0.38362, 0.38616, 0][0.00315951, 0.192877, 0.0511755][-0.61442, 0.00000, 0.78898][0.38080, 0.38621, 0][0.000310503, 0.192877, 0.0529555][-0.92639, 0.00000, 0.37655][0.37740, 0.38771, 0][0.00315951, 0.324085, 0.0511755][-0.74446, 0.00000, 0.66767][0.37416, 0.25141, 0][0.000310503, 0.324085, 0.0529555][-0.97838, 0.00000, 0.20680][0.37740, 0.25135, 0][0.0047415, 0.324085, 0.0482025][-0.31061, 0.00000, 0.95054][0.37070, 0.25139, 0][0.00315951, 0.192877, 0.0511755][-0.61442, 0.00000, 0.78898][0.37416, 0.38777, 0][0.0047415, 0.192877, 0.0482025][-0.13675, 0.00000, 0.99061][0.37070, 0.38775, 0][0.00315951, 0.192877, 0.0511755][-0.61442, 0.00000, 0.78898][0.37416, 0.38777, 0][0.0047415, 0.324085, 0.0482025][-0.31061, 0.00000, 0.95054][0.37070, 0.25139, 0][0.00315951, 0.324085, 0.0511755][-0.74446, 0.00000, 0.66767][0.37416, 0.25141, 0][0.00462051, 0.324085, 0.0448425][0.03599, 0.00000, 0.99935][0.36797, 0.25129, 0][0.0047415, 0.192877, 0.0482025][-0.13675, 0.00000, 0.99061][0.37070, 0.38775, 0][0.00462051, 0.192877, 0.0448425][0.03599, 0.00000, 0.99935][0.36797, 0.38765, 0][0.0047415, 0.192877, 0.0482025][-0.13675, 0.00000, 0.99061][0.37070, 0.38775, 0][0.00462051, 0.324085, 0.0448425][0.03599, 0.00000, 0.99935][0.36797, 0.25129, 0][0.0047415, 0.324085, 0.0482025][-0.31061, 0.00000, 0.95054][0.37070, 0.25139, 0][0.0028415, 0.324085, 0.0419835][0.66742, 0.00000, 0.74468][0.37119, 0.38863, 0][0.00462051, 0.192877, 0.0448425][0.52832, 0.00000, 0.84905][0.37330, 0.49578, 0][0.0028415, 0.192877, 0.0419835][0.78977, 0.00000, 0.61340][0.37119, 0.49400, 0][0.00462051, 0.192877, 0.0448425][0.52832, 0.00000, 0.84905][0.37330, 0.49578, 0][0.0028415, 0.324085, 0.0419835][0.66742, 0.00000, 0.74468][0.37119, 0.38863, 0][0.00462051, 0.324085, 0.0448425][0.52832, 0.00000, 0.84905][0.37330, 0.39041, 0][0.000310503, 0.192877, 0.0529555][0.00000, -1.00000, 0.00000][0.37330, 0.50031, 0][0.0047415, 0.192877, 0.0482025][0.00000, -1.00000, 0.00000][0.36962, 0.49578, 0][0.00315951, 0.192877, 0.0511755][0.00000, -1.00000, 0.00000][0.37195, 0.49738, 0][-0.0060265, 0.192877, 0.0514975][0.00000, -1.00000, 0.00000][0.37195, 0.50691, 0][0.000310503, 0.192877, 0.0529555][0.00000, -1.00000, 0.00000][0.37330, 0.50031, 0][-0.00305549, 0.192877, 0.0530765][0.00000, -1.00000, 0.00000][0.37330, 0.50381, 0][-0.00792449, 0.192877, 0.0452795][0.00000, -1.00000, 0.00000][0.36692, 0.50897, 0][-0.0060265, 0.192877, 0.0514975][0.00000, -1.00000, 0.00000][0.37195, 0.50691, 0][-0.0078105, 0.192877, 0.0486445][0.00000, -1.00000, 0.00000][0.36961, 0.50881, 0][-0.00792449, 0.192877, 0.0452795][0.00000, -1.00000, 0.00000][0.36692, 0.50897, 0][0.000310503, 0.192877, 0.0529555][0.00000, -1.00000, 0.00000][0.37330, 0.50031, 0][-0.0060265, 0.192877, 0.0514975][0.00000, -1.00000, 0.00000][0.37195, 0.50691, 0][-0.0034935, 0.192877, 0.0405255][0.00000, -1.00000, 0.00000][0.36325, 0.50444, 0][-0.00792449, 0.192877, 0.0452795][0.00000, -1.00000, 0.00000][0.36692, 0.50897, 0][-0.00634949, 0.192877, 0.0423115][0.00000, -1.00000, 0.00000][0.36460, 0.50738, 0][0.0028415, 0.192877, 0.0419835][0.00000, -1.00000, 0.00000][0.36460, 0.49784, 0][-0.0034935, 0.192877, 0.0405255][0.00000, -1.00000, 0.00000][0.36325, 0.50444, 0][-0.000134498, 0.192877, 0.0404105][0.00000, -1.00000, 0.00000][0.36325, 0.50095, 0][0.0028415, 0.192877, 0.0419835][0.00000, -1.00000, 0.00000][0.36460, 0.49784, 0][-0.00792449, 0.192877, 0.0452795][0.00000, -1.00000, 0.00000][0.36692, 0.50897, 0][-0.0034935, 0.192877, 0.0405255][0.00000, -1.00000, 0.00000][0.36325, 0.50444, 0][0.0028415, 0.192877, 0.0419835][0.00000, -1.00000, 0.00000][0.36460, 0.49784, 0][0.000310503, 0.192877, 0.0529555][0.00000, -1.00000, 0.00000][0.37330, 0.50031, 0][-0.00792449, 0.192877, 0.0452795][0.00000, -1.00000, 0.00000][0.36692, 0.50897, 0][0.0028415, 0.192877, 0.0419835][0.00000, -1.00000, 0.00000][0.36460, 0.49784, 0][0.0047415, 0.192877, 0.0482025][0.00000, -1.00000, 0.00000][0.36962, 0.49578, 0][0.000310503, 0.192877, 0.0529555][0.00000, -1.00000, 0.00000][0.37330, 0.50031, 0][0.0028415, 0.192877, 0.0419835][0.00000, -1.00000, 0.00000][0.36460, 0.49784, 0][0.00462051, 0.192877, 0.0448425][0.00000, -1.00000, 0.00000][0.36693, 0.49595, 0][0.0047415, 0.192877, 0.0482025][0.00000, -1.00000, 0.00000][0.36962, 0.49578, 0][-0.00634949, 0.324085, 0.0423115][0.00000, 1.00000, 0.00000][0.34172, 0.45213, 0][-0.000134498, 0.324085, 0.0404105][0.00000, 1.00000, 0.00000][0.33738, 0.45707, 0][-0.0034935, 0.324085, 0.0405255][0.00000, 1.00000, 0.00000][0.33896, 0.45399, 0][-0.0078105, 0.324085, 0.0486445][0.00000, 1.00000, 0.00000][0.34766, 0.45363, 0][-0.00634949, 0.324085, 0.0423115][0.00000, 1.00000, 0.00000][0.34172, 0.45213, 0][-0.00792449, 0.324085, 0.0452795][0.00000, 1.00000, 0.00000][0.34490, 0.45200, 0][-0.00305549, 0.324085, 0.0530765][0.00000, 1.00000, 0.00000][0.34925, 0.46007, 0][-0.0078105, 0.324085, 0.0486445][0.00000, 1.00000, 0.00000][0.34766, 0.45363, 0][-0.0060265, 0.324085, 0.0514975][0.00000, 1.00000, 0.00000][0.34925, 0.45658, 0][-0.00305549, 0.324085, 0.0530765][0.00000, 1.00000, 0.00000][0.34925, 0.46007, 0][-0.00634949, 0.324085, 0.0423115][0.00000, 1.00000, 0.00000][0.34172, 0.45213, 0][-0.0078105, 0.324085, 0.0486445][0.00000, 1.00000, 0.00000][0.34766, 0.45363, 0][0.00315951, 0.324085, 0.0511755][0.00000, 1.00000, 0.00000][0.34490, 0.46501, 0][-0.00305549, 0.324085, 0.0530765][0.00000, 1.00000, 0.00000][0.34925, 0.46007, 0][0.000310503, 0.324085, 0.0529555][0.00000, 1.00000, 0.00000][0.34765, 0.46315, 0][0.00462051, 0.324085, 0.0448425][0.00000, 1.00000, 0.00000][0.33896, 0.46351, 0][0.00315951, 0.324085, 0.0511755][0.00000, 1.00000, 0.00000][0.34490, 0.46501, 0][0.0047415, 0.324085, 0.0482025][0.00000, 1.00000, 0.00000][0.34172, 0.46514, 0][0.00462051, 0.324085, 0.0448425][0.00000, 1.00000, 0.00000][0.33896, 0.46351, 0][-0.00305549, 0.324085, 0.0530765][0.00000, 1.00000, 0.00000][0.34925, 0.46007, 0][0.00315951, 0.324085, 0.0511755][0.00000, 1.00000, 0.00000][0.34490, 0.46501, 0][0.00462051, 0.324085, 0.0448425][0.00000, 1.00000, 0.00000][0.33896, 0.46351, 0][-0.00634949, 0.324085, 0.0423115][0.00000, 1.00000, 0.00000][0.34172, 0.45213, 0][-0.00305549, 0.324085, 0.0530765][0.00000, 1.00000, 0.00000][0.34925, 0.46007, 0][0.00462051, 0.324085, 0.0448425][0.00000, 1.00000, 0.00000][0.33896, 0.46351, 0][-0.000134498, 0.324085, 0.0404105][0.00000, 1.00000, 0.00000][0.33738, 0.45707, 0][-0.00634949, 0.324085, 0.0423115][0.00000, 1.00000, 0.00000][0.34172, 0.45213, 0][0.00462051, 0.324085, 0.0448425][0.00000, 1.00000, 0.00000][0.33896, 0.46351, 0][0.0028415, 0.324085, 0.0419835][0.00000, 1.00000, 0.00000][0.33737, 0.46056, 0][-0.000134498, 0.324085, 0.0404105][0.00000, 1.00000, 0.00000][0.33738, 0.45707, 0][0.0812515, 0.08499, 0.0364925][0.04721, -0.24842, 0.96750][0.75021, 0.56999, 0][0.0545995, 0.047817, 0.0374375][-0.07187, -0.72386, 0.68619][0.73292, 0.53237, 0][0.0800185, 0.085203, 0.0101075][0.36946, -0.38409, 0.84615][0.77148, 0.57095, 0][0.0800185, 0.085203, 0.0101075][0.36946, -0.38409, 0.84615][0.77148, 0.57095, 0][0.0818765, 0.172147, 0.0371655][0.04346, 0.23523, 0.97097][0.75021, 0.66053, 0][0.0812515, 0.08499, 0.0364925][0.04721, -0.24842, 0.96750][0.75021, 0.56999, 0][0.0818765, 0.172147, 0.0371655][0.04346, 0.23523, 0.97097][0.74666, 0.66159, 0][0.0800185, 0.085203, 0.0101075][0.36946, -0.38409, 0.84615][0.76793, 0.57201, 0][0.0806435, 0.17236, 0.0107805][0.47349, 0.29060, 0.83148][0.76793, 0.66255, 0][0.0806435, 0.17236, 0.0107805][0.47349, 0.29060, 0.83148][0.77148, 0.66149, 0][0.0557595, 0.209679, 0.0386875][0.13606, 0.71453, 0.68625][0.73292, 0.70051, 0][0.0818765, 0.172147, 0.0371655][0.04346, 0.23523, 0.97097][0.75021, 0.66053, 0][0.0085715, 0.048471, -0.00447951][0.65270, -0.68994, 0.31299][0.82976, 0.88103, 0][0.0800185, 0.085203, 0.0101075][0.36946, -0.38409, 0.84615][0.77477, 0.92564, 0][0.0545995, 0.047817, 0.0374375][-0.07187, -0.72386, 0.68619][0.77855, 0.87654, 0][0.0800185, 0.085203, 0.0101075][0.36946, -0.38409, 0.84615][0.77477, 0.92564, 0][0.0085715, 0.048471, -0.00447951][0.65270, -0.68994, 0.31299][0.82976, 0.88103, 0][0.0339905, 0.085857, -0.0318095][0.87240, -0.28900, 0.39421][0.82597, 0.93012, 0][0.0339905, 0.085857, -0.0318095][0.87240, -0.28900, 0.39421][0.82597, 0.93012, 0][0.0806435, 0.17236, 0.0107805][0.47349, 0.29060, 0.83148][0.79673, 0.98398, 0][0.0800185, 0.085203, 0.0101075][0.36946, -0.38409, 0.84615][0.77477, 0.92564, 0][0.0806435, 0.17236, 0.0107805][0.47349, 0.29060, 0.83148][0.79673, 0.98398, 0][0.0339905, 0.085857, -0.0318095][0.87240, -0.28900, 0.39421][0.82597, 0.93012, 0][0.0346155, 0.173013, -0.0311365][0.73935, 0.00088, 0.67332][0.84794, 0.98847, 0][0.0346155, 0.173013, -0.0311365][0.86968, 0.45602, 0.18894][0.90509, 0.61033, 0][0.0557595, 0.209679, 0.0386875][0.13606, 0.71453, 0.68625][0.88961, 0.67276, 0][0.0806435, 0.17236, 0.0107805][0.47349, 0.29060, 0.83148][0.86670, 0.63298, 0][0.0557595, 0.209679, 0.0386875][0.13606, 0.71453, 0.68625][0.88961, 0.67276, 0][0.0346155, 0.173013, -0.0311365][0.86968, 0.45602, 0.18894][0.90509, 0.61033, 0][0.0097315, 0.210333, -0.00322951][0.69698, 0.67762, 0.23462][0.92800, 0.65011, 0][0.0339905, 0.085857, -0.0318095][0.87240, -0.28900, 0.39421][0.82597, 0.93012, 0][0.0085715, 0.048471, -0.00447951][0.65270, -0.68994, 0.31299][0.82976, 0.88103, 0][0.0076065, 0.086036, -0.0305755][0.98008, -0.19292, -0.04716][0.84794, 0.91943, 0][0.0076065, 0.086036, -0.0305755][0.98008, -0.19292, -0.04716][0.92770, 0.54925, 0][0.0346155, 0.173013, -0.0311365][0.86968, 0.45602, 0.18894][0.90509, 0.61033, 0][0.0339905, 0.085857, -0.0318095][0.87240, -0.28900, 0.39421][0.90480, 0.54925, 0][0.0346155, 0.173013, -0.0311365][0.86968, 0.45602, 0.18894][0.90509, 0.61033, 0][0.0076065, 0.086036, -0.0305755][0.98008, -0.19292, -0.04716][0.92770, 0.54925, 0][0.0082315, 0.173193, -0.0299015][0.94961, 0.31056, -0.04233][0.92800, 0.61034, 0][0.0082315, 0.173193, -0.0299015][0.94961, 0.31056, -0.04233][0.92800, 0.61034, 0][0.0097315, 0.210333, -0.00322951][0.69698, 0.67762, 0.23462][0.92800, 0.65011, 0][0.0346155, 0.173013, -0.0311365][0.86968, 0.45602, 0.18894][0.90509, 0.61033, 0][-0.0456025, 0.21026, 0.0575305][-0.00772, 0.99994, 0.00717][0.79506, 0.51829, 0][0.0557595, 0.209679, 0.0386875][-0.00772, 0.99994, 0.00717][0.74091, 0.44652, 0][0.0097315, 0.210333, -0.00322951][-0.00773, 0.99994, 0.00717][0.79506, 0.45055, 0][0.0557595, 0.209679, 0.0386875][-0.00772, 0.99994, 0.00717][0.74091, 0.44652, 0][-0.0456025, 0.21026, 0.0575305][-0.00772, 0.99994, 0.00717][0.79506, 0.51829, 0][0.00042551, 0.209607, 0.0994475][-0.00771, 0.99994, 0.00716][0.74091, 0.51426, 0][0.00076551, 0.084885, 0.124871][-0.96736, -0.24963, 0.04355][0.59546, 0.64148, 0][-0.000734489, 0.047744, 0.0981975][-0.68579, -0.72309, -0.08261][0.57267, 0.60151, 0][0.0271505, 0.084705, 0.123636][-0.84592, -0.39002, 0.36374][0.61890, 0.62740, 0][0.0271505, 0.084705, 0.123636][-0.84592, -0.39002, 0.36374][0.61890, 0.62740, 0][0.00139051, 0.172041, 0.125544][-0.97110, 0.23401, 0.04701][0.62066, 0.69428, 0][0.00076551, 0.084885, 0.124871][-0.96736, -0.24963, 0.04355][0.59546, 0.64148, 0][0.00139051, 0.172041, 0.125544][-0.97110, 0.23401, 0.04701][0.62066, 0.69428, 0][0.0271505, 0.084705, 0.123636][-0.84592, -0.39002, 0.36374][0.61890, 0.62740, 0][0.0277745, 0.171862, 0.12431][-0.83162, 0.28306, 0.47780][0.64410, 0.68020, 0][0.0277745, 0.171862, 0.12431][-0.83162, 0.28306, 0.47780][0.64666, 0.76746, 0][0.00042551, 0.209607, 0.0994475][-0.68664, 0.71204, 0.14672][0.68415, 0.78345, 0][0.00139051, 0.172041, 0.125544][-0.97110, 0.23401, 0.04701][0.64967, 0.79087, 0][0.0545995, 0.047817, 0.0374375][-0.07187, -0.72386, 0.68619][0.59787, 0.53237, 0][0.0271505, 0.084705, 0.123636][-0.84592, -0.39002, 0.36374][0.61890, 0.62740, 0][-0.000734489, 0.047744, 0.0981975][-0.68579, -0.72309, -0.08261][0.57267, 0.60151, 0][0.0271505, 0.084705, 0.123636][-0.84592, -0.39002, 0.36374][0.61890, 0.62740, 0][0.0545995, 0.047817, 0.0374375][-0.07187, -0.72386, 0.68619][0.59787, 0.53237, 0][0.0824845, 0.084778, 0.0628765][-0.14145, -0.48382, 0.86366][0.64410, 0.55826, 0][0.0824845, 0.084778, 0.0628765][-0.67328, -0.01049, 0.73931][0.72894, 0.56902, 0][0.0277745, 0.171862, 0.12431][-0.83162, 0.28306, 0.47780][0.64410, 0.66005, 0][0.0271505, 0.084705, 0.123636][-0.84592, -0.39002, 0.36374][0.64410, 0.56951, 0][0.0277745, 0.171862, 0.12431][-0.83162, 0.28306, 0.47780][0.64410, 0.66005, 0][0.0824845, 0.084778, 0.0628765][-0.67328, -0.01049, 0.73931][0.72894, 0.56902, 0][0.0831085, 0.171934, 0.0635495][-0.28863, 0.37233, 0.88208][0.72894, 0.65956, 0][0.0831085, 0.171934, 0.0635495][-0.28863, 0.37233, 0.88208][0.68803, 0.71263, 0][0.00042551, 0.209607, 0.0994475][-0.68664, 0.71204, 0.14672][0.68415, 0.78345, 0][0.0277745, 0.171862, 0.12431][-0.83162, 0.28306, 0.47780][0.64666, 0.76746, 0][0.00042551, 0.209607, 0.0994475][-0.68664, 0.71204, 0.14672][0.68415, 0.78345, 0][0.0831085, 0.171934, 0.0635495][-0.28863, 0.37233, 0.88208][0.68803, 0.71263, 0][0.0557595, 0.209679, 0.0386875][0.13606, 0.71453, 0.68625][0.72551, 0.72862, 0][0.0824845, 0.084778, 0.0628765][-0.14145, -0.48382, 0.86366][0.72894, 0.56902, 0][0.0545995, 0.047817, 0.0374375][-0.07187, -0.72386, 0.68619][0.73292, 0.53237, 0][0.0812515, 0.08499, 0.0364925][0.04721, -0.24842, 0.96750][0.75021, 0.56999, 0][0.0812515, 0.08499, 0.0364925][0.04721, -0.24842, 0.96750][0.75021, 0.56999, 0][0.0831085, 0.171934, 0.0635495][-0.28863, 0.37233, 0.88208][0.72894, 0.65956, 0][0.0824845, 0.084778, 0.0628765][-0.14145, -0.48382, 0.86366][0.72894, 0.56902, 0][0.0831085, 0.171934, 0.0635495][-0.28863, 0.37233, 0.88208][0.72894, 0.65956, 0][0.0812515, 0.08499, 0.0364925][0.04721, -0.24842, 0.96750][0.75021, 0.56999, 0][0.0818765, 0.172147, 0.0371655][0.04346, 0.23523, 0.97097][0.75021, 0.66053, 0][0.0818765, 0.172147, 0.0371655][0.04346, 0.23523, 0.97097][0.75021, 0.66053, 0][0.0557595, 0.209679, 0.0386875][0.13606, 0.71453, 0.68625][0.73292, 0.70051, 0][0.0831085, 0.171934, 0.0635495][-0.28863, 0.37233, 0.88208][0.72894, 0.65956, 0][-0.0728795, 0.085931, 0.0578035][-0.04216, -0.29640, -0.95413][0.45204, 0.84648, 0][-0.0467635, 0.048398, 0.0562805][-0.28908, -0.67126, -0.68253][0.44922, 0.87821, 0][-0.0716475, 0.085718, 0.0841875][-0.26287, -0.44655, -0.85527][0.42946, 0.84655, 0][-0.0716475, 0.085718, 0.0841875][-0.26287, -0.44655, -0.85527][0.42946, 0.84655, 0][-0.0722545, 0.173087, 0.0584765][-0.04729, 0.20746, -0.97710][0.45204, 0.77123, 0][-0.0728795, 0.085931, 0.0578035][-0.04216, -0.29640, -0.95413][0.45204, 0.84648, 0][-0.0722545, 0.173087, 0.0584765][-0.04729, 0.20746, -0.97710][0.45204, 0.77123, 0][-0.0716475, 0.085718, 0.0841875][-0.26287, -0.44655, -0.85527][0.42946, 0.84655, 0][-0.0710225, 0.172875, 0.0848605][-0.22909, 0.48084, -0.84635][0.42946, 0.77130, 0][-0.0710225, 0.172875, 0.0848605][-0.22909, 0.48084, -0.84635][0.42946, 0.77130, 0][-0.0456025, 0.21026, 0.0575305][-0.38228, 0.69417, -0.60991][0.44922, 0.73847, 0][-0.0722545, 0.173087, 0.0584765][-0.04729, 0.20746, -0.97710][0.45204, 0.77123, 0][-0.000734489, 0.047744, 0.0981975][-0.68579, -0.72309, -0.08261][0.57267, 0.60151, 0][-0.0716475, 0.085718, 0.0841875][-0.26287, -0.44655, -0.85527][0.51297, 0.65012, 0][-0.0467635, 0.048398, 0.0562805][-0.28908, -0.67126, -0.68253][0.51363, 0.59607, 0][-0.0716475, 0.085718, 0.0841875][-0.26287, -0.44655, -0.85527][0.51297, 0.65012, 0][-0.000734489, 0.047744, 0.0981975][-0.68579, -0.72309, -0.08261][0.57267, 0.60151, 0][-0.0256185, 0.085064, 0.126105][-0.86788, -0.29675, -0.39840][0.57202, 0.65556, 0][-0.0256185, 0.085064, 0.126105][-0.86788, -0.29675, -0.39840][0.38713, 0.84579, 0][-0.0710225, 0.172875, 0.0848605][-0.73935, -0.00088, -0.67332][0.42946, 0.77130, 0][-0.0716475, 0.085718, 0.0841875][-0.73935, -0.00088, -0.67332][0.42946, 0.84655, 0][-0.0710225, 0.172875, 0.0848605][-0.73935, -0.00088, -0.67332][0.42946, 0.77130, 0][-0.0256185, 0.085064, 0.126105][-0.86788, -0.29675, -0.39840][0.38713, 0.84579, 0][-0.0249935, 0.172221, 0.126777][-0.88231, 0.37610, -0.28300][0.38713, 0.77054, 0][-0.0249935, 0.172221, 0.126777][-0.88231, 0.37610, -0.28300][0.65268, 0.81428, 0][-0.0456025, 0.21026, 0.0575305][-0.38228, 0.69417, -0.60991][0.72551, 0.81994, 0][-0.0710225, 0.172875, 0.0848605][-0.22909, 0.48084, -0.84635][0.69404, 0.85078, 0][-0.0456025, 0.21026, 0.0575305][-0.38228, 0.69417, -0.60991][0.72551, 0.81994, 0][-0.0249935, 0.172221, 0.126777][-0.88231, 0.37610, -0.28300][0.65268, 0.81428, 0][0.00042551, 0.209607, 0.0994475][-0.68664, 0.71204, 0.14672][0.68415, 0.78345, 0][-0.0256185, 0.085064, 0.126105][-0.86788, -0.29675, -0.39840][0.57202, 0.65556, 0][-0.000734489, 0.047744, 0.0981975][-0.68579, -0.72309, -0.08261][0.57267, 0.60151, 0][0.00076551, 0.084885, 0.124871][-0.96736, -0.24963, 0.04355][0.59546, 0.64148, 0][0.00076551, 0.084885, 0.124871][-0.96736, -0.24963, 0.04355][0.59546, 0.64148, 0][-0.0249935, 0.172221, 0.126777][-0.88231, 0.37610, -0.28300][0.59722, 0.70836, 0][-0.0256185, 0.085064, 0.126105][-0.86788, -0.29675, -0.39840][0.57202, 0.65556, 0][-0.0249935, 0.172221, 0.126777][-0.88231, 0.37610, -0.28300][0.59722, 0.70836, 0][0.00076551, 0.084885, 0.124871][-0.96736, -0.24963, 0.04355][0.59546, 0.64148, 0][0.00139051, 0.172041, 0.125544][-0.97110, 0.23401, 0.04701][0.62066, 0.69428, 0][0.00139051, 0.172041, 0.125544][-0.97110, 0.23401, 0.04701][0.64967, 0.79087, 0][0.00042551, 0.209607, 0.0994475][-0.68664, 0.71204, 0.14672][0.68415, 0.78345, 0][-0.0249935, 0.172221, 0.126777][-0.88231, 0.37610, -0.28300][0.65268, 0.81428, 0][0.0085715, 0.048471, -0.00447951][0.00773, -0.99994, -0.00717][0.37364, 0.67610, 0][-0.000734489, 0.047744, 0.0981975][0.00773, -0.99994, -0.00717][0.32381, 0.62533, 0][-0.0467635, 0.048398, 0.0562805][0.00773, -0.99994, -0.00717][0.37364, 0.61211, 0][-0.000734489, 0.047744, 0.0981975][0.00773, -0.99994, -0.00717][0.32381, 0.62533, 0][0.0085715, 0.048471, -0.00447951][0.00773, -0.99994, -0.00717][0.37364, 0.67610, 0][0.0545995, 0.047817, 0.0374375][0.00773, -0.99994, -0.00717][0.32381, 0.68932, 0][0.0076065, 0.086036, -0.0305755][0.95429, -0.29522, -0.04664][0.33915, 0.52348, 0][0.0085715, 0.048471, -0.00447951][0.68287, -0.66651, -0.29909][0.36906, 0.54513, 0][-0.0187785, 0.086216, -0.0293415][0.85180, -0.37165, -0.36920][0.32688, 0.54086, 0][-0.0187785, 0.086216, -0.0293415][0.85180, -0.37165, -0.36920][0.58253, 0.74051, 0][0.0082315, 0.173193, -0.0299015][0.97698, 0.20869, -0.04428][0.53603, 0.78044, 0][0.0076065, 0.086036, -0.0305755][0.95429, -0.29522, -0.04664][0.56366, 0.73000, 0][0.0082315, 0.173193, -0.0299015][0.97698, 0.20869, -0.04428][0.53603, 0.78044, 0][-0.0187785, 0.086216, -0.0293415][0.85180, -0.37165, -0.36920][0.58253, 0.74051, 0][-0.0181535, 0.173372, -0.0286675][0.82709, 0.30269, -0.47360][0.55490, 0.79095, 0][-0.0181535, 0.173372, -0.0286675][0.82709, 0.30269, -0.47360][0.55490, 0.79095, 0][0.0097315, 0.210333, -0.00322951][0.60951, 0.70011, -0.37195][0.51788, 0.81320, 0][0.0082315, 0.173193, -0.0299015][0.97698, 0.20869, -0.04428][0.53603, 0.78044, 0][-0.0467635, 0.048398, 0.0562805][0.32325, -0.68557, -0.65231][0.36906, 0.59774, 0][-0.0187785, 0.086216, -0.0293415][0.85180, -0.37165, -0.36920][0.32688, 0.54086, 0][0.0085715, 0.048471, -0.00447951][0.68287, -0.66651, -0.29909][0.36906, 0.54513, 0][-0.0187785, 0.086216, -0.0293415][0.85180, -0.37165, -0.36920][0.32688, 0.54086, 0][-0.0467635, 0.048398, 0.0562805][0.32325, -0.68557, -0.65231][0.36906, 0.59774, 0][-0.0741125, 0.086143, 0.0314195][0.39851, -0.28357, -0.87223][0.32688, 0.59347, 0][-0.0741125, 0.086143, 0.0314195][0.39851, -0.28357, -0.87223][0.45595, 0.89943, 0][-0.0181535, 0.173372, -0.0286675][0.82709, 0.30269, -0.47360][0.38421, 0.97518, 0][-0.0187785, 0.086216, -0.0293415][0.85180, -0.37165, -0.36920][0.38421, 0.89898, 0][-0.0181535, 0.173372, -0.0286675][0.82709, 0.30269, -0.47360][0.38421, 0.97518, 0][-0.0741125, 0.086143, 0.0314195][0.39851, -0.28357, -0.87223][0.45595, 0.89943, 0][-0.0734875, 0.1733, 0.0320925][0.28273, 0.38935, -0.87662][0.45595, 0.97563, 0][-0.0734875, 0.1733, 0.0320925][0.28273, 0.38935, -0.87662][0.58253, 0.83857, 0][0.0097315, 0.210333, -0.00322951][0.60951, 0.70011, -0.37195][0.51788, 0.81320, 0][-0.0181535, 0.173372, -0.0286675][0.82709, 0.30269, -0.47360][0.55490, 0.79095, 0][0.0097315, 0.210333, -0.00322951][0.60951, 0.70011, -0.37195][0.51788, 0.81320, 0][-0.0734875, 0.1733, 0.0320925][0.28273, 0.38935, -0.87662][0.58253, 0.83857, 0][-0.0456025, 0.21026, 0.0575305][0.22454, 0.68066, -0.69734][0.54551, 0.86082, 0][-0.0741125, 0.086143, 0.0314195][0.39851, -0.28357, -0.87223][0.33737, 0.28959, 0][-0.0467635, 0.048398, 0.0562805][0.32325, -0.68557, -0.65231][0.36797, 0.25129, 0][-0.0728795, 0.085931, 0.0578035][-0.04424, -0.19413, -0.97998][0.36457, 0.28952, 0][-0.0728795, 0.085931, 0.0578035][-0.04424, -0.19413, -0.97998][0.36457, 0.28952, 0][-0.0734875, 0.1733, 0.0320925][0.28273, 0.38935, -0.87662][0.33737, 0.38025, 0][-0.0741125, 0.086143, 0.0314195][0.39851, -0.28357, -0.87223][0.33737, 0.28959, 0][-0.0734875, 0.1733, 0.0320925][0.28273, 0.38935, -0.87662][0.33737, 0.38025, 0][-0.0728795, 0.085931, 0.0578035][-0.04424, -0.19413, -0.97998][0.36457, 0.28952, 0][-0.0722545, 0.173087, 0.0584765][-0.04688, 0.30937, -0.94979][0.36457, 0.38017, 0][-0.0722545, 0.173087, 0.0584765][-0.04688, 0.30937, -0.94979][0.36457, 0.38017, 0][-0.0456025, 0.21026, 0.0575305][0.22454, 0.68066, -0.69734][0.36797, 0.41965, 0][-0.0734875, 0.1733, 0.0320925][0.28273, 0.38935, -0.87662][0.33737, 0.38025, 0][-0.111889, 0.047811, 0.0154775][0.00528, 0.99999, 0.00000][0.79476, 0.54092, 0][-0.0585365, 0.04767, -0.0112355][0.00528, 0.99999, 0.00000][0.77480, 0.59368, 0][-0.111889, 0.04767, -0.0112355][0.00528, 0.99999, 0.00000][0.77480, 0.54182, 0][-0.111889, 0.047811, 0.0154775][0.00528, 0.99999, 0.00000][0.79476, 0.54092, 0][-0.0585365, 0.047811, 0.0154775][0.00528, 0.99999, 0.00000][0.79476, 0.59278, 0][-0.0585365, 0.04767, -0.0112355][0.00528, 0.99999, 0.00000][0.77480, 0.59368, 0][-0.111889, 0.048093, 0.0689055][0.00530, 0.99999, 0.00000][0.83469, 0.53912, 0][-0.0585365, 0.047952, 0.0421925][0.00528, 0.99999, 0.00000][0.81473, 0.59188, 0][-0.111889, 0.047952, 0.0421925][0.00528, 0.99999, 0.00000][0.81473, 0.54002, 0][-0.111889, 0.048093, 0.0689055][0.00530, 0.99999, 0.00000][0.83469, 0.53912, 0][-0.0585365, 0.048093, 0.0689055][0.00530, 0.99999, 0.00000][0.83469, 0.59098, 0][-0.0585365, 0.047952, 0.0421925][0.00528, 0.99999, 0.00000][0.81473, 0.59188, 0][-0.0051835, 0.048093, 0.0689055][0.00530, 0.99999, 0.00000][0.83469, 0.64284, 0][0.0481685, 0.047952, 0.0421925][0.00528, 0.99999, 0.00000][0.81473, 0.69560, 0][-0.0051835, 0.047952, 0.0421925][0.00528, 0.99999, 0.00000][0.81473, 0.64374, 0][-0.0051835, 0.048093, 0.0689055][0.00530, 0.99999, 0.00000][0.83469, 0.64284, 0][0.0481685, 0.048093, 0.0689055][0.00530, 0.99999, 0.00000][0.83469, 0.69470, 0][0.0481685, 0.047952, 0.0421925][0.00528, 0.99999, 0.00000][0.81473, 0.69560, 0][-0.0051835, 0.047811, 0.0154775][0.00528, 0.99999, 0.00000][0.79476, 0.64464, 0][0.0481685, 0.04767, -0.0112355][0.00528, 0.99999, 0.00000][0.77480, 0.69740, 0][-0.0051835, 0.04767, -0.0112355][0.00528, 0.99999, 0.00000][0.77480, 0.64554, 0][-0.0051835, 0.047811, 0.0154775][0.00528, 0.99999, 0.00000][0.79476, 0.64464, 0][0.0481685, 0.047811, 0.0154775][0.00528, 0.99999, 0.00000][0.79476, 0.69650, 0][0.0481685, 0.04767, -0.0112355][0.00528, 0.99999, 0.00000][0.77480, 0.69740, 0][-0.0051835, 0.047952, 0.0421925][0.00528, 0.99999, 0.00000][0.81473, 0.64374, 0][0.0481685, 0.047811, 0.0154775][0.00528, 0.99999, 0.00000][0.79476, 0.69650, 0][-0.0051835, 0.047811, 0.0154775][0.00528, 0.99999, 0.00000][0.79476, 0.64464, 0][-0.0051835, 0.047952, 0.0421925][0.00528, 0.99999, 0.00000][0.81473, 0.64374, 0][0.0481685, 0.047952, 0.0421925][0.00528, 0.99999, 0.00000][0.81473, 0.69560, 0][0.0481685, 0.047811, 0.0154775][0.00528, 0.99999, 0.00000][0.79476, 0.69650, 0][0.0481685, 0.047952, 0.0421925][0.00528, 0.99999, 0.00000][0.81473, 0.69560, 0][0.101522, 0.047811, 0.0154775][0.00528, 0.99999, 0.00000][0.79476, 0.74836, 0][0.0481685, 0.047811, 0.0154775][0.00528, 0.99999, 0.00000][0.79476, 0.69650, 0][0.0481685, 0.047952, 0.0421925][0.00528, 0.99999, 0.00000][0.81473, 0.69560, 0][0.101522, 0.047952, 0.0421925][0.00528, 0.99999, 0.00000][0.81473, 0.74746, 0][0.101522, 0.047811, 0.0154775][0.00528, 0.99999, 0.00000][0.79476, 0.74836, 0][0.0481685, 0.047811, 0.0154775][0.00528, 0.99999, 0.00000][0.79476, 0.69650, 0][0.101522, 0.04767, -0.0112355][0.00528, 0.99999, 0.00000][0.77480, 0.74926, 0][0.0481685, 0.04767, -0.0112355][0.00528, 0.99999, 0.00000][0.77480, 0.69740, 0][0.0481685, 0.047811, 0.0154775][0.00528, 0.99999, 0.00000][0.79476, 0.69650, 0][0.101522, 0.047811, 0.0154775][0.00528, 0.99999, 0.00000][0.79476, 0.74836, 0][0.101522, 0.04767, -0.0112355][0.00528, 0.99999, 0.00000][0.77480, 0.74926, 0][-0.00518349, 0.048235, 0.0956195][0.00531, 0.99999, 0.00000][0.85465, 0.64194, 0][0.0481685, 0.048093, 0.0689055][0.00530, 0.99999, 0.00000][0.83469, 0.69470, 0][-0.0051835, 0.048093, 0.0689055][0.00530, 0.99999, 0.00000][0.83469, 0.64284, 0][-0.00518349, 0.048235, 0.0956195][0.00531, 0.99999, 0.00000][0.85465, 0.64194, 0][0.0481685, 0.048235, 0.0956195][0.00531, 0.99999, 0.00000][0.85465, 0.69380, 0][0.0481685, 0.048093, 0.0689055][0.00530, 0.99999, 0.00000][0.83469, 0.69470, 0][0.0481685, 0.048235, 0.0956195][0.00531, 0.99999, 0.00000][0.85465, 0.69380, 0][0.101522, 0.048093, 0.0689055][0.00530, 0.99999, 0.00000][0.83469, 0.74656, 0][0.0481685, 0.048093, 0.0689055][0.00530, 0.99999, 0.00000][0.83469, 0.69470, 0][0.0481685, 0.048235, 0.0956195][0.00531, 0.99999, 0.00000][0.85465, 0.69380, 0][0.101522, 0.048235, 0.0956195][0.00531, 0.99999, 0.00000][0.85465, 0.74566, 0][0.101522, 0.048093, 0.0689055][0.00530, 0.99999, 0.00000][0.83469, 0.74656, 0][0.0481685, 0.048093, 0.0689055][0.00530, 0.99999, 0.00000][0.83469, 0.69470, 0][0.101522, 0.047952, 0.0421925][0.00528, 0.99999, 0.00000][0.81473, 0.74746, 0][0.0481685, 0.047952, 0.0421925][0.00528, 0.99999, 0.00000][0.81473, 0.69560, 0][0.0481685, 0.048093, 0.0689055][0.00530, 0.99999, 0.00000][0.83469, 0.69470, 0][0.101522, 0.048093, 0.0689055][0.00530, 0.99999, 0.00000][0.83469, 0.74656, 0][0.101522, 0.047952, 0.0421925][0.00528, 0.99999, 0.00000][0.81473, 0.74746, 0][-0.111889, 0.048235, 0.0956195][0.00531, 0.99999, 0.00000][0.85465, 0.53822, 0][-0.0585365, 0.048093, 0.0689055][0.00530, 0.99999, 0.00000][0.83469, 0.59098, 0][-0.111889, 0.048093, 0.0689055][0.00530, 0.99999, 0.00000][0.83469, 0.53912, 0][-0.111889, 0.048235, 0.0956195][0.00531, 0.99999, 0.00000][0.85465, 0.53822, 0][-0.0585365, 0.048235, 0.0956195][0.00531, 0.99999, 0.00000][0.85465, 0.59008, 0][-0.0585365, 0.048093, 0.0689055][0.00530, 0.99999, 0.00000][0.83469, 0.59098, 0][-0.0585365, 0.048235, 0.0956195][0.00531, 0.99999, 0.00000][0.85465, 0.59008, 0][-0.0051835, 0.048093, 0.0689055][0.00530, 0.99999, 0.00000][0.83469, 0.64284, 0][-0.0585365, 0.048093, 0.0689055][0.00530, 0.99999, 0.00000][0.83469, 0.59098, 0][-0.0585365, 0.048235, 0.0956195][0.00531, 0.99999, 0.00000][0.85465, 0.59008, 0][-0.00518349, 0.048235, 0.0956195][0.00531, 0.99999, 0.00000][0.85465, 0.64194, 0][-0.0051835, 0.048093, 0.0689055][0.00530, 0.99999, 0.00000][0.83469, 0.64284, 0][-0.0585365, 0.048093, 0.0689055][0.00530, 0.99999, 0.00000][0.83469, 0.59098, 0][-0.0051835, 0.047952, 0.0421925][0.00528, 0.99999, 0.00000][0.81473, 0.64374, 0][-0.0585365, 0.047952, 0.0421925][0.00528, 0.99999, 0.00000][0.81473, 0.59188, 0][-0.0585365, 0.048093, 0.0689055][0.00530, 0.99999, 0.00000][0.83469, 0.59098, 0][-0.0051835, 0.048093, 0.0689055][0.00530, 0.99999, 0.00000][0.83469, 0.64284, 0][-0.0051835, 0.047952, 0.0421925][0.00528, 0.99999, 0.00000][0.81473, 0.64374, 0][-0.111889, 0.047952, 0.0421925][0.00528, 0.99999, 0.00000][0.81473, 0.54002, 0][-0.0585365, 0.047811, 0.0154775][0.00528, 0.99999, 0.00000][0.79476, 0.59278, 0][-0.111889, 0.047811, 0.0154775][0.00528, 0.99999, 0.00000][0.79476, 0.54092, 0][-0.111889, 0.047952, 0.0421925][0.00528, 0.99999, 0.00000][0.81473, 0.54002, 0][-0.0585365, 0.047952, 0.0421925][0.00528, 0.99999, 0.00000][0.81473, 0.59188, 0][-0.0585365, 0.047811, 0.0154775][0.00528, 0.99999, 0.00000][0.79476, 0.59278, 0][-0.0585365, 0.047952, 0.0421925][0.00528, 0.99999, 0.00000][0.81473, 0.59188, 0][-0.0051835, 0.047811, 0.0154775][0.00528, 0.99999, 0.00000][0.79476, 0.64464, 0][-0.0585365, 0.047811, 0.0154775][0.00528, 0.99999, 0.00000][0.79476, 0.59278, 0][-0.0585365, 0.047952, 0.0421925][0.00528, 0.99999, 0.00000][0.81473, 0.59188, 0][-0.0051835, 0.047952, 0.0421925][0.00528, 0.99999, 0.00000][0.81473, 0.64374, 0][-0.0051835, 0.047811, 0.0154775][0.00528, 0.99999, 0.00000][0.79476, 0.64464, 0][-0.0585365, 0.047811, 0.0154775][0.00528, 0.99999, 0.00000][0.79476, 0.59278, 0][-0.0051835, 0.04767, -0.0112355][0.00528, 0.99999, 0.00000][0.77480, 0.64554, 0][-0.0585365, 0.04767, -0.0112355][0.00528, 0.99999, 0.00000][0.77480, 0.59368, 0][-0.0585365, 0.047811, 0.0154775][0.00528, 0.99999, 0.00000][0.79476, 0.59278, 0][-0.0051835, 0.047811, 0.0154775][0.00528, 0.99999, 0.00000][0.79476, 0.64464, 0][-0.0051835, 0.04767, -0.0112355][0.00528, 0.99999, 0.00000][0.77480, 0.64554, 0][0.101522, 0.047961, -0.0111375][0.99625, -0.08649, 0.00000][0.84673, 0.43490, 0][-0.111889, 0.013173, -0.0081175][0.99625, -0.08649, 0.00000][0.63914, 0.40107, 0][-0.111889, 0.047961, -0.0111375][0.99625, -0.08649, 0.00000][0.63914, 0.43490, 0][0.101522, 0.047961, -0.0111375][0.99625, -0.08649, 0.00000][0.84673, 0.43490, 0][0.101522, 0.013173, -0.00811752][0.99625, -0.08649, 0.00000][0.84673, 0.40107, 0][-0.111889, 0.013173, -0.0081175][0.99625, -0.08649, 0.00000][0.63914, 0.40107, 0][0.101522, 0.01321, -0.00811152][0.95902, 0.28335, 0.00000][0.84673, 0.40107, 0][-0.111889, -0.031598, -0.0213505][0.95902, 0.28335, 0.00000][0.63914, 0.35751, 0][-0.111889, 0.01321, -0.0081115][0.95902, 0.28335, 0.00000][0.63914, 0.40107, 0][0.101522, 0.01321, -0.00811152][0.95902, 0.28335, 0.00000][0.84673, 0.40107, 0][0.101522, -0.031598, -0.0213505][0.95902, 0.28335, 0.00000][0.84673, 0.35751, 0][-0.111889, -0.031598, -0.0213505][0.95902, 0.28335, 0.00000][0.63914, 0.35751, 0][0.101522, -0.076406, -0.0345895][0.95902, 0.28335, 0.00000][0.84673, 0.31394, 0][-0.111889, -0.031598, -0.0213505][0.95902, 0.28335, 0.00000][0.63914, 0.35751, 0][0.101522, -0.031598, -0.0213505][0.95902, 0.28335, 0.00000][0.84673, 0.35751, 0][0.101522, -0.076406, -0.0345895][0.95902, 0.28335, 0.00000][0.84673, 0.31394, 0][-0.111889, -0.076406, -0.0345895][0.95902, 0.28335, 0.00000][0.63914, 0.31394, 0][-0.111889, -0.031598, -0.0213505][0.95902, 0.28335, 0.00000][0.63914, 0.35751, 0][0.101522, -0.076406, -0.0345895][0.95902, 0.28335, 0.00000][0.84673, 0.31394, 0][-0.111889, -0.121214, -0.0478285][0.95902, 0.28335, 0.00000][0.63914, 0.27037, 0][-0.111889, -0.076406, -0.0345895][0.95902, 0.28335, 0.00000][0.63914, 0.31394, 0][0.101522, -0.076406, -0.0345895][0.95902, 0.28335, 0.00000][0.84673, 0.31394, 0][0.101521, -0.121214, -0.0478285][0.95902, 0.28335, 0.00000][0.84673, 0.27037, 0][-0.111889, -0.121214, -0.0478285][0.95902, 0.28335, 0.00000][0.63914, 0.27037, 0][-0.111889, -0.017241, 0.0946235][-0.99992, -0.01229, 0.00005][0.82622, 0.37999, 0][0.101522, 0.047955, 0.0954145][-0.99992, -0.01229, 0.00005][0.65376, 0.43267, 0][-0.111889, 0.047955, 0.0954245][-0.99992, -0.01229, 0.00005][0.82622, 0.43267, 0][-0.111889, -0.017241, 0.0946235][-0.99992, -0.01229, 0.00005][0.82622, 0.37999, 0][0.101522, -0.017241, 0.0946135][-0.99992, -0.01229, 0.00005][0.65376, 0.37999, 0][0.101522, 0.047955, 0.0954145][-0.99992, -0.01229, 0.00005][0.65376, 0.43267, 0][0.101264, -0.017238, 0.0944175][0.00000, 0.00000, 1.00000][0.13703, 0.21579, 0][0.101264, 0.047952, 0.0689065][0.00000, 0.00000, 1.00000][0.20107, 0.19485, 0][0.101264, 0.047952, 0.0956205][0.00000, 0.00000, 1.00000][0.20107, 0.21468, 0][0.101264, -0.017238, 0.0944175][0.00000, 0.00000, 1.00000][0.13703, 0.21579, 0][0.101264, -0.009633, 0.0688085][0.00000, 0.00000, 1.00000][0.14450, 0.19655, 0][0.101264, 0.047952, 0.0689065][0.00000, 0.00000, 1.00000][0.20107, 0.19485, 0][0.101264, -0.106817, 0.0678145][0.00000, 0.00000, 1.00000][0.04903, 0.19880, 0][0.101264, -0.054423, 0.0555075][0.00000, 0.00000, 1.00000][0.10050, 0.18805, 0][0.101264, -0.062028, 0.0811165][0.00000, 0.00000, 1.00000][0.09303, 0.20729, 0][0.101264, -0.106817, 0.0678145][0.00000, 0.00000, 1.00000][0.04903, 0.19880, 0][0.101264, -0.099212, 0.0422055][0.00000, 0.00000, 1.00000][0.05650, 0.17956, 0][0.101264, -0.054423, 0.0555075][0.00000, 0.00000, 1.00000][0.10050, 0.18805, 0][0.101264, -0.091607, 0.0165975][0.00000, 0.00000, 1.00000][0.06397, 0.16032, 0][0.101264, -0.039212, 0.00428948][0.00000, 0.00000, 1.00000][0.11544, 0.14957, 0][0.101264, -0.046818, 0.0298985][0.00000, 0.00000, 1.00000][0.10797, 0.16881, 0][0.101264, -0.091607, 0.0165975][0.00000, 0.00000, 1.00000][0.06397, 0.16032, 0][0.101264, -0.084002, -0.00901152][0.00000, 0.00000, 1.00000][0.07144, 0.14108, 0][0.101264, -0.039212, 0.00428948][0.00000, 0.00000, 1.00000][0.11544, 0.14957, 0][0.101264, -0.00202799, 0.0431995][0.00000, 0.00000, 1.00000][0.15197, 0.17731, 0][0.101264, 0.047952, 0.0154775][0.00000, 0.00000, 1.00000][0.20107, 0.15519, 0][0.101264, 0.047952, 0.0421915][0.00000, 0.00000, 1.00000][0.20107, 0.17502, 0][0.101264, -0.00202799, 0.0431995][0.00000, 0.00000, 1.00000][0.15197, 0.17731, 0][0.101264, 0.00557703, 0.0175905][0.00000, 0.00000, 1.00000][0.15944, 0.15807, 0][0.101264, 0.047952, 0.0154775][0.00000, 0.00000, 1.00000][0.20107, 0.15519, 0][0.101264, -0.046818, 0.0298985][0.00000, 0.00000, 1.00000][0.10797, 0.16881, 0][0.101264, 0.00557703, 0.0175905][0.00000, 0.00000, 1.00000][0.15944, 0.15807, 0][0.101264, -0.00202799, 0.0431995][0.00000, 0.00000, 1.00000][0.15197, 0.17731, 0][0.101264, -0.046818, 0.0298985][0.00000, 0.00000, 1.00000][0.10797, 0.16881, 0][0.101264, -0.039212, 0.00428948][0.00000, 0.00000, 1.00000][0.11544, 0.14957, 0][0.101264, 0.00557703, 0.0175905][0.00000, 0.00000, 1.00000][0.15944, 0.15807, 0][0.101264, -0.039212, 0.00428948][0.00000, 0.00000, 1.00000][0.11544, 0.14957, 0][0.101264, 0.013182, -0.00801852][0.00000, 0.00000, 1.00000][0.16691, 0.13882, 0][0.101264, 0.00557703, 0.0175905][0.00000, 0.00000, 1.00000][0.15944, 0.15807, 0][0.101264, -0.039212, 0.00428948][0.00000, 0.00000, 1.00000][0.11544, 0.14957, 0][0.101264, -0.031607, -0.0213195][0.00000, 0.00000, 1.00000][0.12291, 0.13033, 0][0.101264, 0.013182, -0.00801852][0.00000, 0.00000, 1.00000][0.16691, 0.13882, 0][0.101264, 0.00557703, 0.0175905][0.00000, 0.00000, 1.00000][0.15944, 0.15807, 0][0.101264, 0.047952, -0.0112365][0.00000, 0.00000, 1.00000][0.20107, 0.13537, 0][0.101264, 0.047952, 0.0154775][0.00000, 0.00000, 1.00000][0.20107, 0.15519, 0][0.101264, 0.00557703, 0.0175905][0.00000, 0.00000, 1.00000][0.15944, 0.15807, 0][0.101264, 0.013182, -0.00801852][0.00000, 0.00000, 1.00000][0.16691, 0.13882, 0][0.101264, 0.047952, -0.0112365][0.00000, 0.00000, 1.00000][0.20107, 0.13537, 0][0.101264, -0.136397, 0.00329548][0.00000, 0.00000, 1.00000][0.01997, 0.15182, 0][0.101264, -0.084002, -0.00901152][0.00000, 0.00000, 1.00000][0.07144, 0.14108, 0][0.101264, -0.091607, 0.0165975][0.00000, 0.00000, 1.00000][0.06397, 0.16032, 0][0.101264, -0.136397, 0.00329548][0.00000, 0.00000, 1.00000][0.01997, 0.15182, 0][0.101264, -0.128792, -0.0223135][0.00000, 0.00000, 1.00000][0.02744, 0.13258, 0][0.101264, -0.084002, -0.00901152][0.00000, 0.00000, 1.00000][0.07144, 0.14108, 0][0.101264, -0.128792, -0.0223135][0.00000, 0.00000, 1.00000][0.02744, 0.13258, 0][0.101264, -0.076397, -0.0346205][0.00000, 0.00000, 1.00000][0.07891, 0.12183, 0][0.101264, -0.084002, -0.00901152][0.00000, 0.00000, 1.00000][0.07144, 0.14108, 0][0.101264, -0.128792, -0.0223135][0.00000, 0.00000, 1.00000][0.02744, 0.13258, 0][0.101263, -0.121186, -0.0479215][0.00000, 0.00000, 1.00000][0.03492, 0.11334, 0][0.101264, -0.076397, -0.0346205][0.00000, 0.00000, 1.00000][0.07891, 0.12183, 0][0.101264, -0.084002, -0.00901152][0.00000, 0.00000, 1.00000][0.07144, 0.14108, 0][0.101264, -0.031607, -0.0213195][0.00000, 0.00000, 1.00000][0.12291, 0.13033, 0][0.101264, -0.039212, 0.00428948][0.00000, 0.00000, 1.00000][0.11544, 0.14957, 0][0.101264, -0.084002, -0.00901152][0.00000, 0.00000, 1.00000][0.07144, 0.14108, 0][0.101264, -0.076397, -0.0346205][0.00000, 0.00000, 1.00000][0.07891, 0.12183, 0][0.101264, -0.031607, -0.0213195][0.00000, 0.00000, 1.00000][0.12291, 0.13033, 0][0.101264, -0.151607, 0.0545135][0.00000, 0.00000, 1.00000][0.00503, 0.19030, 0][0.101264, -0.099212, 0.0422055][0.00000, 0.00000, 1.00000][0.05650, 0.17956, 0][0.101264, -0.106817, 0.0678145][0.00000, 0.00000, 1.00000][0.04903, 0.19880, 0][0.101264, -0.151607, 0.0545135][0.00000, 0.00000, 1.00000][0.00503, 0.19030, 0][0.101264, -0.144002, 0.0289045][0.00000, 0.00000, 1.00000][0.01250, 0.17106, 0][0.101264, -0.099212, 0.0422055][0.00000, 0.00000, 1.00000][0.05650, 0.17956, 0][0.101264, -0.144002, 0.0289045][0.00000, 0.00000, 1.00000][0.01250, 0.17106, 0][0.101264, -0.091607, 0.0165975][0.00000, 0.00000, 1.00000][0.06397, 0.16032, 0][0.101264, -0.099212, 0.0422055][0.00000, 0.00000, 1.00000][0.05650, 0.17956, 0][0.101264, -0.144002, 0.0289045][0.00000, 0.00000, 1.00000][0.01250, 0.17106, 0][0.101264, -0.136397, 0.00329548][0.00000, 0.00000, 1.00000][0.01997, 0.15182, 0][0.101264, -0.091607, 0.0165975][0.00000, 0.00000, 1.00000][0.06397, 0.16032, 0][0.101264, -0.099212, 0.0422055][0.00000, 0.00000, 1.00000][0.05650, 0.17956, 0][0.101264, -0.046818, 0.0298985][0.00000, 0.00000, 1.00000][0.10797, 0.16881, 0][0.101264, -0.054423, 0.0555075][0.00000, 0.00000, 1.00000][0.10050, 0.18805, 0][0.101264, -0.099212, 0.0422055][0.00000, 0.00000, 1.00000][0.05650, 0.17956, 0][0.101264, -0.091607, 0.0165975][0.00000, 0.00000, 1.00000][0.06397, 0.16032, 0][0.101264, -0.046818, 0.0298985][0.00000, 0.00000, 1.00000][0.10797, 0.16881, 0][0.101264, -0.062028, 0.0811165][0.00000, 0.00000, 1.00000][0.09303, 0.20729, 0][0.101264, -0.009633, 0.0688085][0.00000, 0.00000, 1.00000][0.14450, 0.19655, 0][0.101264, -0.017238, 0.0944175][0.00000, 0.00000, 1.00000][0.13703, 0.21579, 0][0.101264, -0.062028, 0.0811165][0.00000, 0.00000, 1.00000][0.09303, 0.20729, 0][0.101264, -0.054423, 0.0555075][0.00000, 0.00000, 1.00000][0.10050, 0.18805, 0][0.101264, -0.009633, 0.0688085][0.00000, 0.00000, 1.00000][0.14450, 0.19655, 0][0.101264, -0.054423, 0.0555075][0.00000, 0.00000, 1.00000][0.10050, 0.18805, 0][0.101264, -0.00202799, 0.0431995][0.00000, 0.00000, 1.00000][0.15197, 0.17731, 0][0.101264, -0.009633, 0.0688085][0.00000, 0.00000, 1.00000][0.14450, 0.19655, 0][0.101264, -0.054423, 0.0555075][0.00000, 0.00000, 1.00000][0.10050, 0.18805, 0][0.101264, -0.046818, 0.0298985][0.00000, 0.00000, 1.00000][0.10797, 0.16881, 0][0.101264, -0.00202799, 0.0431995][0.00000, 0.00000, 1.00000][0.15197, 0.17731, 0][0.101264, -0.009633, 0.0688085][0.00000, 0.00000, 1.00000][0.14450, 0.19655, 0][0.101264, 0.047952, 0.0421915][0.00000, 0.00000, 1.00000][0.20107, 0.17502, 0][0.101264, 0.047952, 0.0689065][0.00000, 0.00000, 1.00000][0.20107, 0.19485, 0][0.101264, -0.009633, 0.0688085][0.00000, 0.00000, 1.00000][0.14450, 0.19655, 0][0.101264, -0.00202799, 0.0431995][0.00000, 0.00000, 1.00000][0.15197, 0.17731, 0][0.101264, 0.047952, 0.0421915][0.00000, 0.00000, 1.00000][0.20107, 0.17502, 0][-0.111308, 0.013182, -0.0080185][0.00000, 0.00000, -1.00000][0.48168, 0.56916, 0][-0.111308, 0.047952, 0.0154775][0.00000, 0.00000, -1.00000][0.46708, 0.53234, 0][-0.111308, 0.047952, -0.0112365][0.00000, 0.00000, -1.00000][0.49152, 0.53746, 0][-0.111308, 0.013182, -0.0080185][0.00000, 0.00000, -1.00000][0.48168, 0.56916, 0][-0.111308, 0.00557703, 0.0175905][0.00000, 0.00000, -1.00000][0.45674, 0.57133, 0][-0.111308, 0.047952, 0.0154775][0.00000, 0.00000, -1.00000][0.46708, 0.53234, 0][-0.111308, -0.076397, -0.0346205][0.00000, 0.00000, -1.00000][0.48824, 0.65753, 0][-0.111308, -0.039212, 0.0042895][0.00000, 0.00000, -1.00000][0.46002, 0.61551, 0][-0.111308, -0.031607, -0.0213195][0.00000, 0.00000, -1.00000][0.48496, 0.61335, 0][-0.111308, -0.076397, -0.0346205][0.00000, 0.00000, -1.00000][0.48824, 0.65753, 0][-0.111308, -0.084002, -0.0090115][0.00000, 0.00000, -1.00000][0.46330, 0.65969, 0][-0.111308, -0.039212, 0.0042895][0.00000, 0.00000, -1.00000][0.46002, 0.61551, 0][-0.111308, -0.091607, 0.0165975][0.00000, 0.00000, -1.00000][0.43836, 0.66185, 0][-0.111308, -0.054423, 0.0555075][0.00000, 0.00000, -1.00000][0.41014, 0.61983, 0][-0.111308, -0.046818, 0.0298985][0.00000, 0.00000, -1.00000][0.43508, 0.61767, 0][-0.111308, -0.091607, 0.0165975][0.00000, 0.00000, -1.00000][0.43836, 0.66185, 0][-0.111308, -0.099212, 0.0422055][0.00000, 0.00000, -1.00000][0.41342, 0.66401, 0][-0.111308, -0.054423, 0.0555075][0.00000, 0.00000, -1.00000][0.41014, 0.61983, 0][-0.111308, -0.00202799, 0.0431995][0.00000, 0.00000, -1.00000][0.43180, 0.57349, 0][-0.111308, 0.047952, 0.0689065][0.00000, 0.00000, -1.00000][0.41819, 0.52211, 0][-0.111308, 0.047952, 0.0421915][0.00000, 0.00000, -1.00000][0.44263, 0.52723, 0][-0.111308, -0.00202799, 0.0431995][0.00000, 0.00000, -1.00000][0.43180, 0.57349, 0][-0.111308, -0.009633, 0.0688085][0.00000, 0.00000, -1.00000][0.40685, 0.57565, 0][-0.111308, 0.047952, 0.0689065][0.00000, 0.00000, -1.00000][0.41819, 0.52211, 0][-0.111308, -0.046818, 0.0298985][0.00000, 0.00000, -1.00000][0.43508, 0.61767, 0][-0.111308, -0.009633, 0.0688085][0.00000, 0.00000, -1.00000][0.40685, 0.57565, 0][-0.111308, -0.00202799, 0.0431995][0.00000, 0.00000, -1.00000][0.43180, 0.57349, 0][-0.111308, -0.046818, 0.0298985][0.00000, 0.00000, -1.00000][0.43508, 0.61767, 0][-0.111308, -0.054423, 0.0555075][0.00000, 0.00000, -1.00000][0.41014, 0.61983, 0][-0.111308, -0.009633, 0.0688085][0.00000, 0.00000, -1.00000][0.40685, 0.57565, 0][-0.111308, -0.054423, 0.0555075][0.00000, 0.00000, -1.00000][0.41014, 0.61983, 0][-0.111308, -0.017238, 0.0944175][0.00000, 0.00000, -1.00000][0.38191, 0.57782, 0][-0.111308, -0.009633, 0.0688085][0.00000, 0.00000, -1.00000][0.40685, 0.57565, 0][-0.111308, -0.054423, 0.0555075][0.00000, 0.00000, -1.00000][0.41014, 0.61983, 0][-0.111308, -0.062028, 0.0811155][0.00000, 0.00000, -1.00000][0.38519, 0.62200, 0][-0.111308, -0.017238, 0.0944175][0.00000, 0.00000, -1.00000][0.38191, 0.57782, 0][-0.111308, -0.009633, 0.0688085][0.00000, 0.00000, -1.00000][0.40685, 0.57565, 0][-0.111308, 0.047952, 0.0956205][0.00000, 0.00000, -1.00000][0.39375, 0.51699, 0][-0.111308, 0.047952, 0.0689065][0.00000, 0.00000, -1.00000][0.41819, 0.52211, 0][-0.111308, -0.009633, 0.0688085][0.00000, 0.00000, -1.00000][0.40685, 0.57565, 0][-0.111308, -0.017238, 0.0944175][0.00000, 0.00000, -1.00000][0.38191, 0.57782, 0][-0.111308, 0.047952, 0.0956205][0.00000, 0.00000, -1.00000][0.39375, 0.51699, 0][-0.111308, -0.136397, 0.0032955][0.00000, 0.00000, -1.00000][0.44164, 0.70603, 0][-0.111308, -0.099212, 0.0422055][0.00000, 0.00000, -1.00000][0.41342, 0.66401, 0][-0.111308, -0.091607, 0.0165975][0.00000, 0.00000, -1.00000][0.43836, 0.66185, 0][-0.111308, -0.136397, 0.0032955][0.00000, 0.00000, -1.00000][0.44164, 0.70603, 0][-0.111308, -0.144002, 0.0289045][0.00000, 0.00000, -1.00000][0.41670, 0.70819, 0][-0.111308, -0.099212, 0.0422055][0.00000, 0.00000, -1.00000][0.41342, 0.66401, 0][-0.111308, -0.144002, 0.0289045][0.00000, 0.00000, -1.00000][0.41670, 0.70819, 0][-0.111308, -0.106817, 0.0678145][0.00000, 0.00000, -1.00000][0.38848, 0.66618, 0][-0.111308, -0.099212, 0.0422055][0.00000, 0.00000, -1.00000][0.41342, 0.66401, 0][-0.111308, -0.144002, 0.0289045][0.00000, 0.00000, -1.00000][0.41670, 0.70819, 0][-0.111308, -0.151607, 0.0545135][0.00000, 0.00000, -1.00000][0.39176, 0.71036, 0][-0.111308, -0.106817, 0.0678145][0.00000, 0.00000, -1.00000][0.38848, 0.66618, 0][-0.111308, -0.099212, 0.0422055][0.00000, 0.00000, -1.00000][0.41342, 0.66401, 0][-0.111308, -0.062028, 0.0811155][0.00000, 0.00000, -1.00000][0.38519, 0.62200, 0][-0.111308, -0.054423, 0.0555075][0.00000, 0.00000, -1.00000][0.41014, 0.61983, 0][-0.111308, -0.099212, 0.0422055][0.00000, 0.00000, -1.00000][0.41342, 0.66401, 0][-0.111308, -0.106817, 0.0678145][0.00000, 0.00000, -1.00000][0.38848, 0.66618, 0][-0.111308, -0.062028, 0.0811155][0.00000, 0.00000, -1.00000][0.38519, 0.62200, 0][-0.111308, -0.121186, -0.0479215][0.00000, 0.00000, -1.00000][0.49152, 0.70170, 0][-0.111308, -0.084002, -0.0090115][0.00000, 0.00000, -1.00000][0.46330, 0.65969, 0][-0.111308, -0.076397, -0.0346205][0.00000, 0.00000, -1.00000][0.48824, 0.65753, 0][-0.111308, -0.121186, -0.0479215][0.00000, 0.00000, -1.00000][0.49152, 0.70170, 0][-0.111308, -0.128791, -0.0223125][0.00000, 0.00000, -1.00000][0.46658, 0.70387, 0][-0.111308, -0.084002, -0.0090115][0.00000, 0.00000, -1.00000][0.46330, 0.65969, 0][-0.111308, -0.128791, -0.0223125][0.00000, 0.00000, -1.00000][0.46658, 0.70387, 0][-0.111308, -0.091607, 0.0165975][0.00000, 0.00000, -1.00000][0.43836, 0.66185, 0][-0.111308, -0.084002, -0.0090115][0.00000, 0.00000, -1.00000][0.46330, 0.65969, 0][-0.111308, -0.128791, -0.0223125][0.00000, 0.00000, -1.00000][0.46658, 0.70387, 0][-0.111308, -0.136397, 0.0032955][0.00000, 0.00000, -1.00000][0.44164, 0.70603, 0][-0.111308, -0.091607, 0.0165975][0.00000, 0.00000, -1.00000][0.43836, 0.66185, 0][-0.111308, -0.084002, -0.0090115][0.00000, 0.00000, -1.00000][0.46330, 0.65969, 0][-0.111308, -0.046818, 0.0298985][0.00000, 0.00000, -1.00000][0.43508, 0.61767, 0][-0.111308, -0.039212, 0.0042895][0.00000, 0.00000, -1.00000][0.46002, 0.61551, 0][-0.111308, -0.084002, -0.0090115][0.00000, 0.00000, -1.00000][0.46330, 0.65969, 0][-0.111308, -0.091607, 0.0165975][0.00000, 0.00000, -1.00000][0.43836, 0.66185, 0][-0.111308, -0.046818, 0.0298985][0.00000, 0.00000, -1.00000][0.43508, 0.61767, 0][-0.111308, -0.031607, -0.0213195][0.00000, 0.00000, -1.00000][0.48496, 0.61335, 0][-0.111308, 0.00557703, 0.0175905][0.00000, 0.00000, -1.00000][0.45674, 0.57133, 0][-0.111308, 0.013182, -0.0080185][0.00000, 0.00000, -1.00000][0.48168, 0.56916, 0][-0.111308, -0.031607, -0.0213195][0.00000, 0.00000, -1.00000][0.48496, 0.61335, 0][-0.111308, -0.039212, 0.0042895][0.00000, 0.00000, -1.00000][0.46002, 0.61551, 0][-0.111308, 0.00557703, 0.0175905][0.00000, 0.00000, -1.00000][0.45674, 0.57133, 0][-0.111308, -0.039212, 0.0042895][0.00000, 0.00000, -1.00000][0.46002, 0.61551, 0][-0.111308, -0.00202799, 0.0431995][0.00000, 0.00000, -1.00000][0.43180, 0.57349, 0][-0.111308, 0.00557703, 0.0175905][0.00000, 0.00000, -1.00000][0.45674, 0.57133, 0][-0.111308, -0.039212, 0.0042895][0.00000, 0.00000, -1.00000][0.46002, 0.61551, 0][-0.111308, -0.046818, 0.0298985][0.00000, 0.00000, -1.00000][0.43508, 0.61767, 0][-0.111308, -0.00202799, 0.0431995][0.00000, 0.00000, -1.00000][0.43180, 0.57349, 0][-0.111308, 0.00557703, 0.0175905][0.00000, 0.00000, -1.00000][0.45674, 0.57133, 0][-0.111308, 0.047952, 0.0421915][0.00000, 0.00000, -1.00000][0.44263, 0.52723, 0][-0.111308, 0.047952, 0.0154775][0.00000, 0.00000, -1.00000][0.46708, 0.53234, 0][-0.111308, 0.00557703, 0.0175905][0.00000, 0.00000, -1.00000][0.45674, 0.57133, 0][-0.111308, -0.00202799, 0.0431995][0.00000, 0.00000, -1.00000][0.43180, 0.57349, 0][-0.111308, 0.047952, 0.0421915][0.00000, 0.00000, -1.00000][0.44263, 0.52723, 0][-0.111797, -0.142735, 0.0294235][0.14734, -0.98909, 0.00000][0.00189, 0.90996, 0][-0.0851255, -0.146671, 0.0558455][0.14734, -0.98909, 0.00000][0.02780, 0.93616, 0][-0.111797, -0.146671, 0.0558455][0.14734, -0.98909, 0.00000][0.00189, 0.93614, 0][-0.111797, -0.142735, 0.0294235][0.14734, -0.98909, 0.00000][0.00189, 0.90996, 0][-0.0851255, -0.142735, 0.0294235][0.14734, -0.98909, 0.00000][0.02780, 0.90999, 0][-0.0851255, -0.146671, 0.0558455][0.14734, -0.98909, 0.00000][0.02780, 0.93616, 0][-0.0584535, -0.142735, 0.0294235][0.14733, -0.98909, 0.00000][0.05370, 0.91001, 0][-0.0317825, -0.146671, 0.0558465][0.14734, -0.98909, -0.00000][0.07961, 0.93621, 0][-0.0584535, -0.146671, 0.0558465][0.14734, -0.98909, 0.00000][0.05370, 0.93619, 0][-0.0584535, -0.142735, 0.0294235][0.14733, -0.98909, 0.00000][0.05370, 0.91001, 0][-0.0317825, -0.142735, 0.0294235][0.14733, -0.98909, -0.00000][0.07961, 0.91003, 0][-0.0317825, -0.146671, 0.0558465][0.14734, -0.98909, -0.00000][0.07961, 0.93621, 0][-0.0584535, -0.138799, 0.0029995][0.14733, -0.98909, 0.00000][0.05370, 0.88383, 0][-0.0317825, -0.142735, 0.0294235][0.14733, -0.98909, -0.00000][0.07961, 0.91003, 0][-0.0584535, -0.142735, 0.0294235][0.14733, -0.98909, 0.00000][0.05370, 0.91001, 0][-0.0584535, -0.138799, 0.0029995][0.14733, -0.98909, 0.00000][0.05370, 0.88383, 0][-0.0317825, -0.138799, 0.00299949][0.14733, -0.98909, 0.00000][0.07961, 0.88385, 0][-0.0317825, -0.142735, 0.0294235][0.14733, -0.98909, -0.00000][0.07961, 0.91003, 0][-0.0317825, -0.138799, 0.00299949][0.14733, -0.98909, 0.00000][0.07961, 0.88385, 0][-0.00511149, -0.142735, 0.0294235][0.14734, -0.98909, -0.00000][0.10552, 0.91005, 0][-0.0317825, -0.142735, 0.0294235][0.14733, -0.98909, -0.00000][0.07961, 0.91003, 0][-0.0317825, -0.138799, 0.00299949][0.14733, -0.98909, 0.00000][0.07961, 0.88385, 0][-0.0051115, -0.138799, 0.00299949][0.14733, -0.98909, 0.00000][0.10552, 0.88388, 0][-0.00511149, -0.142735, 0.0294235][0.14734, -0.98909, -0.00000][0.10552, 0.91005, 0][-0.0317825, -0.142735, 0.0294235][0.14733, -0.98909, -0.00000][0.07961, 0.91003, 0][-0.00511149, -0.146671, 0.0558455][0.14734, -0.98909, -0.00001][0.10552, 0.93623, 0][-0.0317825, -0.146671, 0.0558465][0.14734, -0.98909, -0.00000][0.07961, 0.93621, 0][-0.0317825, -0.142735, 0.0294235][0.14733, -0.98909, -0.00000][0.07961, 0.91003, 0][-0.00511149, -0.142735, 0.0294235][0.14734, -0.98909, -0.00000][0.10552, 0.91005, 0][-0.00511149, -0.146671, 0.0558455][0.14734, -0.98909, -0.00001][0.10552, 0.93623, 0][-0.111797, -0.138799, 0.0029995][0.14733, -0.98909, 0.00000][0.00189, 0.88379, 0][-0.0851255, -0.142735, 0.0294235][0.14734, -0.98909, 0.00000][0.02780, 0.90999, 0][-0.111797, -0.142735, 0.0294235][0.14734, -0.98909, 0.00000][0.00189, 0.90996, 0][-0.111797, -0.138799, 0.0029995][0.14733, -0.98909, 0.00000][0.00189, 0.88379, 0][-0.0851255, -0.138799, 0.0029995][0.14733, -0.98909, 0.00000][0.02780, 0.88381, 0][-0.0851255, -0.142735, 0.0294235][0.14734, -0.98909, 0.00000][0.02780, 0.90999, 0][-0.0851255, -0.138799, 0.0029995][0.14733, -0.98909, 0.00000][0.02780, 0.88381, 0][-0.0584535, -0.142735, 0.0294235][0.14733, -0.98909, 0.00000][0.05370, 0.91001, 0][-0.0851255, -0.142735, 0.0294235][0.14734, -0.98909, 0.00000][0.02780, 0.90999, 0][-0.0851255, -0.138799, 0.0029995][0.14733, -0.98909, 0.00000][0.02780, 0.88381, 0][-0.0584535, -0.138799, 0.0029995][0.14733, -0.98909, 0.00000][0.05370, 0.88383, 0][-0.0584535, -0.142735, 0.0294235][0.14733, -0.98909, 0.00000][0.05370, 0.91001, 0][-0.0851255, -0.142735, 0.0294235][0.14734, -0.98909, 0.00000][0.02780, 0.90999, 0][-0.0584535, -0.146671, 0.0558465][0.14734, -0.98909, 0.00000][0.05370, 0.93619, 0][-0.0851255, -0.146671, 0.0558455][0.14734, -0.98909, 0.00000][0.02780, 0.93616, 0][-0.0851255, -0.142735, 0.0294235][0.14734, -0.98909, 0.00000][0.02780, 0.90999, 0][-0.0584535, -0.142735, 0.0294235][0.14733, -0.98909, 0.00000][0.05370, 0.91001, 0][-0.0584535, -0.146671, 0.0558465][0.14734, -0.98909, 0.00000][0.05370, 0.93619, 0][0.101409, -0.128649, -0.0226035][0.28332, -0.95903, 0.00001][0.70801, 0.48461, 0][0.0480565, -0.121081, -0.0482225][0.28332, -0.95903, 0.00000][0.73549, 0.42986, 0][0.101408, -0.121081, -0.0482225][0.28330, -0.95903, 0.00000][0.73549, 0.48502, 0][0.101409, -0.128649, -0.0226035][0.28332, -0.95903, 0.00001][0.70801, 0.48461, 0][0.0480565, -0.12865, -0.0226025][0.28332, -0.95902, -0.00000][0.70801, 0.42945, 0][0.0480565, -0.121081, -0.0482225][0.28332, -0.95903, 0.00000][0.73549, 0.42986, 0][0.101409, -0.143788, 0.0286355][0.28335, -0.95902, 0.00001][0.65304, 0.48379, 0][0.0480565, -0.136219, 0.00301649][0.28334, -0.95902, -0.00000][0.68052, 0.42904, 0][0.101409, -0.136218, 0.00301648][0.28333, -0.95902, 0.00002][0.68052, 0.48420, 0][0.101409, -0.143788, 0.0286355][0.28335, -0.95902, 0.00001][0.65304, 0.48379, 0][0.0480565, -0.143788, 0.0286355][0.28335, -0.95902, 0.00000][0.65304, 0.42864, 0][0.0480565, -0.136219, 0.00301649][0.28334, -0.95902, -0.00000][0.68052, 0.42904, 0][-0.00529649, -0.143788, 0.0286355][0.28336, -0.95901, -0.00001][0.65304, 0.37348, 0][-0.0586485, -0.136218, 0.0030165][0.28335, -0.95902, 0.00001][0.68052, 0.31873, 0][-0.0052965, -0.136218, 0.00301649][0.28335, -0.95902, -0.00001][0.68052, 0.37389, 0][-0.00529649, -0.143788, 0.0286355][0.28336, -0.95901, -0.00001][0.65304, 0.37348, 0][-0.0586485, -0.143788, 0.0286355][0.28337, -0.95901, 0.00000][0.65304, 0.31833, 0][-0.0586485, -0.136218, 0.0030165][0.28335, -0.95902, 0.00001][0.68052, 0.31873, 0][-0.0052965, -0.128649, -0.0226025][0.28332, -0.95902, -0.00000][0.70801, 0.37430, 0][-0.0586485, -0.121081, -0.0482225][0.28329, -0.95903, 0.00000][0.73549, 0.31955, 0][-0.0052965, -0.121081, -0.0482225][0.28331, -0.95903, 0.00000][0.73549, 0.37471, 0][-0.0052965, -0.128649, -0.0226025][0.28332, -0.95902, -0.00000][0.70801, 0.37430, 0][-0.0586485, -0.128649, -0.0226025][0.28332, -0.95903, 0.00001][0.70801, 0.31914, 0][-0.0586485, -0.121081, -0.0482225][0.28329, -0.95903, 0.00000][0.73549, 0.31955, 0][-0.0052965, -0.136218, 0.00301649][0.28335, -0.95902, -0.00001][0.68052, 0.37389, 0][-0.0586485, -0.128649, -0.0226025][0.28332, -0.95903, 0.00001][0.70801, 0.31914, 0][-0.0052965, -0.128649, -0.0226025][0.28332, -0.95902, -0.00000][0.70801, 0.37430, 0][-0.0052965, -0.136218, 0.00301649][0.28335, -0.95902, -0.00001][0.68052, 0.37389, 0][-0.0586485, -0.136218, 0.0030165][0.28335, -0.95902, 0.00001][0.68052, 0.31873, 0][-0.0586485, -0.128649, -0.0226025][0.28332, -0.95903, 0.00001][0.70801, 0.31914, 0][-0.0586485, -0.136218, 0.0030165][0.28335, -0.95902, 0.00001][0.68052, 0.31873, 0][-0.112002, -0.12865, -0.0226035][0.28332, -0.95903, 0.00001][0.70801, 0.26399, 0][-0.0586485, -0.128649, -0.0226025][0.28332, -0.95903, 0.00001][0.70801, 0.31914, 0][-0.0586485, -0.136218, 0.0030165][0.28335, -0.95902, 0.00001][0.68052, 0.31873, 0][-0.112002, -0.136218, 0.0030165][0.28335, -0.95902, 0.00001][0.68052, 0.26358, 0][-0.112002, -0.12865, -0.0226035][0.28332, -0.95903, 0.00001][0.70801, 0.26399, 0][-0.0586485, -0.128649, -0.0226025][0.28332, -0.95903, 0.00001][0.70801, 0.31914, 0][-0.112002, -0.121081, -0.0482225][0.28329, -0.95903, 0.00000][0.73549, 0.26439, 0][-0.0586485, -0.121081, -0.0482225][0.28329, -0.95903, 0.00000][0.73549, 0.31955, 0][-0.0586485, -0.128649, -0.0226025][0.28332, -0.95903, 0.00001][0.70801, 0.31914, 0][-0.112002, -0.12865, -0.0226035][0.28332, -0.95903, 0.00001][0.70801, 0.26399, 0][-0.112002, -0.121081, -0.0482225][0.28329, -0.95903, 0.00000][0.73549, 0.26439, 0][-0.0586485, -0.143788, 0.0286355][0.28337, -0.95901, 0.00000][0.65304, 0.31833, 0][-0.112002, -0.136218, 0.0030165][0.28335, -0.95902, 0.00001][0.68052, 0.26358, 0][-0.0586485, -0.136218, 0.0030165][0.28335, -0.95902, 0.00001][0.68052, 0.31873, 0][-0.0586485, -0.143788, 0.0286355][0.28337, -0.95901, 0.00000][0.65304, 0.31833, 0][-0.112002, -0.143788, 0.0286355][0.28337, -0.95901, 0.00000][0.65304, 0.26317, 0][-0.112002, -0.136218, 0.0030165][0.28335, -0.95902, 0.00001][0.68052, 0.26358, 0][0.101409, -0.151358, 0.0542555][0.28336, -0.95901, 0.00000][0.62555, 0.48338, 0][0.0480565, -0.143788, 0.0286355][0.28335, -0.95902, 0.00000][0.65304, 0.42864, 0][0.101409, -0.143788, 0.0286355][0.28335, -0.95902, 0.00001][0.65304, 0.48379, 0][0.101409, -0.151358, 0.0542555][0.28336, -0.95901, 0.00000][0.62555, 0.48338, 0][0.0480565, -0.151358, 0.0542555][0.28336, -0.95901, 0.00000][0.62555, 0.42823, 0][0.0480565, -0.143788, 0.0286355][0.28335, -0.95902, 0.00000][0.65304, 0.42864, 0][0.0480565, -0.151358, 0.0542555][0.28336, -0.95901, 0.00000][0.62555, 0.42823, 0][-0.00529649, -0.143788, 0.0286355][0.28336, -0.95901, -0.00001][0.65304, 0.37348, 0][0.0480565, -0.143788, 0.0286355][0.28335, -0.95902, 0.00000][0.65304, 0.42864, 0][0.0480565, -0.151358, 0.0542555][0.28336, -0.95901, 0.00000][0.62555, 0.42823, 0][-0.00529649, -0.151358, 0.0542555][0.28336, -0.95901, 0.00000][0.62555, 0.37307, 0][-0.00529649, -0.143788, 0.0286355][0.28336, -0.95901, -0.00001][0.65304, 0.37348, 0][0.0480565, -0.143788, 0.0286355][0.28335, -0.95902, 0.00000][0.65304, 0.42864, 0][-0.0052965, -0.136218, 0.00301649][0.28335, -0.95902, -0.00001][0.68052, 0.37389, 0][0.0480565, -0.136219, 0.00301649][0.28334, -0.95902, -0.00000][0.68052, 0.42904, 0][0.0480565, -0.143788, 0.0286355][0.28335, -0.95902, 0.00000][0.65304, 0.42864, 0][-0.00529649, -0.143788, 0.0286355][0.28336, -0.95901, -0.00001][0.65304, 0.37348, 0][-0.0052965, -0.136218, 0.00301649][0.28335, -0.95902, -0.00001][0.68052, 0.37389, 0][0.101409, -0.136218, 0.00301648][0.28333, -0.95902, 0.00002][0.68052, 0.48420, 0][0.0480565, -0.12865, -0.0226025][0.28332, -0.95902, -0.00000][0.70801, 0.42945, 0][0.101409, -0.128649, -0.0226035][0.28332, -0.95903, 0.00001][0.70801, 0.48461, 0][0.101409, -0.136218, 0.00301648][0.28333, -0.95902, 0.00002][0.68052, 0.48420, 0][0.0480565, -0.136219, 0.00301649][0.28334, -0.95902, -0.00000][0.68052, 0.42904, 0][0.0480565, -0.12865, -0.0226025][0.28332, -0.95902, -0.00000][0.70801, 0.42945, 0][0.0480565, -0.136219, 0.00301649][0.28334, -0.95902, -0.00000][0.68052, 0.42904, 0][-0.0052965, -0.128649, -0.0226025][0.28332, -0.95902, -0.00000][0.70801, 0.37430, 0][0.0480565, -0.12865, -0.0226025][0.28332, -0.95902, -0.00000][0.70801, 0.42945, 0][0.0480565, -0.136219, 0.00301649][0.28334, -0.95902, -0.00000][0.68052, 0.42904, 0][-0.0052965, -0.136218, 0.00301649][0.28335, -0.95902, -0.00001][0.68052, 0.37389, 0][-0.0052965, -0.128649, -0.0226025][0.28332, -0.95902, -0.00000][0.70801, 0.37430, 0][0.0480565, -0.12865, -0.0226025][0.28332, -0.95902, -0.00000][0.70801, 0.42945, 0][-0.0052965, -0.121081, -0.0482225][0.28331, -0.95903, 0.00000][0.73549, 0.37471, 0][0.0480565, -0.121081, -0.0482225][0.28332, -0.95903, 0.00000][0.73549, 0.42986, 0][0.0480565, -0.12865, -0.0226025][0.28332, -0.95902, -0.00000][0.70801, 0.42945, 0][-0.0052965, -0.128649, -0.0226025][0.28332, -0.95902, -0.00000][0.70801, 0.37430, 0][-0.0052965, -0.121081, -0.0482225][0.28331, -0.95903, 0.00000][0.73549, 0.37471, 0]