version 1.00
480
[-0.313920,1.750437,0.543725][0.409996,0.572389,-0.710123][0.583329,0.509308,0][-0.000000,1.719676,0.501761][0.000000,0.672179,-0.740389][0.666662,0.509308,0][-0.250881,1.719676,0.434538][0.370193,0.672176,-0.641199][0.583329,0.509308,0][0.434538,1.719676,-0.250881][-0.641199,0.672176,0.370193][-0.000005,0.509308,0][0.313920,1.750437,-0.543725][-0.409996,0.572389,0.710123][0.083329,0.509308,0][0.250881,1.719676,-0.434538][-0.370193,0.672176,0.641199][0.083329,0.509308,0][-0.313920,1.750437,-0.543725][0.409996,0.572389,0.710123][0.249995,0.509308,0][-0.434538,1.719676,-0.250881][0.641199,0.672176,0.370193][0.333329,0.509308,0][-0.250881,1.719676,-0.434538][0.370193,0.672176,0.641199][0.249995,0.509308,0][-0.000000,1.750437,0.627840][0.000000,0.572384,-0.819985][0.666662,0.509308,0][0.250881,1.719676,0.434538][-0.370193,0.672176,-0.641199][0.749995,0.509308,0][-0.000000,1.719676,0.501761][0.000000,0.672179,-0.740389][0.666662,0.509308,0][-0.543725,1.750437,0.313920][0.710123,0.572389,-0.409996][0.499995,0.509308,0][-0.250881,1.719676,0.434538][0.370193,0.672176,-0.641199][0.583329,0.509308,0][-0.434538,1.719676,0.250880][0.641199,0.672176,-0.370193][0.499995,0.509308,0][0.501761,1.719676,-0.000001][-0.740389,0.672179,0.000000][0.916662,0.509308,0][0.543725,1.750437,-0.313920][-0.710123,0.572389,0.409996][0.999995,0.509308,0][0.434538,1.719676,-0.250881][-0.641199,0.672176,0.370193][0.999995,0.509308,0][-0.000000,1.750437,-0.627840][0.000000,0.572384,0.819985][0.166662,0.509308,0][-0.250881,1.719676,-0.434538][0.370193,0.672176,0.641199][0.249995,0.509308,0][-0.000000,1.719676,-0.501762][0.000000,0.672179,0.740389][0.166662,0.509308,0][-0.501761,1.719676,-0.000000][0.740389,0.672179,0.000000][0.416662,0.509308,0][-0.543725,1.750437,0.313920][0.710123,0.572389,-0.409996][0.499995,0.509308,0][-0.434538,1.719676,0.250880][0.641199,0.672176,-0.370193][0.499995,0.509308,0][0.543725,1.750437,0.313919][-0.710123,0.572389,-0.409996][0.833328,0.509308,0][0.501761,1.719676,-0.000001][-0.740389,0.672179,0.000000][0.916662,0.509308,0][0.434538,1.719676,0.250880][-0.641199,0.672176,-0.370193][0.833328,0.509308,0][0.313920,1.750437,-0.543725][-0.409996,0.572389,0.710123][0.083329,0.509308,0][-0.000000,1.719676,-0.501762][0.000000,0.672179,0.740389][0.166662,0.509308,0][0.250881,1.719676,-0.434538][-0.370193,0.672176,0.641199][0.083329,0.509308,0][0.667841,-0.987231,1.156732][-0.483394,0.255476,-0.837295][0.833333,0.063031,0][1.041543,-1.209802,0.601334][-0.597295,0.724103,-0.344839][0.916667,0.026355,0][0.601336,-1.209802,1.041542][-0.344839,0.724103,-0.597295][0.833333,0.026355,0][-0.543725,1.750437,-0.313920][0.710123,0.572389,0.409996][0.333329,0.509308,0][-0.501761,1.719676,-0.000000][0.740389,0.672179,0.000000][0.416662,0.509308,0][-0.434538,1.719676,-0.250881][0.641199,0.672176,0.370193][0.333329,0.509308,0][-0.543725,2.093203,-0.313920][0.735928,-0.527149,0.424881][0.333329,0.560438,0][-0.627840,1.750437,-0.000000][0.819985,0.572384,0.000000][0.416662,0.509308,0][-0.543725,1.750437,-0.313920][0.710123,0.572389,0.409996][0.333329,0.509308,0][-0.250881,1.719676,-0.434538][0.370193,0.672176,0.641199][0.249995,0.509308,0][-0.434538,1.332803,-0.250881][0.552274,-0.770272,0.318864][0.333331,0.444757,0][-0.250881,1.332803,-0.434538][0.318864,-0.770272,0.552274][0.249998,0.444757,0][0.434538,1.719676,-0.250881][-0.641199,0.672176,0.370193][-0.000005,0.509308,0][0.250881,1.332803,-0.434538][-0.318864,-0.770272,0.552274][0.083331,0.444757,0][0.434538,1.332803,-0.250881][-0.552274,-0.770272,0.318864][-0.000003,0.444757,0][-0.250881,1.719676,0.434538][0.370193,0.672176,-0.641199][0.583329,0.509308,0][0.000000,1.332803,0.501761][0.000000,-0.770266,-0.637723][0.666664,0.444757,0][-0.250881,1.332803,0.434538][0.318864,-0.770272,-0.552274][0.583331,0.444757,0][0.250881,1.719676,0.434538][-0.370193,0.672176,-0.641199][0.749995,0.509308,0][0.434538,1.332803,0.250880][-0.552274,-0.770272,-0.318864][0.833331,0.444757,0][0.250881,1.332803,0.434538][-0.318864,-0.770272,-0.552274][0.749997,0.444757,0][-0.434538,1.719676,-0.250881][0.641199,0.672176,0.370193][0.333329,0.509308,0][-0.501761,1.332803,-0.000000][0.637723,-0.770266,0.000000][0.416664,0.444757,0][-0.434538,1.332803,-0.250881][0.552274,-0.770272,0.318864][0.333331,0.444757,0][0.250881,1.719676,-0.434538][-0.370193,0.672176,0.641199][0.083329,0.509308,0][-0.000000,1.332803,-0.501762][0.000000,-0.770266,0.637723][0.166664,0.444757,0][0.250881,1.332803,-0.434538][-0.318864,-0.770272,0.552274][0.083331,0.444757,0][0.434538,1.719676,0.250880][-0.641199,0.672176,-0.370193][0.833328,0.509308,0][0.501761,1.332803,-0.000001][-0.637723,-0.770266,0.000000][0.916664,0.444757,0][0.434538,1.332803,0.250880][-0.552274,-0.770272,-0.318864][0.833331,0.444757,0][-0.501761,1.719676,-0.000000][0.740389,0.672179,0.000000][0.416662,0.509308,0][-0.434538,1.332803,0.250880][0.552274,-0.770272,-0.318864][0.499998,0.444757,0][-0.501761,1.332803,-0.000000][0.637723,-0.770266,0.000000][0.416664,0.444757,0][-0.000000,1.719676,-0.501762][0.000000,0.672179,0.740389][0.166662,0.509308,0][-0.250881,1.332803,-0.434538][0.318864,-0.770272,0.552274][0.249998,0.444757,0][-0.000000,1.332803,-0.501762][0.000000,-0.770266,0.637723][0.166664,0.444757,0][0.501761,1.719676,-0.000001][-0.740389,0.672179,0.000000][0.916662,0.509308,0][0.434538,1.332803,-0.250881][-0.552274,-0.770272,0.318864][0.999997,0.444757,0][0.501761,1.332803,-0.000001][-0.637723,-0.770266,0.000000][0.916664,0.444757,0][-0.434538,1.719676,0.250880][0.641199,0.672176,-0.370193][0.499995,0.509308,0][-0.250881,1.332803,0.434538][0.318864,-0.770272,-0.552274][0.583331,0.444757,0][-0.434538,1.332803,0.250880][0.552274,-0.770272,-0.318864][0.499998,0.444757,0][0.313920,1.750437,0.543725][-0.409996,0.572389,-0.710123][0.749995,0.509308,0][0.434538,1.719676,0.250880][-0.641199,0.672176,-0.370193][0.833328,0.509308,0][0.250881,1.719676,0.434538][-0.370193,0.672176,-0.641199][0.749995,0.509308,0][-0.250881,1.332803,-0.434538][0.318864,-0.770272,0.552274][0.333331,0.444757,0][-0.715577,1.332803,-0.413139][0.198711,-0.973321,0.114722][0.416664,0.444757,0][-0.413139,1.332803,-0.715577][0.114722,-0.973321,0.198711][0.333331,0.444757,0][0.000000,1.332803,0.826277][0.000000,-0.973315,-0.229473][0.749997,0.444757,0][0.250881,1.332803,0.434538][-0.318864,-0.770272,-0.552274][0.833331,0.444757,0][0.413139,1.332803,0.715576][-0.114722,-0.973321,-0.198711][0.833331,0.444757,0][-0.434538,1.332803,0.250880][0.552274,-0.770272,-0.318864][0.583331,0.444757,0][-0.413138,1.332803,0.715577][0.114722,-0.973321,-0.198711][0.666664,0.444757,0][-0.715577,1.332803,0.413138][0.198711,-0.973321,-0.114722][0.583331,0.444757,0][0.501761,1.332803,-0.000001][-0.637723,-0.770266,0.000000][-0.000003,0.444757,0][0.715577,1.332803,-0.413139][-0.198711,-0.973321,0.114722][0.083331,0.444757,0][0.826277,1.332803,-0.000001][-0.229473,-0.973315,0.000000][-0.000003,0.444757,0][-0.000000,1.332803,-0.501762][0.000000,-0.770266,0.637723][0.249998,0.444757,0][-0.413139,1.332803,-0.715577][0.114722,-0.973321,0.198711][0.333331,0.444757,0][-0.000000,1.332803,-0.826277][0.000000,-0.973315,0.229473][0.249998,0.444757,0][-0.826277,1.332803,-0.000000][0.229473,-0.973315,0.000000][0.499998,0.444757,0][-0.434538,1.332803,0.250880][0.552274,-0.770272,-0.318864][0.583331,0.444757,0][-0.715577,1.332803,0.413138][0.198711,-0.973321,-0.114722][0.583331,0.444757,0][0.434538,1.332803,0.250880][-0.552274,-0.770272,-0.318864][0.916664,0.444757,0][0.826277,1.332803,-0.000001][-0.229473,-0.973315,0.000000][0.999997,0.444757,0][0.715577,1.332803,0.413138][-0.198711,-0.973321,-0.114722][0.916664,0.444757,0][0.413138,1.332803,-0.715577][-0.114722,-0.973321,0.198711][0.166664,0.444757,0][-0.000000,1.332803,-0.501762][0.000000,-0.770266,0.637723][0.249998,0.444757,0][-0.000000,1.332803,-0.826277][0.000000,-0.973315,0.229473][0.249998,0.444757,0][-0.434538,1.332803,-0.250881][0.552274,-0.770272,0.318864][0.416664,0.444757,0][-0.826277,1.332803,-0.000000][0.229473,-0.973315,0.000000][0.499998,0.444757,0][-0.715577,1.332803,-0.413139][0.198711,-0.973321,0.114722][0.416664,0.444757,0][0.250881,1.332803,0.434538][-0.318864,-0.770272,-0.552274][0.833331,0.444757,0][0.715577,1.332803,0.413138][-0.198711,-0.973321,-0.114722][0.916664,0.444757,0][0.413139,1.332803,0.715576][-0.114722,-0.973321,-0.198711][0.833331,0.444757,0][-0.413138,1.332803,0.715577][0.114722,-0.973321,-0.198711][0.666664,0.444757,0][0.000000,1.332803,0.501761][0.000000,-0.770266,-0.637723][0.749997,0.444757,0][0.000000,1.332803,0.826277][0.000000,-0.973315,-0.229473][0.749997,0.444757,0][-0.000000,1.719676,0.501761][0.000000,0.672179,-0.740389][0.666662,0.509308,0][0.250881,1.332803,0.434538][-0.318864,-0.770272,-0.552274][0.749997,0.444757,0][0.000000,1.332803,0.501761][0.000000,-0.770266,-0.637723][0.666664,0.444757,0][-1.133453,1.203287,-0.000000][0.649393,-0.760453,0.000000][0.500000,0.423993,0][-1.156733,0.922167,0.667840][0.828047,-0.292923,-0.478053][0.583333,0.377669,0][-1.335680,0.922167,-0.000000][0.956136,-0.292923,0.000000][0.500000,0.377669,0][-0.667840,0.922167,1.156733][0.478053,-0.292923,-0.828047][0.666667,0.377669,0][0.000000,1.203287,1.133452][0.000000,-0.760453,-0.649393][0.750000,0.423993,0][0.000000,0.922167,1.335680][0.000000,-0.292923,-0.956136][0.750000,0.377669,0][0.000000,1.203287,1.133452][0.000000,-0.760453,-0.649393][0.750000,0.423993,0][0.667841,0.922167,1.156732][-0.478053,-0.292923,-0.828047][0.833333,0.377669,0][0.000000,0.922167,1.335680][0.000000,-0.292923,-0.956136][0.750000,0.377669,0][-0.981599,1.203287,-0.566727][0.562406,-0.760444,0.324692][0.416667,0.423993,0][-1.335680,0.922167,-0.000000][0.956136,-0.292923,0.000000][0.500000,0.377669,0][-1.156733,0.922167,-0.667840][0.828047,-0.292923,0.478053][0.416667,0.377669,0][-0.566726,1.203287,-0.981599][0.324692,-0.760444,0.562406][0.333333,0.423993,0][-1.156733,0.922167,-0.667840][0.828047,-0.292923,0.478053][0.416667,0.377669,0][-0.667840,0.922167,-1.156733][0.478053,-0.292923,0.828047][0.333333,0.377669,0][-0.000000,1.203287,-1.133453][0.000000,-0.760453,0.649393][0.250000,0.423993,0][-0.667840,0.922167,-1.156733][0.478053,-0.292923,0.828047][0.333333,0.377669,0][-0.000000,0.922167,-1.335680][0.000000,-0.292923,0.956136][0.250000,0.377669,0][0.667840,0.922167,-1.156733][-0.478053,-0.292923,0.828047][0.166667,0.377669,0][-0.000000,1.203287,-1.133453][0.000000,-0.760453,0.649393][0.250000,0.423993,0][-0.000000,0.922167,-1.335680][0.000000,-0.292923,0.956136][0.250000,0.377669,0][0.981598,1.203287,-0.566727][-0.562406,-0.760444,0.324692][0.083333,0.423993,0][0.667840,0.922167,-1.156733][-0.478053,-0.292923,0.828047][0.166667,0.377669,0][1.156732,0.922167,-0.667841][-0.828047,-0.292923,0.478053][0.083333,0.377669,0][1.133453,1.203287,-0.000001][-0.649393,-0.760453,0.000000][0.000000,0.423993,0][1.156732,0.922167,-0.667841][-0.828047,-0.292923,0.478053][0.083333,0.377669,0][1.335680,0.922167,-0.000001][-0.956136,-0.292923,0.000000][0.000000,0.377669,0][0.981599,1.203287,0.566725][-0.562406,-0.760444,-0.324692][0.916667,0.423993,0][1.335680,0.922167,-0.000001][-0.956136,-0.292923,0.000000][1.000000,0.377669,0][1.156733,0.922167,0.667839][-0.828047,-0.292923,-0.478053][0.916667,0.377669,0][-0.981599,1.203287,0.566726][0.562406,-0.760444,-0.324692][0.583333,0.423993,0][-0.667840,0.922167,1.156733][0.478053,-0.292923,-0.828047][0.666667,0.377669,0][-1.156733,0.922167,0.667840][0.828047,-0.292923,-0.478053][0.583333,0.377669,0][0.667841,0.922167,1.156732][-0.478053,-0.292923,-0.828047][0.833333,0.377669,0][0.981599,1.203287,0.566725][-0.562406,-0.760444,-0.324692][0.916667,0.423993,0][1.156733,0.922167,0.667839][-0.828047,-0.292923,-0.478053][0.916667,0.377669,0][0.434538,1.332803,-0.250881][-0.552274,-0.770272,0.318864][0.083331,0.444757,0][0.413138,1.332803,-0.715577][-0.114722,-0.973321,0.198711][0.166664,0.444757,0][0.715577,1.332803,-0.413139][-0.198711,-0.973321,0.114722][0.083331,0.444757,0][0.454082,2.132751,0.262164][-0.182170,-0.977627,-0.105170][0.833328,0.560438,0][0.627840,2.093203,-0.000001][-0.849770,-0.527154,0.000000][0.916662,0.560438,0][0.543725,2.093203,0.313919][-0.735928,-0.527149,-0.424881][0.833328,0.560438,0][-0.543725,2.093203,0.313920][0.735928,-0.527149,-0.424881][0.499995,0.560438,0][-0.313920,1.750437,0.543725][0.409996,0.572389,-0.710123][0.583329,0.509308,0][-0.543725,1.750437,0.313920][0.710123,0.572389,-0.409996][0.499995,0.509308,0][0.313920,2.093203,0.543725][-0.424881,-0.527149,-0.735928][0.749995,0.560438,0][0.543725,1.750437,0.313919][-0.710123,0.572389,-0.409996][0.833328,0.509308,0][0.313920,1.750437,0.543725][-0.409996,0.572389,-0.710123][0.749995,0.509308,0][0.627840,2.093203,-0.000001][-0.849770,-0.527154,0.000000][0.916662,0.560438,0][0.543725,1.750437,-0.313920][-0.710123,0.572389,0.409996][0.999995,0.509308,0][0.627840,1.750437,-0.000001][-0.819985,0.572384,0.000000][0.916662,0.509308,0][0.313920,2.093203,-0.543725][-0.424881,-0.527149,0.735928][0.083329,0.560438,0][-0.000000,1.750437,-0.627840][0.000000,0.572384,0.819985][0.166662,0.509308,0][0.313920,1.750437,-0.543725][-0.409996,0.572389,0.710123][0.083329,0.509308,0][-0.000000,2.093203,0.627839][0.000000,-0.527154,-0.849770][0.666662,0.560438,0][0.313920,1.750437,0.543725][-0.409996,0.572389,-0.710123][0.749995,0.509308,0][-0.000000,1.750437,0.627840][0.000000,0.572384,-0.819985][0.666662,0.509308,0][-0.313920,2.093203,-0.543725][0.424881,-0.527149,0.735928][0.249995,0.560438,0][-0.543725,1.750437,-0.313920][0.710123,0.572389,0.409996][0.333329,0.509308,0][-0.313920,1.750437,-0.543725][0.409996,0.572389,0.710123][0.249995,0.509308,0][0.543725,2.093203,0.313919][-0.735928,-0.527149,-0.424881][0.833328,0.560438,0][0.627840,1.750437,-0.000001][-0.819985,0.572384,0.000000][0.916662,0.509308,0][0.543725,1.750437,0.313919][-0.710123,0.572389,-0.409996][0.833328,0.509308,0][-0.627840,2.093203,-0.000000][0.849770,-0.527154,0.000000][0.416662,0.560438,0][-0.543725,1.750437,0.313920][0.710123,0.572389,-0.409996][0.499995,0.509308,0][-0.627840,1.750437,-0.000000][0.819985,0.572384,0.000000][0.416662,0.509308,0][0.543725,2.093203,-0.313920][-0.735928,-0.527149,0.424881][-0.000005,0.560438,0][0.313920,1.750437,-0.543725][-0.409996,0.572389,0.710123][0.083329,0.509308,0][0.543725,1.750437,-0.313920][-0.710123,0.572389,0.409996][-0.000005,0.509308,0][-0.313920,2.093203,0.543725][0.424881,-0.527149,-0.735928][0.583329,0.560438,0][-0.000000,1.750437,0.627840][0.000000,0.572384,-0.819985][0.666662,0.509308,0][-0.313920,1.750437,0.543725][0.409996,0.572389,-0.710123][0.583329,0.509308,0][-0.000000,2.093203,-0.627840][0.000000,-0.527154,0.849770][0.166662,0.560438,0][-0.313920,1.750437,-0.543725][0.409996,0.572389,0.710123][0.249995,0.509308,0][-0.000000,1.750437,-0.627840][0.000000,0.572384,0.819985][0.166662,0.509308,0][-0.454082,2.132751,0.262164][0.182170,-0.977627,-0.105170][0.416667,0.560430,0][-0.524329,2.132751,-0.000000][0.210369,-0.977622,0.000000][0.333333,0.560430,0][-0.000000,2.132752,-0.000000][0.000000,-1.000000,0.000000][0.516126,0.560430,0][0.262164,2.132751,-0.454082][-0.105170,-0.977627,0.182170][0.083329,0.560438,0][-0.000000,2.093203,-0.627840][0.000000,-0.527154,0.849770][0.166662,0.560438,0][0.313920,2.093203,-0.543725][-0.424881,-0.527149,0.735928][0.083329,0.560438,0][-0.543725,2.093203,-0.313920][0.735928,-0.527149,0.424881][0.333329,0.560438,0][-0.524329,2.132751,-0.000000][0.210369,-0.977622,0.000000][0.416662,0.560438,0][-0.627840,2.093203,-0.000000][0.849770,-0.527154,0.000000][0.416662,0.560438,0][0.262165,2.132751,0.454081][-0.105170,-0.977627,-0.182170][0.749995,0.560438,0][0.543725,2.093203,0.313919][-0.735928,-0.527149,-0.424881][0.833328,0.560438,0][0.313920,2.093203,0.543725][-0.424881,-0.527149,-0.735928][0.749995,0.560438,0][-0.262164,2.132751,0.454082][0.105170,-0.977627,-0.182170][0.583329,0.560438,0][-0.000000,2.093203,0.627839][0.000000,-0.527154,-0.849770][0.666662,0.560438,0][-0.313920,2.093203,0.543725][0.424881,-0.527149,-0.735928][0.583329,0.560438,0][0.454082,2.132751,-0.262165][-0.182170,-0.977627,0.105170][-0.000005,0.560438,0][0.313920,2.093203,-0.543725][-0.424881,-0.527149,0.735928][0.083329,0.560438,0][0.543725,2.093203,-0.313920][-0.735928,-0.527149,0.424881][-0.000005,0.560438,0][-0.262164,2.132751,-0.454082][0.105170,-0.977627,0.182170][0.249995,0.560438,0][-0.543725,2.093203,-0.313920][0.735928,-0.527149,0.424881][0.333329,0.560438,0][-0.313920,2.093203,-0.543725][0.424881,-0.527149,0.735928][0.249995,0.560438,0][-0.000000,2.132751,0.524328][0.000000,-0.977622,-0.210369][0.666662,0.560438,0][0.313920,2.093203,0.543725][-0.424881,-0.527149,-0.735928][0.749995,0.560438,0][-0.000000,2.093203,0.627839][0.000000,-0.527154,-0.849770][0.666662,0.560438,0][-0.454082,2.132751,0.262164][0.182170,-0.977627,-0.105170][0.499995,0.560438,0][-0.313920,2.093203,0.543725][0.424881,-0.527149,-0.735928][0.583329,0.560438,0][-0.543725,2.093203,0.313920][0.735928,-0.527149,-0.424881][0.499995,0.560438,0][0.524329,2.132751,-0.000001][-0.210369,-0.977622,0.000000][0.916662,0.560438,0][0.543725,2.093203,-0.313920][-0.735928,-0.527149,0.424881][0.999995,0.560438,0][0.627840,2.093203,-0.000001][-0.849770,-0.527154,0.000000][0.916662,0.560438,0][-0.000000,2.132751,-0.524329][0.000000,-0.977622,0.210369][0.166662,0.560438,0][-0.313920,2.093203,-0.543725][0.424881,-0.527149,0.735928][0.249995,0.560438,0][-0.000000,2.093203,-0.627840][0.000000,-0.527154,0.849770][0.166662,0.560438,0][-0.524329,2.132751,-0.000000][0.210369,-0.977622,0.000000][0.416662,0.560438,0][-0.543725,2.093203,0.313920][0.735928,-0.527149,-0.424881][0.499995,0.560438,0][-0.627840,2.093203,-0.000000][0.849770,-0.527154,0.000000][0.416662,0.560438,0][-1.202669,-1.209802,-0.000000][0.689700,0.724095,0.000000][0.500000,0.026355,0][-0.792575,-1.337733,0.457593][0.208233,0.970664,-0.120215][0.583333,0.005274,0][-0.915187,-1.337733,-0.000000][0.240431,0.970666,0.000000][0.500000,0.005274,0][-0.667840,-0.987231,1.156733][0.483394,0.255476,-0.837295][0.666667,0.063031,0][-1.041542,-1.209802,0.601335][0.597295,0.724103,-0.344839][0.583333,0.026355,0][-1.156733,-0.987231,0.667840][0.837295,0.255476,-0.483394][0.583333,0.063031,0][1.156733,-0.987231,0.667839][-0.837295,0.255476,-0.483394][0.916667,0.063031,0][1.202670,-1.209802,-0.000001][-0.689700,0.724095,0.000000][1.000000,0.026355,0][1.041543,-1.209802,0.601334][-0.597295,0.724103,-0.344839][0.916667,0.026355,0][1.335680,-0.987231,-0.000001][-0.966816,0.255476,0.000000][0.000000,0.063031,0][1.041542,-1.209802,-0.601335][-0.597295,0.724103,0.344839][0.083333,0.026355,0][1.202670,-1.209802,-0.000001][-0.689700,0.724095,0.000000][0.000000,0.026355,0][0.667840,-0.987231,-1.156733][-0.483394,0.255476,0.837295][0.166667,0.063031,0][1.041542,-1.209802,-0.601335][-0.597295,0.724103,0.344839][0.083333,0.026355,0][1.156733,-0.987231,-0.667840][-0.837295,0.255476,0.483394][0.083333,0.063031,0][0.667840,-0.987231,-1.156733][-0.483394,0.255476,0.837295][0.166667,0.063031,0][-0.000000,-1.209802,-1.202670][0.000000,0.724095,0.689700][0.250000,0.026355,0][0.601335,-1.209802,-1.041543][-0.344839,0.724103,0.597295][0.166667,0.026355,0][-0.000000,-0.987231,-1.335680][0.000000,0.255476,0.966816][0.250000,0.063031,0][-0.601335,-1.209802,-1.041542][0.344839,0.724103,0.597295][0.333333,0.026355,0][-0.000000,-1.209802,-1.202670][0.000000,0.724095,0.689700][0.250000,0.026355,0][-1.156733,-0.987231,-0.667840][0.837295,0.255476,0.483394][0.416667,0.063031,0][-0.601335,-1.209802,-1.041542][0.344839,0.724103,0.597295][0.333333,0.026355,0][-0.667840,-0.987231,-1.156733][0.483394,0.255476,0.837295][0.333333,0.063031,0][-1.156733,-0.987231,-0.667840][0.837295,0.255476,0.483394][0.416667,0.063031,0][-1.202669,-1.209802,-0.000000][0.689700,0.724095,0.000000][0.500000,0.026355,0][-1.041542,-1.209802,-0.601335][0.597295,0.724103,0.344839][0.416667,0.026355,0][0.667841,-0.987231,1.156732][-0.483394,0.255476,-0.837295][0.833333,0.063031,0][0.000000,-1.209802,1.202669][0.000000,0.724095,-0.689700][0.750000,0.026355,0][0.000000,-0.987231,1.335680][0.000000,0.255476,-0.966816][0.750000,0.063031,0][0.000000,-0.987231,1.335680][0.000000,0.255476,-0.966816][0.750000,0.063031,0][-0.601335,-1.209802,1.041542][0.344839,0.724103,-0.597295][0.666667,0.026355,0][-0.667840,-0.987231,1.156733][0.483394,0.255476,-0.837295][0.666667,0.063031,0][-1.156733,-0.987231,0.667840][0.837295,0.255476,-0.483394][0.583333,0.063031,0][-1.202669,-1.209802,-0.000000][0.689700,0.724095,0.000000][0.500000,0.026355,0][-1.335680,-0.987231,-0.000000][0.966816,0.255476,0.000000][0.500000,0.063031,0][0.000000,-1.337733,-0.915187][0.000000,0.970666,0.240431][0.250000,0.005274,0][-0.457593,-1.337733,-0.792575][0.120215,0.970664,0.208233][0.333333,0.005274,0][0.000000,-1.337732,-0.000000][0.000000,1.000000,0.000000][0.622627,0.005274,0][1.202670,-1.209802,-0.000001][-0.689700,0.724095,0.000000][1.000000,0.026355,0][0.792575,-1.337733,0.457593][-0.208233,0.970664,-0.120215][0.916667,0.005274,0][1.041543,-1.209802,0.601334][-0.597295,0.724103,-0.344839][0.916667,0.026355,0][-0.000000,-1.209802,-1.202670][0.000000,0.724095,0.689700][0.250000,0.026355,0][0.457593,-1.337733,-0.792575][-0.120215,0.970664,0.208233][0.166667,0.005274,0][0.601335,-1.209802,-1.041543][-0.344839,0.724103,0.597295][0.166667,0.026355,0][-1.041542,-1.209802,-0.601335][0.597295,0.724103,0.344839][0.416667,0.026355,0][-0.915187,-1.337733,-0.000000][0.240431,0.970666,0.000000][0.500000,0.005274,0][-0.792575,-1.337733,-0.457594][0.208233,0.970664,0.120215][0.416667,0.005274,0][1.041543,-1.209802,0.601334][-0.597295,0.724103,-0.344839][0.916667,0.026355,0][0.457594,-1.337733,0.792575][-0.120215,0.970664,-0.208233][0.833333,0.005274,0][0.601336,-1.209802,1.041542][-0.344839,0.724103,-0.597295][0.833333,0.026355,0][0.000000,-1.209802,1.202669][0.000000,0.724095,-0.689700][0.750000,0.026355,0][-0.457593,-1.337733,0.792575][0.120215,0.970664,-0.208233][0.666667,0.005274,0][-0.601335,-1.209802,1.041542][0.344839,0.724103,-0.597295][0.666667,0.026355,0][0.601335,-1.209802,-1.041543][-0.344839,0.724103,0.597295][0.166667,0.026355,0][0.792575,-1.337733,-0.457594][-0.208233,0.970664,0.120215][0.083333,0.005274,0][1.041542,-1.209802,-0.601335][-0.597295,0.724103,0.344839][0.083333,0.026355,0][-0.601335,-1.209802,-1.041542][0.344839,0.724103,0.597295][0.333333,0.026355,0][-0.792575,-1.337733,-0.457594][0.208233,0.970664,0.120215][0.416667,0.005274,0][-0.457593,-1.337733,-0.792575][0.120215,0.970664,0.208233][0.333333,0.005274,0][0.601336,-1.209802,1.041542][-0.344839,0.724103,-0.597295][0.833333,0.026355,0][0.000000,-1.337733,0.915187][0.000000,0.970666,-0.240431][0.750000,0.005274,0][0.000000,-1.209802,1.202669][0.000000,0.724095,-0.689700][0.750000,0.026355,0][-0.601335,-1.209802,1.041542][0.344839,0.724103,-0.597295][0.666667,0.026355,0][-0.792575,-1.337733,0.457593][0.208233,0.970664,-0.120215][0.583333,0.005274,0][-1.041542,-1.209802,0.601335][0.597295,0.724103,-0.344839][0.583333,0.026355,0][1.041542,-1.209802,-0.601335][-0.597295,0.724103,0.344839][0.083333,0.026355,0][0.915187,-1.337733,-0.000001][-0.240431,0.970666,0.000000][0.000000,0.005274,0][1.202670,-1.209802,-0.000001][-0.689700,0.724095,0.000000][0.000000,0.026355,0][-0.601335,-1.209802,-1.041542][0.344839,0.724103,0.597295][0.333333,0.026355,0][0.000000,-1.337733,-0.915187][0.000000,0.970666,0.240431][0.250000,0.005274,0][-0.000000,-1.209802,-1.202670][0.000000,0.724095,0.689700][0.250000,0.026355,0][0.667841,0.922167,1.156732][-0.478053,-0.292923,-0.828047][0.833333,0.377669,0][1.156733,-0.987231,0.667839][-0.837295,0.255476,-0.483394][0.916667,0.063031,0][0.667841,-0.987231,1.156732][-0.483394,0.255476,-0.837295][0.833333,0.063031,0][-1.156733,0.922167,0.667840][0.828047,-0.292923,-0.478053][0.583333,0.377669,0][-0.667840,-0.987231,1.156733][0.483394,0.255476,-0.837295][0.666667,0.063031,0][-1.156733,-0.987231,0.667840][0.837295,0.255476,-0.483394][0.583333,0.063031,0][1.156733,0.922167,0.667839][-0.828047,-0.292923,-0.478053][0.916667,0.377669,0][1.335680,-0.987231,-0.000001][-0.966816,0.255476,0.000000][1.000000,0.063031,0][1.156733,-0.987231,0.667839][-0.837295,0.255476,-0.483394][0.916667,0.063031,0][1.335680,0.922167,-0.000001][-0.956136,-0.292923,0.000000][0.000000,0.377669,0][1.156733,-0.987231,-0.667840][-0.837295,0.255476,0.483394][0.083333,0.063031,0][1.335680,-0.987231,-0.000001][-0.966816,0.255476,0.000000][0.000000,0.063031,0][1.156733,-0.987231,-0.667840][-0.837295,0.255476,0.483394][0.083333,0.063031,0][0.667840,0.922167,-1.156733][-0.478053,-0.292923,0.828047][0.166667,0.377669,0][0.667840,-0.987231,-1.156733][-0.483394,0.255476,0.837295][0.166667,0.063031,0][0.667840,-0.987231,-1.156733][-0.483394,0.255476,0.837295][0.166667,0.063031,0][-0.000000,0.922167,-1.335680][0.000000,-0.292923,0.956136][0.250000,0.377669,0][-0.000000,-0.987231,-1.335680][0.000000,0.255476,0.966816][0.250000,0.063031,0][-0.000000,0.922167,-1.335680][0.000000,-0.292923,0.956136][0.250000,0.377669,0][-0.667840,-0.987231,-1.156733][0.483394,0.255476,0.837295][0.333333,0.063031,0][-0.000000,-0.987231,-1.335680][0.000000,0.255476,0.966816][0.250000,0.063031,0][-0.667840,-0.987231,-1.156733][0.483394,0.255476,0.837295][0.333333,0.063031,0][-1.156733,0.922167,-0.667840][0.828047,-0.292923,0.478053][0.416667,0.377669,0][-1.156733,-0.987231,-0.667840][0.837295,0.255476,0.483394][0.416667,0.063031,0][-1.156733,0.922167,-0.667840][0.828047,-0.292923,0.478053][0.416667,0.377669,0][-1.335680,-0.987231,-0.000000][0.966816,0.255476,0.000000][0.500000,0.063031,0][-1.156733,-0.987231,-0.667840][0.837295,0.255476,0.483394][0.416667,0.063031,0][0.000000,0.922167,1.335680][0.000000,-0.292923,-0.956136][0.750000,0.377669,0][0.667841,-0.987231,1.156732][-0.483394,0.255476,-0.837295][0.833333,0.063031,0][0.000000,-0.987231,1.335680][0.000000,0.255476,-0.966816][0.750000,0.063031,0][-0.667840,0.922167,1.156733][0.478053,-0.292923,-0.828047][0.666667,0.377669,0][0.000000,-0.987231,1.335680][0.000000,0.255476,-0.966816][0.750000,0.063031,0][-0.667840,-0.987231,1.156733][0.483394,0.255476,-0.837295][0.666667,0.063031,0][-1.335680,0.922167,-0.000000][0.956136,-0.292923,0.000000][0.500000,0.377669,0][-1.156733,-0.987231,0.667840][0.837295,0.255476,-0.483394][0.583333,0.063031,0][-1.335680,-0.987231,-0.000000][0.966816,0.255476,0.000000][0.500000,0.063031,0][0.715577,1.332803,-0.413139][-0.198711,-0.973321,0.114722][0.083331,0.444757,0][0.566726,1.203287,-0.981599][-0.324692,-0.760444,0.562406][0.166667,0.423993,0][0.981598,1.203287,-0.566727][-0.562406,-0.760444,0.324692][0.083333,0.423993,0][-0.413138,1.332803,0.715577][0.114722,-0.973321,-0.198711][0.666664,0.444757,0][0.000000,1.203287,1.133452][0.000000,-0.760453,-0.649393][0.750000,0.423993,0][-0.566726,1.203287,0.981598][0.324692,-0.760444,-0.562406][0.666667,0.423993,0][0.413139,1.332803,0.715576][-0.114722,-0.973321,-0.198711][0.833331,0.444757,0][0.981599,1.203287,0.566725][-0.562406,-0.760444,-0.324692][0.916667,0.423993,0][0.566727,1.203287,0.981598][-0.324692,-0.760444,-0.562406][0.833333,0.423993,0][-0.715577,1.332803,-0.413139][0.198711,-0.973321,0.114722][0.416664,0.444757,0][-1.133453,1.203287,-0.000000][0.649393,-0.760453,0.000000][0.500000,0.423993,0][-0.981599,1.203287,-0.566727][0.562406,-0.760444,0.324692][0.416667,0.423993,0][0.413138,1.332803,-0.715577][-0.114722,-0.973321,0.198711][0.166664,0.444757,0][-0.000000,1.203287,-1.133453][0.000000,-0.760453,0.649393][0.250000,0.423993,0][0.566726,1.203287,-0.981599][-0.324692,-0.760444,0.562406][0.166667,0.423993,0][0.715577,1.332803,0.413138][-0.198711,-0.973321,-0.114722][0.916664,0.444757,0][1.133453,1.203287,-0.000001][-0.649393,-0.760453,0.000000][1.000000,0.423993,0][0.981599,1.203287,0.566725][-0.562406,-0.760444,-0.324692][0.916667,0.423993,0][-1.133453,1.203287,-0.000000][0.649393,-0.760453,0.000000][0.500000,0.423993,0][-0.715577,1.332803,0.413138][0.198711,-0.973321,-0.114722][0.583331,0.444757,0][-0.981599,1.203287,0.566726][0.562406,-0.760444,-0.324692][0.583333,0.423993,0][-0.000000,1.332803,-0.826277][0.000000,-0.973315,0.229473][0.249998,0.444757,0][-0.566726,1.203287,-0.981599][0.324692,-0.760444,0.562406][0.333333,0.423993,0][-0.000000,1.203287,-1.133453][0.000000,-0.760453,0.649393][0.250000,0.423993,0][0.826277,1.332803,-0.000001][-0.229473,-0.973315,0.000000][-0.000003,0.444757,0][0.981598,1.203287,-0.566727][-0.562406,-0.760444,0.324692][0.083333,0.423993,0][1.133453,1.203287,-0.000001][-0.649393,-0.760453,0.000000][0.000000,0.423993,0][-0.715577,1.332803,0.413138][0.198711,-0.973321,-0.114722][0.583331,0.444757,0][-0.566726,1.203287,0.981598][0.324692,-0.760444,-0.562406][0.666667,0.423993,0][-0.981599,1.203287,0.566726][0.562406,-0.760444,-0.324692][0.583333,0.423993,0][0.000000,1.203287,1.133452][0.000000,-0.760453,-0.649393][0.750000,0.423993,0][0.413139,1.332803,0.715576][-0.114722,-0.973321,-0.198711][0.833331,0.444757,0][0.566727,1.203287,0.981598][-0.324692,-0.760444,-0.562406][0.833333,0.423993,0][-0.566726,1.203287,-0.981599][0.324692,-0.760444,0.562406][0.333333,0.423993,0][-0.715577,1.332803,-0.413139][0.198711,-0.973321,0.114722][0.416664,0.444757,0][-0.981599,1.203287,-0.566727][0.562406,-0.760444,0.324692][0.416667,0.423993,0][-0.413269,2.494171,0.238600][-0.684793,0.612157,0.395378][0.858742,0.692561,0][-0.238601,2.494171,0.413268][-0.395378,0.612157,0.684793][0.828705,0.709903,0][-0.000000,2.494171,-0.000000][0.000000,1.000000,0.000000][0.811362,0.645181,0][0.477201,2.494171,-0.000000][0.790744,0.612147,0.000000][0.746639,0.627838,0][0.413268,2.494171,-0.238602][0.684793,0.612157,-0.395378][0.763982,0.597800,0][-0.000000,2.494171,-0.000000][0.000000,1.000000,0.000000][0.811362,0.645181,0][0.238601,2.494171,0.413268][0.395378,0.612157,0.684793][0.888036,0.822769,0][0.315838,1.463410,0.182349][0.624302,-0.693062,0.360433][0.995517,0.854051,0][0.413269,2.494171,0.238600][0.684793,0.612157,0.395378][0.888036,0.854051,0][-0.000000,2.494171,-0.477202][0.000000,0.612147,-0.790744][0.888036,0.603796,0][-0.182349,1.463410,-0.315838][-0.360433,-0.693062,-0.624302][0.995517,0.635078,0][-0.238601,2.494171,-0.413269][-0.395378,0.612157,-0.684793][0.888036,0.635078,0][-0.477202,2.494171,-0.000000][-0.790744,0.612147,0.000000][0.888036,0.697642,0][-0.315838,1.463410,0.182349][-0.624302,-0.693062,0.360433][0.995517,0.728924,0][-0.413269,2.494171,0.238600][-0.684793,0.612157,0.395378][0.888036,0.728924,0][-0.000000,2.494171,0.477201][0.000000,0.612147,0.790744][0.888036,0.791487,0][0.182349,1.463410,0.315838][0.360433,-0.693062,0.624302][0.995517,0.822769,0][0.238601,2.494171,0.413268][0.395378,0.612157,0.684793][0.888036,0.822769,0][0.238600,2.494171,-0.413269][0.395378,0.612157,-0.684793][0.888036,0.947897,0][-0.000000,1.463410,-0.364699][0.000000,-0.693068,-0.720872][0.995517,0.979179,0][-0.000000,2.494171,-0.477202][0.000000,0.612147,-0.790744][0.888036,0.979179,0][-0.413269,2.494171,-0.238601][-0.684793,0.612157,-0.395378][0.888036,0.666360,0][-0.364698,1.463410,-0.000000][-0.720872,-0.693068,0.000000][0.995517,0.697642,0][-0.477202,2.494171,-0.000000][-0.790744,0.612147,0.000000][0.888036,0.697642,0][-0.000000,2.494171,0.477201][0.000000,0.612147,0.790744][0.888036,0.791487,0][-0.182349,1.463410,0.315838][-0.360433,-0.693062,0.624302][0.995517,0.760205,0][-0.000000,1.463410,0.364698][0.000000,-0.693068,0.720872][0.995517,0.791487,0][0.413268,2.494171,-0.238602][0.684793,0.612157,-0.395378][0.888036,0.916615,0][0.182349,1.463410,-0.315838][0.360433,-0.693062,-0.624302][0.995517,0.947897,0][0.238600,2.494171,-0.413269][0.395378,0.612157,-0.684793][0.888036,0.947897,0][0.413269,2.494171,0.238600][0.684793,0.612157,0.395378][0.888036,0.854051,0][0.364698,1.463410,-0.000000][0.720872,-0.693068,0.000000][0.995517,0.885333,0][0.477201,2.494171,-0.000000][0.790744,0.612147,0.000000][0.888036,0.885333,0][-0.238601,2.494171,-0.413269][-0.395378,0.612157,-0.684793][0.888036,0.635078,0][-0.315838,1.463410,-0.182349][-0.624302,-0.693062,-0.360433][0.995517,0.666360,0][-0.413269,2.494171,-0.238601][-0.684793,0.612157,-0.395378][0.888036,0.666360,0][-0.413269,2.494171,0.238600][-0.684793,0.612157,0.395378][0.888036,0.728924,0][-0.182349,1.463410,0.315838][-0.360433,-0.693062,0.624302][0.995517,0.760205,0][-0.238601,2.494171,0.413268][-0.395378,0.612157,0.684793][0.888036,0.760205,0][0.477201,2.494171,-0.000000][0.790744,0.612147,0.000000][0.888036,0.885333,0][0.315838,1.463410,-0.182350][0.624302,-0.693062,-0.360433][0.995517,0.916615,0][0.413268,2.494171,-0.238602][0.684793,0.612157,-0.395378][0.888036,0.916615,0][-0.647746,-0.053482,1.121929][-0.387012,0.673800,0.629456][0.516881,0.760108,0][0.000000,-0.070705,0.964424][0.002319,0.999665,-0.025758][0.520373,0.774668,0][-0.482212,-0.074940,0.835216][-0.012086,0.999657,0.023256][0.512742,0.766435,0][0.589073,-1.145172,1.020303][0.356346,-0.701461,0.617227][0.576800,0.786005,0][1.124813,-0.923693,0.649411][0.842402,-0.231400,0.486635][0.553810,0.816417,0][0.649412,-0.923693,1.124813][0.487261,-0.224282,0.843964][0.561797,0.785829,0][-0.647746,-0.053482,1.121929][-0.387012,0.673800,0.629456][0.516881,0.760108,0][0.000001,-0.923693,1.298822][0.003296,-0.234541,0.972101][0.554483,0.755161,0][0.000000,-0.031914,1.304029][0.017915,0.692114,0.721565][0.526888,0.770850,0][1.124813,-0.923693,0.649411][0.842402,-0.231400,0.486635][0.553810,0.816417,0][1.276257,-0.070076,-0.000000][0.789717,0.613438,0.006440][0.515926,0.811396,0][1.131428,-0.065275,0.647632][0.690738,0.604583,0.396687][0.526932,0.800614,0][-0.649412,-0.923693,-1.124813][-0.486505,-0.237957,-0.840648][0.441113,0.784647,0][-1.120648,-0.074753,-0.646746][-0.670968,0.626990,-0.395836][0.475639,0.770116,0][-0.651344,-0.047276,-1.128160][-0.384389,0.647372,-0.658145][0.471915,0.785155,0][0.649411,-0.923693,-1.124814][0.484825,-0.239879,-0.841073][0.470330,0.837198,0][0.000000,-0.073353,-1.299899][0.003937,0.629024,-0.777376][0.475212,0.800338,0][0.651998,-0.046146,-1.129294][0.355272,0.654907,-0.666992][0.486764,0.811294,0][-1.109899,-0.065464,0.640801][-0.642976,0.653628,0.399190][0.501804,0.755490,0][-0.649411,-0.923693,1.124813][-0.488131,-0.233567,0.840937][0.531802,0.733195,0][-0.647746,-0.053482,1.121929][-0.387012,0.673800,0.629456][0.516881,0.760108,0][0.637649,-0.070904,1.104438][0.371359,0.650855,0.662178][0.531159,0.785550,0][1.124813,-0.923693,0.649411][0.842402,-0.231400,0.486635][0.553810,0.816417,0][1.131428,-0.065275,0.647632][0.690738,0.604583,0.396687][0.526932,0.800614,0][0.000000,-0.073353,-1.299899][0.003937,0.629024,-0.777376][0.475212,0.800338,0][-0.649412,-0.923693,-1.124813][-0.486505,-0.237957,-0.840648][0.441113,0.784647,0][-0.651344,-0.047276,-1.128160][-0.384389,0.647372,-0.658145][0.471915,0.785155,0][1.124813,-0.923693,-0.649411][0.843010,-0.239761,-0.481506][0.500310,0.846392,0][0.651998,-0.046146,-1.129294][0.355272,0.654907,-0.666992][0.486764,0.811294,0][1.142969,-0.032522,-0.659893][0.672561,0.646436,-0.360254][0.501068,0.814884,0][-1.298822,-0.923693,0.000000][-0.971927,-0.235275,0.001984][0.471751,0.732849,0][-1.109899,-0.065464,0.640801][-0.642976,0.653628,0.399190][0.501804,0.755490,0][-1.303764,-0.046345,0.000000][-0.782568,0.622557,0.003266][0.486971,0.759635,0][0.000001,-0.923693,1.298822][0.003296,-0.234541,0.972101][0.554483,0.755161,0][0.637649,-0.070904,1.104438][0.371359,0.650855,0.662178][0.531159,0.785550,0][0.000000,-0.031914,1.304029][0.017915,0.692114,0.721565][0.526888,0.770850,0][1.276257,-0.070076,-0.000000][0.789717,0.613438,0.006440][0.515926,0.811396,0][1.124813,-0.923693,-0.649411][0.843010,-0.239761,-0.481506][0.500310,0.846392,0][1.142969,-0.032522,-0.659893][0.672561,0.646436,-0.360254][0.501068,0.814884,0][-1.120648,-0.074753,-0.646746][-0.670968,0.626990,-0.395836][0.475639,0.770116,0][-1.298822,-0.923693,0.000000][-0.971927,-0.235275,0.001984][0.471751,0.732849,0][-1.303764,-0.046345,0.000000][-0.782568,0.622557,0.003266][0.486971,0.759635,0][0.437608,-1.289368,0.757958][0.127297,-0.967044,0.220504][0.612362,0.784032,0][1.020304,-1.145172,0.589072][0.617246,-0.701448,0.356340][0.566494,0.824047,0][0.589073,-1.145172,1.020303][0.356346,-0.701461,0.617227][0.576800,0.786005,0][0.000000,-0.923693,-1.298823][0.000000,-0.238261,-0.971201][0.449238,0.814556,0][-0.589073,-1.145172,-1.020304][-0.356346,-0.701461,-0.617227][0.426662,0.784337,0][-0.649412,-0.923693,-1.124813][-0.486505,-0.237957,-0.840648][0.441113,0.784647,0][1.020304,-1.145172,-0.589073][0.617246,-0.701448,-0.356340][0.500013,0.861075,0][0.649411,-0.923693,-1.124814][0.484825,-0.239879,-0.841073][0.470330,0.837198,0][1.124813,-0.923693,-0.649411][0.843010,-0.239761,-0.481506][0.500310,0.846392,0][-1.178145,-1.145172,0.000000][-0.712715,-0.701454,0.000000][0.464666,0.720240,0][-1.124813,-0.923693,0.649411][-0.843235,-0.227915,0.486836][0.501774,0.725534,0][-1.298822,-0.923693,0.000000][-0.971927,-0.235275,0.001984][0.471751,0.732849,0][0.000001,-1.145172,1.178145][0.000000,-0.701454,0.712715][0.567306,0.747927,0][0.649412,-0.923693,1.124813][0.487261,-0.224282,0.843964][0.561797,0.785829,0][0.000001,-0.923693,1.298822][0.003296,-0.234541,0.972101][0.554483,0.755161,0][1.178146,-1.145172,-0.000000][0.712715,-0.701454,0.000000][0.538087,0.851187,0][1.124813,-0.923693,-0.649411][0.843010,-0.239761,-0.481506][0.500310,0.846392,0][1.298823,-0.923693,-0.000000][0.974396,-0.224837,0.000000][0.530792,0.838077,0][-1.020304,-1.145172,-0.589072][-0.617246,-0.701448,-0.356340][0.437444,0.747484,0][-1.298822,-0.923693,0.000000][-0.971927,-0.235275,0.001984][0.471751,0.732849,0][-1.124813,-0.923693,-0.649411][-0.841812,-0.234815,-0.486019][0.450057,0.754990,0][-0.649411,-0.923693,1.124813][-0.488131,-0.233567,0.840937][0.531802,0.733195,0][0.000001,-1.145172,1.178145][0.000000,-0.701454,0.712715][0.567306,0.747927,0][0.000001,-0.923693,1.298822][0.003296,-0.234541,0.972101][0.554483,0.755161,0][1.124813,-0.923693,0.649411][0.842402,-0.231400,0.486635][0.553810,0.816417,0][1.178146,-1.145172,-0.000000][0.712715,-0.701454,0.000000][0.538087,0.851187,0][1.298823,-0.923693,-0.000000][0.974396,-0.224837,0.000000][0.530792,0.838077,0][-0.589073,-1.145172,-1.020304][-0.356346,-0.701461,-0.617227][0.426662,0.784337,0][-1.124813,-0.923693,-0.649411][-0.841812,-0.234815,-0.486019][0.450057,0.754990,0][-0.649412,-0.923693,-1.124813][-0.486505,-0.237957,-0.840648][0.441113,0.784647,0][0.589073,-1.145172,-1.020304][0.356340,-0.701448,-0.617246][0.462655,0.849712,0][0.000000,-0.923693,-1.298823][0.000000,-0.238261,-0.971201][0.449238,0.814556,0][0.649411,-0.923693,-1.124814][0.484825,-0.239879,-0.841073][0.470330,0.837198,0][-1.020303,-1.145172,0.589073][-0.617227,-0.701461,0.356346][0.501898,0.710837,0][-0.649411,-0.923693,1.124813][-0.488131,-0.233567,0.840937][0.531802,0.733195,0][-1.124813,-0.923693,0.649411][-0.843235,-0.227915,0.486836][0.501774,0.725534,0][-0.437607,-1.289368,0.757958][-0.127297,-0.967044,0.220504][0.554656,0.689072,0][-0.757958,-1.289368,0.437608][-0.220504,-0.967044,0.127297][0.499680,0.676139,0][0.000000,-1.289368,-0.000000][0.000000,-1.000000,0.000000][0.551301,0.580019,0][0.000000,-1.289368,-0.875216][0.000000,-0.967040,-0.254624][0.406895,0.840234,0][-0.589073,-1.145172,-1.020304][-0.356346,-0.701461,-0.617227][0.426662,0.784337,0][0.000000,-1.145172,-1.178146][0.000000,-0.701454,-0.712715][0.436325,0.821636,0][1.020304,-1.145172,-0.589073][0.617246,-0.701448,-0.356340][0.500013,0.861075,0][0.437608,-1.289368,-0.757959][0.127297,-0.967044,-0.220504][0.446149,0.880755,0][0.589073,-1.145172,-1.020304][0.356340,-0.701448,-0.617246][0.462655,0.849712,0][-0.875215,-1.289368,0.000000][-0.254624,-0.967040,0.000000][0.445695,0.691354,0][-1.020303,-1.145172,0.589073][-0.617227,-0.701461,0.356346][0.501898,0.710837,0][-1.178145,-1.145172,0.000000][-0.712715,-0.701454,0.000000][0.464666,0.720240,0][0.000001,-1.145172,1.178145][0.000000,-0.701454,0.712715][0.567306,0.747927,0][0.437608,-1.289368,0.757958][0.127297,-0.967044,0.220504][0.612362,0.784032,0][0.589073,-1.145172,1.020303][0.356346,-0.701461,0.617227][0.576800,0.786005,0][1.178146,-1.145172,-0.000000][0.712715,-0.701454,0.000000][0.538087,0.851187,0][0.757959,-1.289368,-0.437608][0.220504,-0.967044,-0.127297][0.501415,0.896436,0][1.020304,-1.145172,-0.589073][0.617246,-0.701448,-0.356340][0.500013,0.861075,0][-0.757959,-1.289368,-0.437607][-0.220504,-0.967044,-0.127297][0.406602,0.731758,0][-1.178145,-1.145172,0.000000][-0.712715,-0.701454,0.000000][0.464666,0.720240,0][-1.020304,-1.145172,-0.589072][-0.617246,-0.701448,-0.356340][0.437444,0.747484,0][-0.437607,-1.289368,0.757958][-0.127297,-0.967044,0.220504][0.554656,0.689072,0][0.000001,-1.145172,1.178145][0.000000,-0.701454,0.712715][0.567306,0.747927,0][-0.589072,-1.145172,1.020303][-0.356340,-0.701448,0.617246][0.539253,0.720461,0][0.757959,-1.289368,0.437607][0.220504,-0.967044,0.127297][0.598139,0.840263,0][1.178146,-1.145172,-0.000000][0.712715,-0.701454,0.000000][0.538087,0.851187,0][1.020304,-1.145172,0.589072][0.617246,-0.701448,0.356340][0.566494,0.824047,0][-0.437608,-1.289368,-0.757959][-0.127297,-0.967044,-0.220504][0.392150,0.785914,0][-1.020304,-1.145172,-0.589072][-0.617246,-0.701448,-0.356340][0.437444,0.747484,0][-0.589073,-1.145172,-1.020304][-0.356346,-0.701461,-0.617227][0.426662,0.784337,0][0.437608,-1.289368,-0.757959][0.127297,-0.967044,-0.220504][0.446149,0.880755,0][0.000000,-1.145172,-1.178146][0.000000,-0.701454,-0.712715][0.436325,0.821636,0][0.589073,-1.145172,-1.020304][0.356340,-0.701448,-0.617246][0.462655,0.849712,0][-0.757958,-1.289368,0.437608][-0.220504,-0.967044,0.127297][0.499680,0.676139,0][-0.589072,-1.145172,1.020303][-0.356340,-0.701448,0.617246][0.539253,0.720461,0][-1.020303,-1.145172,0.589073][-0.617227,-0.701461,0.356346][0.501898,0.710837,0][0.482213,-0.049585,-0.835217][-0.043520,0.998855,0.019868][0.490410,0.804338,0][0.000000,-0.056603,-0.673893][0.009614,0.999935,-0.006195][0.488082,0.793015,0][0.336947,-0.089993,-0.583609][-0.003510,0.999987,-0.003845][0.493693,0.798628,0][1.276257,-0.070076,-0.000000][0.789717,0.613438,0.006440][0.515926,0.811396,0][0.835217,-0.022400,0.482212][0.018647,0.999603,0.021119][0.520338,0.796603,0][1.131428,-0.065275,0.647632][0.690738,0.604583,0.396687][0.526932,0.800614,0][-1.120648,-0.074753,-0.646746][-0.670968,0.626990,-0.395836][0.475639,0.770116,0][-0.482213,-0.034679,-0.835217][0.002869,0.999995,0.001526][0.479550,0.785227,0][-0.651344,-0.047276,-1.128160][-0.384389,0.647372,-0.658145][0.471915,0.785155,0][0.000000,-0.073353,-1.299899][0.003937,0.629024,-0.777376][0.475212,0.800338,0][0.482213,-0.049585,-0.835217][-0.043520,0.998855,0.019868][0.490410,0.804338,0][0.651998,-0.046146,-1.129294][0.355272,0.654907,-0.666992][0.486764,0.811294,0][-1.109899,-0.065464,0.640801][-0.642976,0.653628,0.399190][0.501804,0.755490,0][-0.482212,-0.074940,0.835216][-0.012086,0.999657,0.023256][0.512742,0.766435,0][-0.835216,-0.069145,0.482212][-0.020295,0.996003,0.086981][0.501753,0.763126,0][0.637649,-0.070904,1.104438][0.371359,0.650855,0.662178][0.531159,0.785550,0][0.835217,-0.022400,0.482212][0.018647,0.999603,0.021119][0.520338,0.796603,0][0.482213,-0.067078,0.835216][-0.021546,0.997273,0.070591][0.523574,0.785561,0][0.000000,-0.073353,-1.299899][0.003937,0.629024,-0.777376][0.475212,0.800338,0][-0.482213,-0.034679,-0.835217][0.002869,0.999995,0.001526][0.479550,0.785227,0][0.000000,-0.056797,-0.964425][0.015443,0.999460,-0.029023][0.482229,0.796346,0][0.651998,-0.046146,-1.129294][0.355272,0.654907,-0.666992][0.486764,0.811294,0][0.835217,-0.033384,-0.482213][-0.018403,0.999821,0.004456][0.501227,0.807120,0][1.142969,-0.032522,-0.659893][0.672561,0.646436,-0.360254][0.501068,0.814884,0][-1.109899,-0.065464,0.640801][-0.642976,0.653628,0.399190][0.501804,0.755490,0][-0.964425,-0.012179,0.000000][0.005310,0.999968,-0.005951][0.490765,0.766256,0][-1.303764,-0.046345,0.000000][-0.782568,0.622557,0.003266][0.486971,0.759635,0][0.637649,-0.070904,1.104438][0.371359,0.650855,0.662178][0.531159,0.785550,0][0.000000,-0.070705,0.964424][0.002319,0.999665,-0.025758][0.520373,0.774668,0][0.000000,-0.031914,1.304029][0.017915,0.692114,0.721565][0.526888,0.770850,0][1.276257,-0.070076,-0.000000][0.789717,0.613438,0.006440][0.515926,0.811396,0][0.835217,-0.033384,-0.482213][-0.018403,0.999821,0.004456][0.501227,0.807120,0][0.964425,-0.019806,-0.000000][0.024019,0.999686,-0.007141][0.512266,0.804672,0][-1.120648,-0.074753,-0.646746][-0.670968,0.626990,-0.395836][0.475639,0.770116,0][-0.964425,-0.012179,0.000000][0.005310,0.999968,-0.005951][0.490765,0.766256,0][-0.835217,-0.063591,-0.482212][-0.036562,0.998186,-0.047823][0.482453,0.774150,0][-0.336947,-0.065207,-0.583609][0.066227,0.997008,0.039858][0.486112,0.785279,0][-0.385184,-0.027948,-0.222386][-0.014985,0.999800,0.013245][0.492697,0.780283,0][-0.222386,-0.076622,-0.385185][0.015046,0.997971,-0.061862][0.491275,0.785370,0][-0.835216,-0.069145,0.482212][-0.020295,0.996003,0.086981][0.501753,0.763126,0][-0.336946,-0.026970,0.583608][-0.003998,0.999403,0.034303][0.509200,0.772174,0][-0.583608,-0.020739,0.336946][0.048251,0.998140,-0.037264][0.501581,0.769886,0][0.835217,-0.022400,0.482212][0.018647,0.999603,0.021119][0.520338,0.796603,0][0.336947,-0.033134,0.583608][-0.019013,0.999575,0.022095][0.516788,0.785520,0][0.482213,-0.067078,0.835216][-0.021546,0.997273,0.070591][0.523574,0.785561,0][-0.482213,-0.034679,-0.835217][0.002869,0.999995,0.001526][0.479550,0.785227,0][0.000000,-0.056603,-0.673893][0.009614,0.999935,-0.006195][0.488082,0.793015,0][0.000000,-0.056797,-0.964425][0.015443,0.999460,-0.029023][0.482229,0.796346,0][0.482213,-0.049585,-0.835217][-0.043520,0.998855,0.019868][0.490410,0.804338,0][0.583608,-0.053163,-0.336947][-0.031037,0.999517,-0.001587][0.501298,0.800665,0][0.835217,-0.033384,-0.482213][-0.018403,0.999821,0.004456][0.501227,0.807120,0][-0.964425,-0.012179,0.000000][0.005310,0.999968,-0.005951][0.490765,0.766256,0][-0.583608,-0.020739,0.336946][0.048251,0.998140,-0.037264][0.501581,0.769886,0][-0.673892,-0.081581,-0.000000][0.139043,0.990268,-0.005951][0.493914,0.772105,0][0.482213,-0.067078,0.835216][-0.021546,0.997273,0.070591][0.523574,0.785561,0][0.000000,-0.051758,0.673892][0.016511,0.994778,0.100714][0.514745,0.777866,0][0.000000,-0.070705,0.964424][0.002319,0.999665,-0.025758][0.520373,0.774668,0][0.964425,-0.019806,-0.000000][0.024019,0.999686,-0.007141][0.512266,0.804672,0][0.583608,-0.053163,-0.336947][-0.031037,0.999517,-0.001587][0.501298,0.800665,0][0.673893,-0.082031,-0.000000][-0.088413,0.995614,0.030580][0.508958,0.798691,0][-0.964425,-0.012179,0.000000][0.005310,0.999968,-0.005951][0.490765,0.766256,0][-0.583608,-0.038471,-0.336946][-0.007721,0.999966,0.002930][0.488251,0.777630,0][-0.835217,-0.063591,-0.482212][-0.036562,0.998186,-0.047823][0.482453,0.774150,0][-0.482212,-0.074940,0.835216][-0.012086,0.999657,0.023256][0.512742,0.766435,0][0.000000,-0.051758,0.673892][0.016511,0.994778,0.100714][0.514745,0.777866,0][-0.336946,-0.026970,0.583608][-0.003998,0.999403,0.034303][0.509200,0.772174,0][0.964425,-0.019806,-0.000000][0.024019,0.999686,-0.007141][0.512266,0.804672,0][0.583608,-0.061912,0.336946][-0.078648,0.989885,-0.118078][0.514665,0.793198,0][0.835217,-0.022400,0.482212][0.018647,0.999603,0.021119][0.520338,0.796603,0][-0.482213,-0.034679,-0.835217][0.002869,0.999995,0.001526][0.479550,0.785227,0][-0.583608,-0.038471,-0.336946][-0.007721,0.999966,0.002930][0.488251,0.777630,0][-0.336947,-0.065207,-0.583609][0.066227,0.997008,0.039858][0.486112,0.785279,0][0.000000,-1.289368,-0.875216][0.000000,-0.967040,-0.254624][0.406895,0.840234,0][0.437608,-1.289368,-0.757959][0.127297,-0.967044,-0.220504][0.446149,0.880755,0][0.000000,-1.289368,-0.000000][0.000000,-1.000000,0.000000][0.350908,0.933744,0][0.000000,-0.056603,-0.673893][0.009614,0.999935,-0.006195][0.488082,0.793015,0][0.222386,-0.044426,-0.385185][0.061770,0.993049,-0.100193][0.496316,0.794125,0][0.336947,-0.089993,-0.583609][-0.003510,0.999987,-0.003845][0.493693,0.798628,0][-0.336946,-0.026970,0.583608][-0.003998,0.999403,0.034303][0.509200,0.772174,0][-0.385184,-0.083736,0.222386][0.044162,0.997678,-0.051852][0.501437,0.775243,0][-0.583608,-0.020739,0.336946][0.048251,0.998140,-0.037264][0.501581,0.769886,0][0.583608,-0.061912,0.336946][-0.078648,0.989885,-0.118078][0.514665,0.793198,0][0.222387,-0.050018,0.385184][0.079411,0.995600,-0.049746][0.511564,0.785495,0][0.336947,-0.033134,0.583608][-0.019013,0.999575,0.022095][0.516788,0.785520,0][0.000000,-0.056603,-0.673893][0.009614,0.999935,-0.006195][0.488082,0.793015,0][-0.222386,-0.076622,-0.385185][0.015046,0.997971,-0.061862][0.491275,0.785370,0][0.000000,-0.028572,-0.444773][-0.069674,0.994999,-0.071566][0.492685,0.790432,0][0.583608,-0.053163,-0.336947][-0.031037,0.999517,-0.001587][0.501298,0.800665,0][0.222386,-0.044426,-0.385185][0.061770,0.993049,-0.100193][0.496316,0.794125,0][0.385185,-0.033279,-0.222387][0.055544,0.998328,-0.016022][0.501320,0.795477,0][-0.673892,-0.081581,-0.000000][0.139043,0.990268,-0.005951][0.493914,0.772105,0][-0.385184,-0.083736,0.222386][0.044162,0.997678,-0.051852][0.501437,0.775243,0][-0.444772,-0.071095,-0.000000][-0.077061,0.991055,0.108954][0.496434,0.776569,0][0.000000,-0.051758,0.673892][0.016511,0.994778,0.100714][0.514745,0.777866,0][0.222387,-0.050018,0.385184][0.079411,0.995600,-0.049746][0.511564,0.785495,0][0.000000,-0.016521,0.444772][0.012360,0.999653,0.023256][0.510180,0.780395,0][0.583608,-0.053163,-0.336947][-0.031037,0.999517,-0.001587][0.501298,0.800665,0][0.444773,-0.050663,-0.000000][0.099127,0.987482,0.122688][0.506342,0.794190,0][0.673893,-0.082031,-0.000000][-0.088413,0.995614,0.030580][0.508958,0.798691,0][-0.583608,-0.038471,-0.336946][-0.007721,0.999966,0.002930][0.488251,0.777630,0][-0.444772,-0.071095,-0.000000][-0.077061,0.991055,0.108954][0.496434,0.776569,0][-0.385184,-0.027948,-0.222386][-0.014985,0.999800,0.013245][0.492697,0.780283,0][-0.336946,-0.026970,0.583608][-0.003998,0.999403,0.034303][0.509200,0.772174,0][0.000000,-0.016521,0.444772][0.012360,0.999653,0.023256][0.510180,0.780395,0][-0.222386,-0.082165,0.385184][-0.081303,0.986349,-0.143196][0.506353,0.776673,0][0.673893,-0.082031,-0.000000][-0.088413,0.995614,0.030580][0.508958,0.798691,0][0.385185,-0.088203,0.222386][0.048282,0.998288,-0.033022][0.510141,0.790588,0][0.583608,-0.061912,0.336946][-0.078648,0.989885,-0.118078][0.514665,0.793198,0][0.385185,-0.088203,0.222386][0.048282,0.998288,-0.033022][0.510141,0.790588,0][0.444773,-0.050663,-0.000000][0.099127,0.987482,0.122688][0.506342,0.794190,0][0.000000,-0.027111,-0.000000][-0.016419,0.999672,0.019654][0.501391,0.785401,0][-0.757959,-1.289368,-0.437607][-0.220504,-0.967044,-0.127297][0.406602,0.731758,0][-0.437608,-1.289368,-0.757959][-0.127297,-0.967044,-0.220504][0.392150,0.785914,0][0.000000,-1.289368,-0.000000][0.000000,-1.000000,0.000000][0.298319,0.731869,0][0.875216,-1.289368,-0.000000][0.254624,-0.967040,0.000000][0.557297,0.881177,0][0.757959,-1.289368,0.437607][0.220504,-0.967044,0.127297][0.598139,0.840263,0][0.000000,-1.289368,-0.000000][0.000000,-1.000000,0.000000][0.654065,0.936932,0][0.000000,-1.289368,0.875215][0.000000,-0.967040,0.254624][0.596735,0.728410,0][-0.437607,-1.289368,0.757958][-0.127297,-0.967044,0.220504][0.554656,0.689072,0][0.000000,-1.289368,-0.000000][0.000000,-1.000000,0.000000][0.649100,0.630220,0][-0.875215,-1.289368,0.000000][-0.254624,-0.967040,0.000000][0.445695,0.691354,0][-0.757959,-1.289368,-0.437607][-0.220504,-0.967044,-0.127297][0.406602,0.731758,0][0.000000,-1.289368,-0.000000][0.000000,-1.000000,0.000000][0.350754,0.638607,0][0.757959,-1.289368,-0.437608][0.220504,-0.967044,-0.127297][0.501415,0.896436,0][0.875216,-1.289368,-0.000000][0.254624,-0.967040,0.000000][0.557297,0.881177,0][0.000000,-1.289368,-0.000000][0.000000,-1.000000,0.000000][0.557828,0.993085,0][0.437608,-1.289368,0.757958][0.127297,-0.967044,0.220504][0.612362,0.784032,0][0.000000,-1.289368,0.875215][0.000000,-0.967040,0.254624][0.596735,0.728410,0][0.000000,-1.289368,-0.000000][0.000000,-1.000000,0.000000][0.708343,0.727061,0][-0.757958,-1.289368,0.437608][-0.220504,-0.967044,0.127297][0.499680,0.676139,0][-0.875215,-1.289368,0.000000][-0.254624,-0.967040,0.000000][0.445695,0.691354,0][0.000000,-1.289368,-0.000000][0.000000,-1.000000,0.000000][0.444296,0.583010,0][0.437608,-1.289368,-0.757959][0.127297,-0.967044,-0.220504][0.446149,0.880755,0][0.757959,-1.289368,-0.437608][0.220504,-0.967044,-0.127297][0.501415,0.896436,0][0.000000,-1.289368,-0.000000][0.000000,-1.000000,0.000000][0.444522,0.991722,0][-0.437608,-1.289368,-0.757959][-0.127297,-0.967044,-0.220504][0.392150,0.785914,0][0.000000,-1.289368,-0.875216][0.000000,-0.967040,-0.254624][0.406895,0.840234,0][0.000000,-1.289368,-0.000000][0.000000,-1.000000,0.000000][0.298162,0.840588,0][0.757959,-1.289368,0.437607][0.220504,-0.967044,0.127297][0.598139,0.840263,0][0.437608,-1.289368,0.757958][0.127297,-0.967044,0.220504][0.612362,0.784032,0][0.000000,-1.289368,-0.000000][0.000000,-1.000000,0.000000][0.710179,0.838689,0][0.000000,-1.337733,0.915187][0.000000,0.970666,-0.240431][0.750000,0.005274,0][0.457594,-1.337733,0.792575][-0.120215,0.970664,-0.208233][0.833333,0.005274,0][0.000000,-1.337732,-0.000000][0.000000,1.000000,0.000000][0.622627,0.005274,0][-0.222386,-0.076622,-0.385185][0.015046,0.997971,-0.061862][0.491275,0.785370,0][-0.385184,-0.027948,-0.222386][-0.014985,0.999800,0.013245][0.492697,0.780283,0][0.000000,-0.027111,-0.000000][-0.016419,0.999672,0.019654][0.501391,0.785401,0][0.222386,-0.044426,-0.385185][0.061770,0.993049,-0.100193][0.496316,0.794125,0][0.000000,-0.028572,-0.444773][-0.069674,0.994999,-0.071566][0.492685,0.790432,0][0.000000,-0.027111,-0.000000][-0.016419,0.999672,0.019654][0.501391,0.785401,0][-0.385184,-0.083736,0.222386][0.044162,0.997678,-0.051852][0.501437,0.775243,0][-0.222386,-0.082165,0.385184][-0.081303,0.986349,-0.143196][0.506353,0.776673,0][0.000000,-0.027111,-0.000000][-0.016419,0.999672,0.019654][0.501391,0.785401,0][0.222387,-0.050018,0.385184][0.079411,0.995600,-0.049746][0.511564,0.785495,0][0.385185,-0.088203,0.222386][0.048282,0.998288,-0.033022][0.510141,0.790588,0][0.000000,-0.027111,-0.000000][-0.016419,0.999672,0.019654][0.501391,0.785401,0][0.000000,-0.028572,-0.444773][-0.069674,0.994999,-0.071566][0.492685,0.790432,0][-0.222386,-0.076622,-0.385185][0.015046,0.997971,-0.061862][0.491275,0.785370,0][0.000000,-0.027111,-0.000000][-0.016419,0.999672,0.019654][0.501391,0.785401,0][0.385185,-0.033279,-0.222387][0.055544,0.998328,-0.016022][0.501320,0.795477,0][0.222386,-0.044426,-0.385185][0.061770,0.993049,-0.100193][0.496316,0.794125,0][0.000000,-0.027111,-0.000000][-0.016419,0.999672,0.019654][0.501391,0.785401,0][-0.444772,-0.071095,-0.000000][-0.077061,0.991055,0.108954][0.496434,0.776569,0][-0.385184,-0.083736,0.222386][0.044162,0.997678,-0.051852][0.501437,0.775243,0][0.000000,-0.027111,-0.000000][-0.016419,0.999672,0.019654][0.501391,0.785401,0][0.000000,-0.016521,0.444772][0.012360,0.999653,0.023256][0.510180,0.780395,0][0.222387,-0.050018,0.385184][0.079411,0.995600,-0.049746][0.511564,0.785495,0][0.000000,-0.027111,-0.000000][-0.016419,0.999672,0.019654][0.501391,0.785401,0][0.444773,-0.050663,-0.000000][0.099127,0.987482,0.122688][0.506342,0.794190,0][0.385185,-0.033279,-0.222387][0.055544,0.998328,-0.016022][0.501320,0.795477,0][0.000000,-0.027111,-0.000000][-0.016419,0.999672,0.019654][0.501391,0.785401,0][-0.385184,-0.027948,-0.222386][-0.014985,0.999800,0.013245][0.492697,0.780283,0][-0.444772,-0.071095,-0.000000][-0.077061,0.991055,0.108954][0.496434,0.776569,0][0.000000,-0.027111,-0.000000][-0.016419,0.999672,0.019654][0.501391,0.785401,0][-0.222386,-0.082165,0.385184][-0.081303,0.986349,-0.143196][0.506353,0.776673,0][0.000000,-0.016521,0.444772][0.012360,0.999653,0.023256][0.510180,0.780395,0][0.000000,-0.027111,-0.000000][-0.016419,0.999672,0.019654][0.501391,0.785401,0][-0.457593,-1.337733,-0.792575][0.120215,0.970664,0.208233][0.333333,0.005274,0][-0.792575,-1.337733,-0.457594][0.208233,0.970664,0.120215][0.416667,0.005274,0][0.000000,-1.337732,-0.000000][0.000000,1.000000,0.000000][0.622627,0.005274,0][0.792575,-1.337733,-0.457594][-0.208233,0.970664,0.120215][1.000004,0.005274,0][0.457593,-1.337733,-0.792575][-0.120215,0.970664,0.208233][0.166667,0.005274,0][0.000000,-1.337732,-0.000000][0.000000,1.000000,0.000000][0.622627,0.005274,0][-0.457593,-1.337733,0.792575][0.120215,0.970664,-0.208233][0.666667,0.005274,0][0.000000,-1.337733,0.915187][0.000000,0.970666,-0.240431][0.750000,0.005274,0][0.000000,-1.337732,-0.000000][0.000000,1.000000,0.000000][0.622627,0.005274,0][0.457594,-1.337733,0.792575][-0.120215,0.970664,-0.208233][0.833333,0.005274,0][0.792575,-1.337733,0.457593][-0.208233,0.970664,-0.120215][0.916667,0.005274,0][0.000000,-1.337732,-0.000000][0.000000,1.000000,0.000000][0.622627,0.005274,0][-0.792575,-1.337733,-0.457594][0.208233,0.970664,0.120215][0.416667,0.005274,0][-0.915187,-1.337733,-0.000000][0.240431,0.970666,0.000000][0.500000,0.005274,0][0.000000,-1.337732,-0.000000][0.000000,1.000000,0.000000][0.622627,0.005274,0][0.457593,-1.337733,-0.792575][-0.120215,0.970664,0.208233][0.166667,0.005274,0][0.000000,-1.337733,-0.915187][0.000000,0.970666,0.240431][0.250000,0.005274,0][0.000000,-1.337732,-0.000000][0.000000,1.000000,0.000000][0.622627,0.005274,0][0.792575,-1.337733,0.457593][-0.208233,0.970664,-0.120215][0.916667,0.005274,0][0.915187,-1.337733,-0.000001][-0.240431,0.970666,0.000000][1.000004,0.005274,0][0.000000,-1.337732,-0.000000][0.000000,1.000000,0.000000][0.622627,0.005274,0][-0.915187,-1.337733,-0.000000][0.240431,0.970666,0.000000][0.500000,0.005274,0][-0.792575,-1.337733,0.457593][0.208233,0.970664,-0.120215][0.583333,0.005274,0][0.000000,-1.337732,-0.000000][0.000000,1.000000,0.000000][0.622627,0.005274,0][-0.262164,2.132751,0.454082][0.105170,-0.977627,-0.182170][0.500000,0.560430,0][-0.454082,2.132751,0.262164][0.182170,-0.977627,-0.105170][0.416667,0.560430,0][-0.000000,2.132752,-0.000000][0.000000,-1.000000,0.000000][0.516126,0.560430,0][-0.792575,-1.337733,0.457593][0.208233,0.970664,-0.120215][0.583333,0.005274,0][-0.457593,-1.337733,0.792575][0.120215,0.970664,-0.208233][0.666667,0.005274,0][0.000000,-1.337732,-0.000000][0.000000,1.000000,0.000000][0.622627,0.005274,0][0.915187,-1.337733,-0.000001][-0.240431,0.970666,0.000000][1.000004,0.005274,0][0.792575,-1.337733,-0.457594][-0.208233,0.970664,0.120215][1.000004,0.005274,0][0.000000,-1.337732,-0.000000][0.000000,1.000000,0.000000][0.622627,0.005274,0][0.262165,2.132751,0.454081][-0.105170,-0.977627,-0.182170][0.666666,0.560430,0][-0.000000,2.132751,0.524328][0.000000,-0.977622,-0.210369][0.583333,0.560430,0][-0.000000,2.132752,-0.000000][0.000000,-1.000000,0.000000][0.516126,0.560430,0][-0.454082,2.132751,-0.262165][0.182170,-0.977627,0.105170][0.250000,0.560430,0][-0.262164,2.132751,-0.454082][0.105170,-0.977627,0.182170][0.166667,0.560430,0][-0.000000,2.132752,-0.000000][0.000000,-1.000000,0.000000][0.516126,0.560430,0][0.262164,2.132751,-0.454082][-0.105170,-0.977627,0.182170][1.000000,0.560430,0][0.454082,2.132751,-0.262165][-0.182170,-0.977627,0.105170][0.916666,0.560430,0][-0.000000,2.132752,-0.000000][0.000000,-1.000000,0.000000][0.516126,0.560430,0][-0.000000,2.132751,0.524328][0.000000,-0.977622,-0.210369][0.583333,0.560430,0][-0.262164,2.132751,0.454082][0.105170,-0.977627,-0.182170][0.500000,0.560430,0][-0.000000,2.132752,-0.000000][0.000000,-1.000000,0.000000][0.516126,0.560430,0][0.454082,2.132751,0.262164][-0.182170,-0.977627,-0.105170][0.750000,0.560430,0][0.262165,2.132751,0.454081][-0.105170,-0.977627,-0.182170][0.666666,0.560430,0][-0.000000,2.132752,-0.000000][0.000000,-1.000000,0.000000][0.516126,0.560430,0][-0.524329,2.132751,-0.000000][0.210369,-0.977622,0.000000][0.333333,0.560430,0][-0.454082,2.132751,-0.262165][0.182170,-0.977627,0.105170][0.250000,0.560430,0][-0.000000,2.132752,-0.000000][0.000000,-1.000000,0.000000][0.516126,0.560430,0][-0.000000,2.132751,-0.524329][0.000000,-0.977622,0.210369][0.083333,0.560430,0][0.262164,2.132751,-0.454082][-0.105170,-0.977627,0.182170][1.000000,0.560430,0][-0.000000,2.132752,-0.000000][0.000000,-1.000000,0.000000][0.516126,0.560430,0][0.524329,2.132751,-0.000001][-0.210369,-0.977622,0.000000][0.833333,0.560430,0][0.454082,2.132751,0.262164][-0.182170,-0.977627,-0.105170][0.750000,0.560430,0][-0.000000,2.132752,-0.000000][0.000000,-1.000000,0.000000][0.516126,0.560430,0][0.182349,1.463410,0.315838][0.360433,-0.693062,0.624302][0.795178,0.837459,0][-0.000000,1.463410,0.364698][0.000000,-0.693068,0.720872][0.766213,0.820736,0][-0.000000,1.463410,-0.000000][0.000000,-1.000000,0.000000][0.811900,0.775050,0][0.454082,2.132751,-0.262165][-0.182170,-0.977627,0.105170][0.916666,0.560430,0][0.524329,2.132751,-0.000001][-0.210369,-0.977622,0.000000][0.833333,0.560430,0][-0.000000,2.132752,-0.000000][0.000000,-1.000000,0.000000][0.516126,0.560430,0][-0.262164,2.132751,-0.454082][0.105170,-0.977627,0.182170][0.166667,0.560430,0][-0.000000,2.132751,-0.524329][0.000000,-0.977622,0.210369][0.083333,0.560430,0][-0.000000,2.132752,-0.000000][0.000000,-1.000000,0.000000][0.516126,0.560430,0][-0.000000,1.463410,-0.364699][0.000000,-0.693068,-0.720872][0.857587,0.729363,0][0.182349,1.463410,-0.315838][0.360433,-0.693062,-0.624302][0.874310,0.758327,0][-0.000000,1.463410,-0.000000][0.000000,-1.000000,0.000000][0.811900,0.775050,0][-0.413269,2.494171,-0.238601][-0.684793,0.612157,-0.395378][0.876085,0.627838,0][-0.477202,2.494171,-0.000000][-0.790744,0.612147,0.000000][0.876085,0.662523,0][-0.000000,2.494171,-0.000000][0.000000,1.000000,0.000000][0.811362,0.645181,0][0.315838,1.463410,0.182349][0.624302,-0.693062,0.360433][0.828623,0.837459,0][0.182349,1.463410,0.315838][0.360433,-0.693062,0.624302][0.795178,0.837459,0][-0.000000,1.463410,-0.000000][0.000000,-1.000000,0.000000][0.811900,0.775050,0][-0.182349,1.463410,-0.315838][-0.360433,-0.693062,-0.624302][0.828623,0.712641,0][-0.000000,1.463410,-0.364699][0.000000,-0.693068,-0.720872][0.857587,0.729363,0][-0.000000,1.463410,-0.000000][0.000000,-1.000000,0.000000][0.811900,0.775050,0][-0.477202,2.494171,-0.000000][-0.790744,0.612147,0.000000][0.876085,0.662523,0][-0.413269,2.494171,0.238600][-0.684793,0.612157,0.395378][0.858742,0.692561,0][-0.000000,2.494171,-0.000000][0.000000,1.000000,0.000000][0.811362,0.645181,0][0.364698,1.463410,-0.000000][0.720872,-0.693068,0.000000][0.857587,0.820736,0][0.315838,1.463410,0.182349][0.624302,-0.693062,0.360433][0.828623,0.837459,0][-0.000000,1.463410,-0.000000][0.000000,-1.000000,0.000000][0.811900,0.775050,0][-0.315838,1.463410,-0.182349][-0.624302,-0.693062,-0.360433][0.795178,0.712641,0][-0.182349,1.463410,-0.315838][-0.360433,-0.693062,-0.624302][0.828623,0.712641,0][-0.000000,1.463410,-0.000000][0.000000,-1.000000,0.000000][0.811900,0.775050,0][-0.238601,2.494171,-0.413269][-0.395378,0.612157,-0.684793][0.858743,0.597800,0][-0.413269,2.494171,-0.238601][-0.684793,0.612157,-0.395378][0.876085,0.627838,0][-0.000000,2.494171,-0.000000][0.000000,1.000000,0.000000][0.811362,0.645181,0][0.182349,1.463410,-0.315838][0.360433,-0.693062,-0.624302][0.874310,0.758327,0][0.315838,1.463410,-0.182350][0.624302,-0.693062,-0.360433][0.874310,0.791772,0][-0.000000,1.463410,-0.000000][0.000000,-1.000000,0.000000][0.811900,0.775050,0][0.413269,2.494171,0.238600][0.684793,0.612157,0.395378][0.746639,0.662523,0][0.477201,2.494171,-0.000000][0.790744,0.612147,0.000000][0.746639,0.627838,0][-0.000000,2.494171,-0.000000][0.000000,1.000000,0.000000][0.811362,0.645181,0][-0.000000,1.463410,0.364698][0.000000,-0.693068,0.720872][0.766213,0.820736,0][-0.182349,1.463410,0.315838][-0.360433,-0.693062,0.624302][0.749491,0.791772,0][-0.000000,1.463410,-0.000000][0.000000,-1.000000,0.000000][0.811900,0.775050,0][-0.000000,2.494171,-0.477202][0.000000,0.612147,-0.790744][0.828705,0.580458,0][-0.238601,2.494171,-0.413269][-0.395378,0.612157,-0.684793][0.858743,0.597800,0][-0.000000,2.494171,-0.000000][0.000000,1.000000,0.000000][0.811362,0.645181,0][0.315838,1.463410,-0.182350][0.624302,-0.693062,-0.360433][0.874310,0.791772,0][0.364698,1.463410,-0.000000][0.720872,-0.693068,0.000000][0.857587,0.820736,0][-0.000000,1.463410,-0.000000][0.000000,-1.000000,0.000000][0.811900,0.775050,0][0.238601,2.494171,0.413268][0.395378,0.612157,0.684793][0.763982,0.692561,0][0.413269,2.494171,0.238600][0.684793,0.612157,0.395378][0.746639,0.662523,0][-0.000000,2.494171,-0.000000][0.000000,1.000000,0.000000][0.811362,0.645181,0][-0.182349,1.463410,0.315838][-0.360433,-0.693062,0.624302][0.749491,0.791772,0][-0.315838,1.463410,0.182349][-0.624302,-0.693062,0.360433][0.749491,0.758327,0][-0.000000,1.463410,-0.000000][0.000000,-1.000000,0.000000][0.811900,0.775050,0][0.238600,2.494171,-0.413269][0.395378,0.612157,-0.684793][0.794020,0.580458,0][-0.000000,2.494171,-0.477202][0.000000,0.612147,-0.790744][0.828705,0.580458,0][-0.000000,2.494171,-0.000000][0.000000,1.000000,0.000000][0.811362,0.645181,0][-0.000000,2.494171,0.477201][0.000000,0.612147,0.790744][0.794020,0.709903,0][0.238601,2.494171,0.413268][0.395378,0.612157,0.684793][0.763982,0.692561,0][-0.000000,2.494171,-0.000000][0.000000,1.000000,0.000000][0.811362,0.645181,0][-0.315838,1.463410,0.182349][-0.624302,-0.693062,0.360433][0.749491,0.758327,0][-0.364698,1.463410,-0.000000][-0.720872,-0.693068,0.000000][0.766213,0.729363,0][-0.000000,1.463410,-0.000000][0.000000,-1.000000,0.000000][0.811900,0.775050,0][0.413268,2.494171,-0.238602][0.684793,0.612157,-0.395378][0.763982,0.597800,0][0.238600,2.494171,-0.413269][0.395378,0.612157,-0.684793][0.794020,0.580458,0][-0.000000,2.494171,-0.000000][0.000000,1.000000,0.000000][0.811362,0.645181,0][-0.238601,2.494171,0.413268][-0.395378,0.612157,0.684793][0.828705,0.709903,0][-0.000000,2.494171,0.477201][0.000000,0.612147,0.790744][0.794020,0.709903,0][-0.000000,2.494171,-0.000000][0.000000,1.000000,0.000000][0.811362,0.645181,0][-0.364698,1.463410,-0.000000][-0.720872,-0.693068,0.000000][0.766213,0.729363,0][-0.315838,1.463410,-0.182349][-0.624302,-0.693062,-0.360433][0.795178,0.712641,0][-0.000000,1.463410,-0.000000][0.000000,-1.000000,0.000000][0.811900,0.775050,0][-0.313920,1.750437,0.543725][0.409996,0.572389,-0.710123][0.583329,0.509308,0][-0.000000,1.750437,0.627840][0.000000,0.572384,-0.819985][0.666662,0.509308,0][-0.000000,1.719676,0.501761][0.000000,0.672179,-0.740389][0.666662,0.509308,0][0.434538,1.719676,-0.250881][-0.641199,0.672176,0.370193][-0.000005,0.509308,0][0.543725,1.750437,-0.313920][-0.710123,0.572389,0.409996][-0.000005,0.509308,0][0.313920,1.750437,-0.543725][-0.409996,0.572389,0.710123][0.083329,0.509308,0][-0.313920,1.750437,-0.543725][0.409996,0.572389,0.710123][0.249995,0.509308,0][-0.543725,1.750437,-0.313920][0.710123,0.572389,0.409996][0.333329,0.509308,0][-0.434538,1.719676,-0.250881][0.641199,0.672176,0.370193][0.333329,0.509308,0][-0.000000,1.750437,0.627840][0.000000,0.572384,-0.819985][0.666662,0.509308,0][0.313920,1.750437,0.543725][-0.409996,0.572389,-0.710123][0.749995,0.509308,0][0.250881,1.719676,0.434538][-0.370193,0.672176,-0.641199][0.749995,0.509308,0][-0.543725,1.750437,0.313920][0.710123,0.572389,-0.409996][0.499995,0.509308,0][-0.313920,1.750437,0.543725][0.409996,0.572389,-0.710123][0.583329,0.509308,0][-0.250881,1.719676,0.434538][0.370193,0.672176,-0.641199][0.583329,0.509308,0][0.501761,1.719676,-0.000001][-0.740389,0.672179,0.000000][0.916662,0.509308,0][0.627840,1.750437,-0.000001][-0.819985,0.572384,0.000000][0.916662,0.509308,0][0.543725,1.750437,-0.313920][-0.710123,0.572389,0.409996][0.999995,0.509308,0][-0.000000,1.750437,-0.627840][0.000000,0.572384,0.819985][0.166662,0.509308,0][-0.313920,1.750437,-0.543725][0.409996,0.572389,0.710123][0.249995,0.509308,0][-0.250881,1.719676,-0.434538][0.370193,0.672176,0.641199][0.249995,0.509308,0][-0.501761,1.719676,-0.000000][0.740389,0.672179,0.000000][0.416662,0.509308,0][-0.627840,1.750437,-0.000000][0.819985,0.572384,0.000000][0.416662,0.509308,0][-0.543725,1.750437,0.313920][0.710123,0.572389,-0.409996][0.499995,0.509308,0][0.543725,1.750437,0.313919][-0.710123,0.572389,-0.409996][0.833328,0.509308,0][0.627840,1.750437,-0.000001][-0.819985,0.572384,0.000000][0.916662,0.509308,0][0.501761,1.719676,-0.000001][-0.740389,0.672179,0.000000][0.916662,0.509308,0][0.313920,1.750437,-0.543725][-0.409996,0.572389,0.710123][0.083329,0.509308,0][-0.000000,1.750437,-0.627840][0.000000,0.572384,0.819985][0.166662,0.509308,0][-0.000000,1.719676,-0.501762][0.000000,0.672179,0.740389][0.166662,0.509308,0][0.667841,-0.987231,1.156732][-0.483394,0.255476,-0.837295][0.833333,0.063031,0][1.156733,-0.987231,0.667839][-0.837295,0.255476,-0.483394][0.916667,0.063031,0][1.041543,-1.209802,0.601334][-0.597295,0.724103,-0.344839][0.916667,0.026355,0][-0.543725,1.750437,-0.313920][0.710123,0.572389,0.409996][0.333329,0.509308,0][-0.627840,1.750437,-0.000000][0.819985,0.572384,0.000000][0.416662,0.509308,0][-0.501761,1.719676,-0.000000][0.740389,0.672179,0.000000][0.416662,0.509308,0][-0.543725,2.093203,-0.313920][0.735928,-0.527149,0.424881][0.333329,0.560438,0][-0.627840,2.093203,-0.000000][0.849770,-0.527154,0.000000][0.416662,0.560438,0][-0.627840,1.750437,-0.000000][0.819985,0.572384,0.000000][0.416662,0.509308,0][-0.250881,1.719676,-0.434538][0.370193,0.672176,0.641199][0.249995,0.509308,0][-0.434538,1.719676,-0.250881][0.641199,0.672176,0.370193][0.333329,0.509308,0][-0.434538,1.332803,-0.250881][0.552274,-0.770272,0.318864][0.333331,0.444757,0][0.434538,1.719676,-0.250881][-0.641199,0.672176,0.370193][-0.000005,0.509308,0][0.250881,1.719676,-0.434538][-0.370193,0.672176,0.641199][0.083329,0.509308,0][0.250881,1.332803,-0.434538][-0.318864,-0.770272,0.552274][0.083331,0.444757,0][-0.250881,1.719676,0.434538][0.370193,0.672176,-0.641199][0.583329,0.509308,0][-0.000000,1.719676,0.501761][0.000000,0.672179,-0.740389][0.666662,0.509308,0][0.000000,1.332803,0.501761][0.000000,-0.770266,-0.637723][0.666664,0.444757,0][0.250881,1.719676,0.434538][-0.370193,0.672176,-0.641199][0.749995,0.509308,0][0.434538,1.719676,0.250880][-0.641199,0.672176,-0.370193][0.833328,0.509308,0][0.434538,1.332803,0.250880][-0.552274,-0.770272,-0.318864][0.833331,0.444757,0][-0.434538,1.719676,-0.250881][0.641199,0.672176,0.370193][0.333329,0.509308,0][-0.501761,1.719676,-0.000000][0.740389,0.672179,0.000000][0.416662,0.509308,0][-0.501761,1.332803,-0.000000][0.637723,-0.770266,0.000000][0.416664,0.444757,0][0.250881,1.719676,-0.434538][-0.370193,0.672176,0.641199][0.083329,0.509308,0][-0.000000,1.719676,-0.501762][0.000000,0.672179,0.740389][0.166662,0.509308,0][-0.000000,1.332803,-0.501762][0.000000,-0.770266,0.637723][0.166664,0.444757,0][0.434538,1.719676,0.250880][-0.641199,0.672176,-0.370193][0.833328,0.509308,0][0.501761,1.719676,-0.000001][-0.740389,0.672179,0.000000][0.916662,0.509308,0][0.501761,1.332803,-0.000001][-0.637723,-0.770266,0.000000][0.916664,0.444757,0][-0.501761,1.719676,-0.000000][0.740389,0.672179,0.000000][0.416662,0.509308,0][-0.434538,1.719676,0.250880][0.641199,0.672176,-0.370193][0.499995,0.509308,0][-0.434538,1.332803,0.250880][0.552274,-0.770272,-0.318864][0.499998,0.444757,0][-0.000000,1.719676,-0.501762][0.000000,0.672179,0.740389][0.166662,0.509308,0][-0.250881,1.719676,-0.434538][0.370193,0.672176,0.641199][0.249995,0.509308,0][-0.250881,1.332803,-0.434538][0.318864,-0.770272,0.552274][0.249998,0.444757,0][0.501761,1.719676,-0.000001][-0.740389,0.672179,0.000000][0.916662,0.509308,0][0.434538,1.719676,-0.250881][-0.641199,0.672176,0.370193][0.999995,0.509308,0][0.434538,1.332803,-0.250881][-0.552274,-0.770272,0.318864][0.999997,0.444757,0][-0.434538,1.719676,0.250880][0.641199,0.672176,-0.370193][0.499995,0.509308,0][-0.250881,1.719676,0.434538][0.370193,0.672176,-0.641199][0.583329,0.509308,0][-0.250881,1.332803,0.434538][0.318864,-0.770272,-0.552274][0.583331,0.444757,0][0.313920,1.750437,0.543725][-0.409996,0.572389,-0.710123][0.749995,0.509308,0][0.543725,1.750437,0.313919][-0.710123,0.572389,-0.409996][0.833328,0.509308,0][0.434538,1.719676,0.250880][-0.641199,0.672176,-0.370193][0.833328,0.509308,0][-0.250881,1.332803,-0.434538][0.318864,-0.770272,0.552274][0.333331,0.444757,0][-0.434538,1.332803,-0.250881][0.552274,-0.770272,0.318864][0.416664,0.444757,0][-0.715577,1.332803,-0.413139][0.198711,-0.973321,0.114722][0.416664,0.444757,0][0.000000,1.332803,0.826277][0.000000,-0.973315,-0.229473][0.749997,0.444757,0][0.000000,1.332803,0.501761][0.000000,-0.770266,-0.637723][0.749997,0.444757,0][0.250881,1.332803,0.434538][-0.318864,-0.770272,-0.552274][0.833331,0.444757,0][-0.434538,1.332803,0.250880][0.552274,-0.770272,-0.318864][0.583331,0.444757,0][-0.250881,1.332803,0.434538][0.318864,-0.770272,-0.552274][0.666664,0.444757,0][-0.413138,1.332803,0.715577][0.114722,-0.973321,-0.198711][0.666664,0.444757,0][0.501761,1.332803,-0.000001][-0.637723,-0.770266,0.000000][-0.000003,0.444757,0][0.434538,1.332803,-0.250881][-0.552274,-0.770272,0.318864][0.083331,0.444757,0][0.715577,1.332803,-0.413139][-0.198711,-0.973321,0.114722][0.083331,0.444757,0][-0.000000,1.332803,-0.501762][0.000000,-0.770266,0.637723][0.249998,0.444757,0][-0.250881,1.332803,-0.434538][0.318864,-0.770272,0.552274][0.333331,0.444757,0][-0.413139,1.332803,-0.715577][0.114722,-0.973321,0.198711][0.333331,0.444757,0][-0.826277,1.332803,-0.000000][0.229473,-0.973315,0.000000][0.499998,0.444757,0][-0.501761,1.332803,-0.000000][0.637723,-0.770266,0.000000][0.499998,0.444757,0][-0.434538,1.332803,0.250880][0.552274,-0.770272,-0.318864][0.583331,0.444757,0][0.434538,1.332803,0.250880][-0.552274,-0.770272,-0.318864][0.916664,0.444757,0][0.501761,1.332803,-0.000001][-0.637723,-0.770266,0.000000][0.999997,0.444757,0][0.826277,1.332803,-0.000001][-0.229473,-0.973315,0.000000][0.999997,0.444757,0][0.413138,1.332803,-0.715577][-0.114722,-0.973321,0.198711][0.166664,0.444757,0][0.250881,1.332803,-0.434538][-0.318864,-0.770272,0.552274][0.166664,0.444757,0][-0.000000,1.332803,-0.501762][0.000000,-0.770266,0.637723][0.249998,0.444757,0][-0.434538,1.332803,-0.250881][0.552274,-0.770272,0.318864][0.416664,0.444757,0][-0.501761,1.332803,-0.000000][0.637723,-0.770266,0.000000][0.499998,0.444757,0][-0.826277,1.332803,-0.000000][0.229473,-0.973315,0.000000][0.499998,0.444757,0][0.250881,1.332803,0.434538][-0.318864,-0.770272,-0.552274][0.833331,0.444757,0][0.434538,1.332803,0.250880][-0.552274,-0.770272,-0.318864][0.916664,0.444757,0][0.715577,1.332803,0.413138][-0.198711,-0.973321,-0.114722][0.916664,0.444757,0][-0.413138,1.332803,0.715577][0.114722,-0.973321,-0.198711][0.666664,0.444757,0][-0.250881,1.332803,0.434538][0.318864,-0.770272,-0.552274][0.666664,0.444757,0][0.000000,1.332803,0.501761][0.000000,-0.770266,-0.637723][0.749997,0.444757,0][-0.000000,1.719676,0.501761][0.000000,0.672179,-0.740389][0.666662,0.509308,0][0.250881,1.719676,0.434538][-0.370193,0.672176,-0.641199][0.749995,0.509308,0][0.250881,1.332803,0.434538][-0.318864,-0.770272,-0.552274][0.749997,0.444757,0][-1.133453,1.203287,-0.000000][0.649393,-0.760453,0.000000][0.500000,0.423993,0][-0.981599,1.203287,0.566726][0.562406,-0.760444,-0.324692][0.583333,0.423993,0][-1.156733,0.922167,0.667840][0.828047,-0.292923,-0.478053][0.583333,0.377669,0][-0.667840,0.922167,1.156733][0.478053,-0.292923,-0.828047][0.666667,0.377669,0][-0.566726,1.203287,0.981598][0.324692,-0.760444,-0.562406][0.666667,0.423993,0][0.000000,1.203287,1.133452][0.000000,-0.760453,-0.649393][0.750000,0.423993,0][0.000000,1.203287,1.133452][0.000000,-0.760453,-0.649393][0.750000,0.423993,0][0.566727,1.203287,0.981598][-0.324692,-0.760444,-0.562406][0.833333,0.423993,0][0.667841,0.922167,1.156732][-0.478053,-0.292923,-0.828047][0.833333,0.377669,0][-0.981599,1.203287,-0.566727][0.562406,-0.760444,0.324692][0.416667,0.423993,0][-1.133453,1.203287,-0.000000][0.649393,-0.760453,0.000000][0.500000,0.423993,0][-1.335680,0.922167,-0.000000][0.956136,-0.292923,0.000000][0.500000,0.377669,0][-0.566726,1.203287,-0.981599][0.324692,-0.760444,0.562406][0.333333,0.423993,0][-0.981599,1.203287,-0.566727][0.562406,-0.760444,0.324692][0.416667,0.423993,0][-1.156733,0.922167,-0.667840][0.828047,-0.292923,0.478053][0.416667,0.377669,0][-0.000000,1.203287,-1.133453][0.000000,-0.760453,0.649393][0.250000,0.423993,0][-0.566726,1.203287,-0.981599][0.324692,-0.760444,0.562406][0.333333,0.423993,0][-0.667840,0.922167,-1.156733][0.478053,-0.292923,0.828047][0.333333,0.377669,0][0.667840,0.922167,-1.156733][-0.478053,-0.292923,0.828047][0.166667,0.377669,0][0.566726,1.203287,-0.981599][-0.324692,-0.760444,0.562406][0.166667,0.423993,0][-0.000000,1.203287,-1.133453][0.000000,-0.760453,0.649393][0.250000,0.423993,0][0.981598,1.203287,-0.566727][-0.562406,-0.760444,0.324692][0.083333,0.423993,0][0.566726,1.203287,-0.981599][-0.324692,-0.760444,0.562406][0.166667,0.423993,0][0.667840,0.922167,-1.156733][-0.478053,-0.292923,0.828047][0.166667,0.377669,0][1.133453,1.203287,-0.000001][-0.649393,-0.760453,0.000000][0.000000,0.423993,0][0.981598,1.203287,-0.566727][-0.562406,-0.760444,0.324692][0.083333,0.423993,0][1.156732,0.922167,-0.667841][-0.828047,-0.292923,0.478053][0.083333,0.377669,0][0.981599,1.203287,0.566725][-0.562406,-0.760444,-0.324692][0.916667,0.423993,0][1.133453,1.203287,-0.000001][-0.649393,-0.760453,0.000000][1.000000,0.423993,0][1.335680,0.922167,-0.000001][-0.956136,-0.292923,0.000000][1.000000,0.377669,0][-0.981599,1.203287,0.566726][0.562406,-0.760444,-0.324692][0.583333,0.423993,0][-0.566726,1.203287,0.981598][0.324692,-0.760444,-0.562406][0.666667,0.423993,0][-0.667840,0.922167,1.156733][0.478053,-0.292923,-0.828047][0.666667,0.377669,0][0.667841,0.922167,1.156732][-0.478053,-0.292923,-0.828047][0.833333,0.377669,0][0.566727,1.203287,0.981598][-0.324692,-0.760444,-0.562406][0.833333,0.423993,0][0.981599,1.203287,0.566725][-0.562406,-0.760444,-0.324692][0.916667,0.423993,0][0.434538,1.332803,-0.250881][-0.552274,-0.770272,0.318864][0.083331,0.444757,0][0.250881,1.332803,-0.434538][-0.318864,-0.770272,0.552274][0.166664,0.444757,0][0.413138,1.332803,-0.715577][-0.114722,-0.973321,0.198711][0.166664,0.444757,0][0.454082,2.132751,0.262164][-0.182170,-0.977627,-0.105170][0.833328,0.560438,0][0.524329,2.132751,-0.000001][-0.210369,-0.977622,0.000000][0.916662,0.560438,0][0.627840,2.093203,-0.000001][-0.849770,-0.527154,0.000000][0.916662,0.560438,0][-0.543725,2.093203,0.313920][0.735928,-0.527149,-0.424881][0.499995,0.560438,0][-0.313920,2.093203,0.543725][0.424881,-0.527149,-0.735928][0.583329,0.560438,0][-0.313920,1.750437,0.543725][0.409996,0.572389,-0.710123][0.583329,0.509308,0][0.313920,2.093203,0.543725][-0.424881,-0.527149,-0.735928][0.749995,0.560438,0][0.543725,2.093203,0.313919][-0.735928,-0.527149,-0.424881][0.833328,0.560438,0][0.543725,1.750437,0.313919][-0.710123,0.572389,-0.409996][0.833328,0.509308,0][0.627840,2.093203,-0.000001][-0.849770,-0.527154,0.000000][0.916662,0.560438,0][0.543725,2.093203,-0.313920][-0.735928,-0.527149,0.424881][0.999995,0.560438,0][0.543725,1.750437,-0.313920][-0.710123,0.572389,0.409996][0.999995,0.509308,0][0.313920,2.093203,-0.543725][-0.424881,-0.527149,0.735928][0.083329,0.560438,0][-0.000000,2.093203,-0.627840][0.000000,-0.527154,0.849770][0.166662,0.560438,0][-0.000000,1.750437,-0.627840][0.000000,0.572384,0.819985][0.166662,0.509308,0][-0.000000,2.093203,0.627839][0.000000,-0.527154,-0.849770][0.666662,0.560438,0][0.313920,2.093203,0.543725][-0.424881,-0.527149,-0.735928][0.749995,0.560438,0][0.313920,1.750437,0.543725][-0.409996,0.572389,-0.710123][0.749995,0.509308,0][-0.313920,2.093203,-0.543725][0.424881,-0.527149,0.735928][0.249995,0.560438,0][-0.543725,2.093203,-0.313920][0.735928,-0.527149,0.424881][0.333329,0.560438,0][-0.543725,1.750437,-0.313920][0.710123,0.572389,0.409996][0.333329,0.509308,0][0.543725,2.093203,0.313919][-0.735928,-0.527149,-0.424881][0.833328,0.560438,0][0.627840,2.093203,-0.000001][-0.849770,-0.527154,0.000000][0.916662,0.560438,0][0.627840,1.750437,-0.000001][-0.819985,0.572384,0.000000][0.916662,0.509308,0][-0.627840,2.093203,-0.000000][0.849770,-0.527154,0.000000][0.416662,0.560438,0][-0.543725,2.093203,0.313920][0.735928,-0.527149,-0.424881][0.499995,0.560438,0][-0.543725,1.750437,0.313920][0.710123,0.572389,-0.409996][0.499995,0.509308,0][0.543725,2.093203,-0.313920][-0.735928,-0.527149,0.424881][-0.000005,0.560438,0][0.313920,2.093203,-0.543725][-0.424881,-0.527149,0.735928][0.083329,0.560438,0][0.313920,1.750437,-0.543725][-0.409996,0.572389,0.710123][0.083329,0.509308,0][-0.313920,2.093203,0.543725][0.424881,-0.527149,-0.735928][0.583329,0.560438,0][-0.000000,2.093203,0.627839][0.000000,-0.527154,-0.849770][0.666662,0.560438,0][-0.000000,1.750437,0.627840][0.000000,0.572384,-0.819985][0.666662,0.509308,0][-0.000000,2.093203,-0.627840][0.000000,-0.527154,0.849770][0.166662,0.560438,0][-0.313920,2.093203,-0.543725][0.424881,-0.527149,0.735928][0.249995,0.560438,0][-0.313920,1.750437,-0.543725][0.409996,0.572389,0.710123][0.249995,0.509308,0][0.262164,2.132751,-0.454082][-0.105170,-0.977627,0.182170][0.083329,0.560438,0][-0.000000,2.132751,-0.524329][0.000000,-0.977622,0.210369][0.166662,0.560438,0][-0.000000,2.093203,-0.627840][0.000000,-0.527154,0.849770][0.166662,0.560438,0][-0.543725,2.093203,-0.313920][0.735928,-0.527149,0.424881][0.333329,0.560438,0][-0.454082,2.132751,-0.262165][0.182170,-0.977627,0.105170][0.333329,0.560438,0][-0.524329,2.132751,-0.000000][0.210369,-0.977622,0.000000][0.416662,0.560438,0][0.262165,2.132751,0.454081][-0.105170,-0.977627,-0.182170][0.749995,0.560438,0][0.454082,2.132751,0.262164][-0.182170,-0.977627,-0.105170][0.833328,0.560438,0][0.543725,2.093203,0.313919][-0.735928,-0.527149,-0.424881][0.833328,0.560438,0][-0.262164,2.132751,0.454082][0.105170,-0.977627,-0.182170][0.583329,0.560438,0][-0.000000,2.132751,0.524328][0.000000,-0.977622,-0.210369][0.666662,0.560438,0][-0.000000,2.093203,0.627839][0.000000,-0.527154,-0.849770][0.666662,0.560438,0][0.454082,2.132751,-0.262165][-0.182170,-0.977627,0.105170][-0.000005,0.560438,0][0.262164,2.132751,-0.454082][-0.105170,-0.977627,0.182170][0.083329,0.560438,0][0.313920,2.093203,-0.543725][-0.424881,-0.527149,0.735928][0.083329,0.560438,0][-0.262164,2.132751,-0.454082][0.105170,-0.977627,0.182170][0.249995,0.560438,0][-0.454082,2.132751,-0.262165][0.182170,-0.977627,0.105170][0.333329,0.560438,0][-0.543725,2.093203,-0.313920][0.735928,-0.527149,0.424881][0.333329,0.560438,0][-0.000000,2.132751,0.524328][0.000000,-0.977622,-0.210369][0.666662,0.560438,0][0.262165,2.132751,0.454081][-0.105170,-0.977627,-0.182170][0.749995,0.560438,0][0.313920,2.093203,0.543725][-0.424881,-0.527149,-0.735928][0.749995,0.560438,0][-0.454082,2.132751,0.262164][0.182170,-0.977627,-0.105170][0.499995,0.560438,0][-0.262164,2.132751,0.454082][0.105170,-0.977627,-0.182170][0.583329,0.560438,0][-0.313920,2.093203,0.543725][0.424881,-0.527149,-0.735928][0.583329,0.560438,0][0.524329,2.132751,-0.000001][-0.210369,-0.977622,0.000000][0.916662,0.560438,0][0.454082,2.132751,-0.262165][-0.182170,-0.977627,0.105170][0.999995,0.560438,0][0.543725,2.093203,-0.313920][-0.735928,-0.527149,0.424881][0.999995,0.560438,0][-0.000000,2.132751,-0.524329][0.000000,-0.977622,0.210369][0.166662,0.560438,0][-0.262164,2.132751,-0.454082][0.105170,-0.977627,0.182170][0.249995,0.560438,0][-0.313920,2.093203,-0.543725][0.424881,-0.527149,0.735928][0.249995,0.560438,0][-0.524329,2.132751,-0.000000][0.210369,-0.977622,0.000000][0.416662,0.560438,0][-0.454082,2.132751,0.262164][0.182170,-0.977627,-0.105170][0.499995,0.560438,0][-0.543725,2.093203,0.313920][0.735928,-0.527149,-0.424881][0.499995,0.560438,0][-1.202669,-1.209802,-0.000000][0.689700,0.724095,0.000000][0.500000,0.026355,0][-1.041542,-1.209802,0.601335][0.597295,0.724103,-0.344839][0.583333,0.026355,0][-0.792575,-1.337733,0.457593][0.208233,0.970664,-0.120215][0.583333,0.005274,0][-0.667840,-0.987231,1.156733][0.483394,0.255476,-0.837295][0.666667,0.063031,0][-0.601335,-1.209802,1.041542][0.344839,0.724103,-0.597295][0.666667,0.026355,0][-1.041542,-1.209802,0.601335][0.597295,0.724103,-0.344839][0.583333,0.026355,0][1.156733,-0.987231,0.667839][-0.837295,0.255476,-0.483394][0.916667,0.063031,0][1.335680,-0.987231,-0.000001][-0.966816,0.255476,0.000000][1.000000,0.063031,0][1.202670,-1.209802,-0.000001][-0.689700,0.724095,0.000000][1.000000,0.026355,0][1.335680,-0.987231,-0.000001][-0.966816,0.255476,0.000000][0.000000,0.063031,0][1.156733,-0.987231,-0.667840][-0.837295,0.255476,0.483394][0.083333,0.063031,0][1.041542,-1.209802,-0.601335][-0.597295,0.724103,0.344839][0.083333,0.026355,0][0.667840,-0.987231,-1.156733][-0.483394,0.255476,0.837295][0.166667,0.063031,0][0.601335,-1.209802,-1.041543][-0.344839,0.724103,0.597295][0.166667,0.026355,0][1.041542,-1.209802,-0.601335][-0.597295,0.724103,0.344839][0.083333,0.026355,0][0.667840,-0.987231,-1.156733][-0.483394,0.255476,0.837295][0.166667,0.063031,0][-0.000000,-0.987231,-1.335680][0.000000,0.255476,0.966816][0.250000,0.063031,0][-0.000000,-1.209802,-1.202670][0.000000,0.724095,0.689700][0.250000,0.026355,0][-0.000000,-0.987231,-1.335680][0.000000,0.255476,0.966816][0.250000,0.063031,0][-0.667840,-0.987231,-1.156733][0.483394,0.255476,0.837295][0.333333,0.063031,0][-0.601335,-1.209802,-1.041542][0.344839,0.724103,0.597295][0.333333,0.026355,0][-1.156733,-0.987231,-0.667840][0.837295,0.255476,0.483394][0.416667,0.063031,0][-1.041542,-1.209802,-0.601335][0.597295,0.724103,0.344839][0.416667,0.026355,0][-0.601335,-1.209802,-1.041542][0.344839,0.724103,0.597295][0.333333,0.026355,0][-1.156733,-0.987231,-0.667840][0.837295,0.255476,0.483394][0.416667,0.063031,0][-1.335680,-0.987231,-0.000000][0.966816,0.255476,0.000000][0.500000,0.063031,0][-1.202669,-1.209802,-0.000000][0.689700,0.724095,0.000000][0.500000,0.026355,0][0.667841,-0.987231,1.156732][-0.483394,0.255476,-0.837295][0.833333,0.063031,0][0.601336,-1.209802,1.041542][-0.344839,0.724103,-0.597295][0.833333,0.026355,0][0.000000,-1.209802,1.202669][0.000000,0.724095,-0.689700][0.750000,0.026355,0][0.000000,-0.987231,1.335680][0.000000,0.255476,-0.966816][0.750000,0.063031,0][0.000000,-1.209802,1.202669][0.000000,0.724095,-0.689700][0.750000,0.026355,0][-0.601335,-1.209802,1.041542][0.344839,0.724103,-0.597295][0.666667,0.026355,0][-1.156733,-0.987231,0.667840][0.837295,0.255476,-0.483394][0.583333,0.063031,0][-1.041542,-1.209802,0.601335][0.597295,0.724103,-0.344839][0.583333,0.026355,0][-1.202669,-1.209802,-0.000000][0.689700,0.724095,0.000000][0.500000,0.026355,0][1.202670,-1.209802,-0.000001][-0.689700,0.724095,0.000000][1.000000,0.026355,0][0.915187,-1.337733,-0.000001][-0.240431,0.970666,0.000000][1.000004,0.005274,0][0.792575,-1.337733,0.457593][-0.208233,0.970664,-0.120215][0.916667,0.005274,0][-0.000000,-1.209802,-1.202670][0.000000,0.724095,0.689700][0.250000,0.026355,0][0.000000,-1.337733,-0.915187][0.000000,0.970666,0.240431][0.250000,0.005274,0][0.457593,-1.337733,-0.792575][-0.120215,0.970664,0.208233][0.166667,0.005274,0][-1.041542,-1.209802,-0.601335][0.597295,0.724103,0.344839][0.416667,0.026355,0][-1.202669,-1.209802,-0.000000][0.689700,0.724095,0.000000][0.500000,0.026355,0][-0.915187,-1.337733,-0.000000][0.240431,0.970666,0.000000][0.500000,0.005274,0][1.041543,-1.209802,0.601334][-0.597295,0.724103,-0.344839][0.916667,0.026355,0][0.792575,-1.337733,0.457593][-0.208233,0.970664,-0.120215][0.916667,0.005274,0][0.457594,-1.337733,0.792575][-0.120215,0.970664,-0.208233][0.833333,0.005274,0][0.000000,-1.209802,1.202669][0.000000,0.724095,-0.689700][0.750000,0.026355,0][0.000000,-1.337733,0.915187][0.000000,0.970666,-0.240431][0.750000,0.005274,0][-0.457593,-1.337733,0.792575][0.120215,0.970664,-0.208233][0.666667,0.005274,0][0.601335,-1.209802,-1.041543][-0.344839,0.724103,0.597295][0.166667,0.026355,0][0.457593,-1.337733,-0.792575][-0.120215,0.970664,0.208233][0.166667,0.005274,0][0.792575,-1.337733,-0.457594][-0.208233,0.970664,0.120215][0.083333,0.005274,0][-0.601335,-1.209802,-1.041542][0.344839,0.724103,0.597295][0.333333,0.026355,0][-1.041542,-1.209802,-0.601335][0.597295,0.724103,0.344839][0.416667,0.026355,0][-0.792575,-1.337733,-0.457594][0.208233,0.970664,0.120215][0.416667,0.005274,0][0.601336,-1.209802,1.041542][-0.344839,0.724103,-0.597295][0.833333,0.026355,0][0.457594,-1.337733,0.792575][-0.120215,0.970664,-0.208233][0.833333,0.005274,0][0.000000,-1.337733,0.915187][0.000000,0.970666,-0.240431][0.750000,0.005274,0][-0.601335,-1.209802,1.041542][0.344839,0.724103,-0.597295][0.666667,0.026355,0][-0.457593,-1.337733,0.792575][0.120215,0.970664,-0.208233][0.666667,0.005274,0][-0.792575,-1.337733,0.457593][0.208233,0.970664,-0.120215][0.583333,0.005274,0][1.041542,-1.209802,-0.601335][-0.597295,0.724103,0.344839][0.083333,0.026355,0][0.792575,-1.337733,-0.457594][-0.208233,0.970664,0.120215][0.083333,0.005274,0][0.915187,-1.337733,-0.000001][-0.240431,0.970666,0.000000][0.000000,0.005274,0][-0.601335,-1.209802,-1.041542][0.344839,0.724103,0.597295][0.333333,0.026355,0][-0.457593,-1.337733,-0.792575][0.120215,0.970664,0.208233][0.333333,0.005274,0][0.000000,-1.337733,-0.915187][0.000000,0.970666,0.240431][0.250000,0.005274,0][0.667841,0.922167,1.156732][-0.478053,-0.292923,-0.828047][0.833333,0.377669,0][1.156733,0.922167,0.667839][-0.828047,-0.292923,-0.478053][0.916667,0.377669,0][1.156733,-0.987231,0.667839][-0.837295,0.255476,-0.483394][0.916667,0.063031,0][-1.156733,0.922167,0.667840][0.828047,-0.292923,-0.478053][0.583333,0.377669,0][-0.667840,0.922167,1.156733][0.478053,-0.292923,-0.828047][0.666667,0.377669,0][-0.667840,-0.987231,1.156733][0.483394,0.255476,-0.837295][0.666667,0.063031,0][1.156733,0.922167,0.667839][-0.828047,-0.292923,-0.478053][0.916667,0.377669,0][1.335680,0.922167,-0.000001][-0.956136,-0.292923,0.000000][1.000000,0.377669,0][1.335680,-0.987231,-0.000001][-0.966816,0.255476,0.000000][1.000000,0.063031,0][1.335680,0.922167,-0.000001][-0.956136,-0.292923,0.000000][0.000000,0.377669,0][1.156732,0.922167,-0.667841][-0.828047,-0.292923,0.478053][0.083333,0.377669,0][1.156733,-0.987231,-0.667840][-0.837295,0.255476,0.483394][0.083333,0.063031,0][1.156733,-0.987231,-0.667840][-0.837295,0.255476,0.483394][0.083333,0.063031,0][1.156732,0.922167,-0.667841][-0.828047,-0.292923,0.478053][0.083333,0.377669,0][0.667840,0.922167,-1.156733][-0.478053,-0.292923,0.828047][0.166667,0.377669,0][0.667840,-0.987231,-1.156733][-0.483394,0.255476,0.837295][0.166667,0.063031,0][0.667840,0.922167,-1.156733][-0.478053,-0.292923,0.828047][0.166667,0.377669,0][-0.000000,0.922167,-1.335680][0.000000,-0.292923,0.956136][0.250000,0.377669,0][-0.000000,0.922167,-1.335680][0.000000,-0.292923,0.956136][0.250000,0.377669,0][-0.667840,0.922167,-1.156733][0.478053,-0.292923,0.828047][0.333333,0.377669,0][-0.667840,-0.987231,-1.156733][0.483394,0.255476,0.837295][0.333333,0.063031,0][-0.667840,-0.987231,-1.156733][0.483394,0.255476,0.837295][0.333333,0.063031,0][-0.667840,0.922167,-1.156733][0.478053,-0.292923,0.828047][0.333333,0.377669,0][-1.156733,0.922167,-0.667840][0.828047,-0.292923,0.478053][0.416667,0.377669,0][-1.156733,0.922167,-0.667840][0.828047,-0.292923,0.478053][0.416667,0.377669,0][-1.335680,0.922167,-0.000000][0.956136,-0.292923,0.000000][0.500000,0.377669,0][-1.335680,-0.987231,-0.000000][0.966816,0.255476,0.000000][0.500000,0.063031,0][0.000000,0.922167,1.335680][0.000000,-0.292923,-0.956136][0.750000,0.377669,0][0.667841,0.922167,1.156732][-0.478053,-0.292923,-0.828047][0.833333,0.377669,0][0.667841,-0.987231,1.156732][-0.483394,0.255476,-0.837295][0.833333,0.063031,0][-0.667840,0.922167,1.156733][0.478053,-0.292923,-0.828047][0.666667,0.377669,0][0.000000,0.922167,1.335680][0.000000,-0.292923,-0.956136][0.750000,0.377669,0][0.000000,-0.987231,1.335680][0.000000,0.255476,-0.966816][0.750000,0.063031,0][-1.335680,0.922167,-0.000000][0.956136,-0.292923,0.000000][0.500000,0.377669,0][-1.156733,0.922167,0.667840][0.828047,-0.292923,-0.478053][0.583333,0.377669,0][-1.156733,-0.987231,0.667840][0.837295,0.255476,-0.483394][0.583333,0.063031,0][0.715577,1.332803,-0.413139][-0.198711,-0.973321,0.114722][0.083331,0.444757,0][0.413138,1.332803,-0.715577][-0.114722,-0.973321,0.198711][0.166664,0.444757,0][0.566726,1.203287,-0.981599][-0.324692,-0.760444,0.562406][0.166667,0.423993,0][-0.413138,1.332803,0.715577][0.114722,-0.973321,-0.198711][0.666664,0.444757,0][0.000000,1.332803,0.826277][0.000000,-0.973315,-0.229473][0.749997,0.444757,0][0.000000,1.203287,1.133452][0.000000,-0.760453,-0.649393][0.750000,0.423993,0][0.413139,1.332803,0.715576][-0.114722,-0.973321,-0.198711][0.833331,0.444757,0][0.715577,1.332803,0.413138][-0.198711,-0.973321,-0.114722][0.916664,0.444757,0][0.981599,1.203287,0.566725][-0.562406,-0.760444,-0.324692][0.916667,0.423993,0][-0.715577,1.332803,-0.413139][0.198711,-0.973321,0.114722][0.416664,0.444757,0][-0.826277,1.332803,-0.000000][0.229473,-0.973315,0.000000][0.499998,0.444757,0][-1.133453,1.203287,-0.000000][0.649393,-0.760453,0.000000][0.500000,0.423993,0][0.413138,1.332803,-0.715577][-0.114722,-0.973321,0.198711][0.166664,0.444757,0][-0.000000,1.332803,-0.826277][0.000000,-0.973315,0.229473][0.249998,0.444757,0][-0.000000,1.203287,-1.133453][0.000000,-0.760453,0.649393][0.250000,0.423993,0][0.715577,1.332803,0.413138][-0.198711,-0.973321,-0.114722][0.916664,0.444757,0][0.826277,1.332803,-0.000001][-0.229473,-0.973315,0.000000][0.999997,0.444757,0][1.133453,1.203287,-0.000001][-0.649393,-0.760453,0.000000][1.000000,0.423993,0][-1.133453,1.203287,-0.000000][0.649393,-0.760453,0.000000][0.500000,0.423993,0][-0.826277,1.332803,-0.000000][0.229473,-0.973315,0.000000][0.499998,0.444757,0][-0.715577,1.332803,0.413138][0.198711,-0.973321,-0.114722][0.583331,0.444757,0][-0.000000,1.332803,-0.826277][0.000000,-0.973315,0.229473][0.249998,0.444757,0][-0.413139,1.332803,-0.715577][0.114722,-0.973321,0.198711][0.333331,0.444757,0][-0.566726,1.203287,-0.981599][0.324692,-0.760444,0.562406][0.333333,0.423993,0][0.826277,1.332803,-0.000001][-0.229473,-0.973315,0.000000][-0.000003,0.444757,0][0.715577,1.332803,-0.413139][-0.198711,-0.973321,0.114722][0.083331,0.444757,0][0.981598,1.203287,-0.566727][-0.562406,-0.760444,0.324692][0.083333,0.423993,0][-0.715577,1.332803,0.413138][0.198711,-0.973321,-0.114722][0.583331,0.444757,0][-0.413138,1.332803,0.715577][0.114722,-0.973321,-0.198711][0.666664,0.444757,0][-0.566726,1.203287,0.981598][0.324692,-0.760444,-0.562406][0.666667,0.423993,0][0.000000,1.203287,1.133452][0.000000,-0.760453,-0.649393][0.750000,0.423993,0][0.000000,1.332803,0.826277][0.000000,-0.973315,-0.229473][0.749997,0.444757,0][0.413139,1.332803,0.715576][-0.114722,-0.973321,-0.198711][0.833331,0.444757,0][-0.566726,1.203287,-0.981599][0.324692,-0.760444,0.562406][0.333333,0.423993,0][-0.413139,1.332803,-0.715577][0.114722,-0.973321,0.198711][0.333331,0.444757,0][-0.715577,1.332803,-0.413139][0.198711,-0.973321,0.114722][0.416664,0.444757,0][0.238601,2.494171,0.413268][0.395378,0.612157,0.684793][0.888036,0.822769,0][0.182349,1.463410,0.315838][0.360433,-0.693062,0.624302][0.995517,0.822769,0][0.315838,1.463410,0.182349][0.624302,-0.693062,0.360433][0.995517,0.854051,0][-0.000000,2.494171,-0.477202][0.000000,0.612147,-0.790744][0.888036,0.603796,0][-0.000000,1.463410,-0.364699][0.000000,-0.693068,-0.720872][0.995517,0.603796,0][-0.182349,1.463410,-0.315838][-0.360433,-0.693062,-0.624302][0.995517,0.635078,0][-0.477202,2.494171,-0.000000][-0.790744,0.612147,0.000000][0.888036,0.697642,0][-0.364698,1.463410,-0.000000][-0.720872,-0.693068,0.000000][0.995517,0.697642,0][-0.315838,1.463410,0.182349][-0.624302,-0.693062,0.360433][0.995517,0.728924,0][-0.000000,2.494171,0.477201][0.000000,0.612147,0.790744][0.888036,0.791487,0][-0.000000,1.463410,0.364698][0.000000,-0.693068,0.720872][0.995517,0.791487,0][0.182349,1.463410,0.315838][0.360433,-0.693062,0.624302][0.995517,0.822769,0][0.238600,2.494171,-0.413269][0.395378,0.612157,-0.684793][0.888036,0.947897,0][0.182349,1.463410,-0.315838][0.360433,-0.693062,-0.624302][0.995517,0.947897,0][-0.000000,1.463410,-0.364699][0.000000,-0.693068,-0.720872][0.995517,0.979179,0][-0.413269,2.494171,-0.238601][-0.684793,0.612157,-0.395378][0.888036,0.666360,0][-0.315838,1.463410,-0.182349][-0.624302,-0.693062,-0.360433][0.995517,0.666360,0][-0.364698,1.463410,-0.000000][-0.720872,-0.693068,0.000000][0.995517,0.697642,0][-0.000000,2.494171,0.477201][0.000000,0.612147,0.790744][0.888036,0.791487,0][-0.238601,2.494171,0.413268][-0.395378,0.612157,0.684793][0.888036,0.760205,0][-0.182349,1.463410,0.315838][-0.360433,-0.693062,0.624302][0.995517,0.760205,0][0.413268,2.494171,-0.238602][0.684793,0.612157,-0.395378][0.888036,0.916615,0][0.315838,1.463410,-0.182350][0.624302,-0.693062,-0.360433][0.995517,0.916615,0][0.182349,1.463410,-0.315838][0.360433,-0.693062,-0.624302][0.995517,0.947897,0][0.413269,2.494171,0.238600][0.684793,0.612157,0.395378][0.888036,0.854051,0][0.315838,1.463410,0.182349][0.624302,-0.693062,0.360433][0.995517,0.854051,0][0.364698,1.463410,-0.000000][0.720872,-0.693068,0.000000][0.995517,0.885333,0][-0.238601,2.494171,-0.413269][-0.395378,0.612157,-0.684793][0.888036,0.635078,0][-0.182349,1.463410,-0.315838][-0.360433,-0.693062,-0.624302][0.995517,0.635078,0][-0.315838,1.463410,-0.182349][-0.624302,-0.693062,-0.360433][0.995517,0.666360,0][-0.413269,2.494171,0.238600][-0.684793,0.612157,0.395378][0.888036,0.728924,0][-0.315838,1.463410,0.182349][-0.624302,-0.693062,0.360433][0.995517,0.728924,0][-0.182349,1.463410,0.315838][-0.360433,-0.693062,0.624302][0.995517,0.760205,0][0.477201,2.494171,-0.000000][0.790744,0.612147,0.000000][0.888036,0.885333,0][0.364698,1.463410,-0.000000][0.720872,-0.693068,0.000000][0.995517,0.885333,0][0.315838,1.463410,-0.182350][0.624302,-0.693062,-0.360433][0.995517,0.916615,0][-0.647746,-0.053482,1.121929][-0.387012,0.673800,0.629456][0.516881,0.760108,0][0.000000,-0.031914,1.304029][0.017915,0.692114,0.721565][0.526888,0.770850,0][0.000000,-0.070705,0.964424][0.002319,0.999665,-0.025758][0.520373,0.774668,0][0.589073,-1.145172,1.020303][0.356346,-0.701461,0.617227][0.576800,0.786005,0][1.020304,-1.145172,0.589072][0.617246,-0.701448,0.356340][0.566494,0.824047,0][1.124813,-0.923693,0.649411][0.842402,-0.231400,0.486635][0.553810,0.816417,0][-0.647746,-0.053482,1.121929][-0.387012,0.673800,0.629456][0.516881,0.760108,0][-0.649411,-0.923693,1.124813][-0.488131,-0.233567,0.840937][0.531802,0.733195,0][0.000001,-0.923693,1.298822][0.003296,-0.234541,0.972101][0.554483,0.755161,0][1.124813,-0.923693,0.649411][0.842402,-0.231400,0.486635][0.553810,0.816417,0][1.298823,-0.923693,-0.000000][0.974396,-0.224837,0.000000][0.530792,0.838077,0][1.276257,-0.070076,-0.000000][0.789717,0.613438,0.006440][0.515926,0.811396,0][-0.649412,-0.923693,-1.124813][-0.486505,-0.237957,-0.840648][0.441113,0.784647,0][-1.124813,-0.923693,-0.649411][-0.841812,-0.234815,-0.486019][0.450057,0.754990,0][-1.120648,-0.074753,-0.646746][-0.670968,0.626990,-0.395836][0.475639,0.770116,0][0.649411,-0.923693,-1.124814][0.484825,-0.239879,-0.841073][0.470330,0.837198,0][0.000000,-0.923693,-1.298823][0.000000,-0.238261,-0.971201][0.449238,0.814556,0][0.000000,-0.073353,-1.299899][0.003937,0.629024,-0.777376][0.475212,0.800338,0][-1.109899,-0.065464,0.640801][-0.642976,0.653628,0.399190][0.501804,0.755490,0][-1.124813,-0.923693,0.649411][-0.843235,-0.227915,0.486836][0.501774,0.725534,0][-0.649411,-0.923693,1.124813][-0.488131,-0.233567,0.840937][0.531802,0.733195,0][0.637649,-0.070904,1.104438][0.371359,0.650855,0.662178][0.531159,0.785550,0][0.649412,-0.923693,1.124813][0.487261,-0.224282,0.843964][0.561797,0.785829,0][1.124813,-0.923693,0.649411][0.842402,-0.231400,0.486635][0.553810,0.816417,0][0.000000,-0.073353,-1.299899][0.003937,0.629024,-0.777376][0.475212,0.800338,0][0.000000,-0.923693,-1.298823][0.000000,-0.238261,-0.971201][0.449238,0.814556,0][-0.649412,-0.923693,-1.124813][-0.486505,-0.237957,-0.840648][0.441113,0.784647,0][1.124813,-0.923693,-0.649411][0.843010,-0.239761,-0.481506][0.500310,0.846392,0][0.649411,-0.923693,-1.124814][0.484825,-0.239879,-0.841073][0.470330,0.837198,0][0.651998,-0.046146,-1.129294][0.355272,0.654907,-0.666992][0.486764,0.811294,0][-1.298822,-0.923693,0.000000][-0.971927,-0.235275,0.001984][0.471751,0.732849,0][-1.124813,-0.923693,0.649411][-0.843235,-0.227915,0.486836][0.501774,0.725534,0][-1.109899,-0.065464,0.640801][-0.642976,0.653628,0.399190][0.501804,0.755490,0][0.000001,-0.923693,1.298822][0.003296,-0.234541,0.972101][0.554483,0.755161,0][0.649412,-0.923693,1.124813][0.487261,-0.224282,0.843964][0.561797,0.785829,0][0.637649,-0.070904,1.104438][0.371359,0.650855,0.662178][0.531159,0.785550,0][1.276257,-0.070076,-0.000000][0.789717,0.613438,0.006440][0.515926,0.811396,0][1.298823,-0.923693,-0.000000][0.974396,-0.224837,0.000000][0.530792,0.838077,0][1.124813,-0.923693,-0.649411][0.843010,-0.239761,-0.481506][0.500310,0.846392,0][-1.120648,-0.074753,-0.646746][-0.670968,0.626990,-0.395836][0.475639,0.770116,0][-1.124813,-0.923693,-0.649411][-0.841812,-0.234815,-0.486019][0.450057,0.754990,0][-1.298822,-0.923693,0.000000][-0.971927,-0.235275,0.001984][0.471751,0.732849,0][0.437608,-1.289368,0.757958][0.127297,-0.967044,0.220504][0.612362,0.784032,0][0.757959,-1.289368,0.437607][0.220504,-0.967044,0.127297][0.598139,0.840263,0][1.020304,-1.145172,0.589072][0.617246,-0.701448,0.356340][0.566494,0.824047,0][0.000000,-0.923693,-1.298823][0.000000,-0.238261,-0.971201][0.449238,0.814556,0][0.000000,-1.145172,-1.178146][0.000000,-0.701454,-0.712715][0.436325,0.821636,0][-0.589073,-1.145172,-1.020304][-0.356346,-0.701461,-0.617227][0.426662,0.784337,0][1.020304,-1.145172,-0.589073][0.617246,-0.701448,-0.356340][0.500013,0.861075,0][0.589073,-1.145172,-1.020304][0.356340,-0.701448,-0.617246][0.462655,0.849712,0][0.649411,-0.923693,-1.124814][0.484825,-0.239879,-0.841073][0.470330,0.837198,0][-1.178145,-1.145172,0.000000][-0.712715,-0.701454,0.000000][0.464666,0.720240,0][-1.020303,-1.145172,0.589073][-0.617227,-0.701461,0.356346][0.501898,0.710837,0][-1.124813,-0.923693,0.649411][-0.843235,-0.227915,0.486836][0.501774,0.725534,0][0.000001,-1.145172,1.178145][0.000000,-0.701454,0.712715][0.567306,0.747927,0][0.589073,-1.145172,1.020303][0.356346,-0.701461,0.617227][0.576800,0.786005,0][0.649412,-0.923693,1.124813][0.487261,-0.224282,0.843964][0.561797,0.785829,0][1.178146,-1.145172,-0.000000][0.712715,-0.701454,0.000000][0.538087,0.851187,0][1.020304,-1.145172,-0.589073][0.617246,-0.701448,-0.356340][0.500013,0.861075,0][1.124813,-0.923693,-0.649411][0.843010,-0.239761,-0.481506][0.500310,0.846392,0][-1.020304,-1.145172,-0.589072][-0.617246,-0.701448,-0.356340][0.437444,0.747484,0][-1.178145,-1.145172,0.000000][-0.712715,-0.701454,0.000000][0.464666,0.720240,0][-1.298822,-0.923693,0.000000][-0.971927,-0.235275,0.001984][0.471751,0.732849,0][-0.649411,-0.923693,1.124813][-0.488131,-0.233567,0.840937][0.531802,0.733195,0][-0.589072,-1.145172,1.020303][-0.356340,-0.701448,0.617246][0.539253,0.720461,0][0.000001,-1.145172,1.178145][0.000000,-0.701454,0.712715][0.567306,0.747927,0][1.124813,-0.923693,0.649411][0.842402,-0.231400,0.486635][0.553810,0.816417,0][1.020304,-1.145172,0.589072][0.617246,-0.701448,0.356340][0.566494,0.824047,0][1.178146,-1.145172,-0.000000][0.712715,-0.701454,0.000000][0.538087,0.851187,0][-0.589073,-1.145172,-1.020304][-0.356346,-0.701461,-0.617227][0.426662,0.784337,0][-1.020304,-1.145172,-0.589072][-0.617246,-0.701448,-0.356340][0.437444,0.747484,0][-1.124813,-0.923693,-0.649411][-0.841812,-0.234815,-0.486019][0.450057,0.754990,0][0.589073,-1.145172,-1.020304][0.356340,-0.701448,-0.617246][0.462655,0.849712,0][0.000000,-1.145172,-1.178146][0.000000,-0.701454,-0.712715][0.436325,0.821636,0][0.000000,-0.923693,-1.298823][0.000000,-0.238261,-0.971201][0.449238,0.814556,0][-1.020303,-1.145172,0.589073][-0.617227,-0.701461,0.356346][0.501898,0.710837,0][-0.589072,-1.145172,1.020303][-0.356340,-0.701448,0.617246][0.539253,0.720461,0][-0.649411,-0.923693,1.124813][-0.488131,-0.233567,0.840937][0.531802,0.733195,0][0.000000,-1.289368,-0.875216][0.000000,-0.967040,-0.254624][0.406895,0.840234,0][-0.437608,-1.289368,-0.757959][-0.127297,-0.967044,-0.220504][0.392150,0.785914,0][-0.589073,-1.145172,-1.020304][-0.356346,-0.701461,-0.617227][0.426662,0.784337,0][1.020304,-1.145172,-0.589073][0.617246,-0.701448,-0.356340][0.500013,0.861075,0][0.757959,-1.289368,-0.437608][0.220504,-0.967044,-0.127297][0.501415,0.896436,0][0.437608,-1.289368,-0.757959][0.127297,-0.967044,-0.220504][0.446149,0.880755,0][-0.875215,-1.289368,0.000000][-0.254624,-0.967040,0.000000][0.445695,0.691354,0][-0.757958,-1.289368,0.437608][-0.220504,-0.967044,0.127297][0.499680,0.676139,0][-1.020303,-1.145172,0.589073][-0.617227,-0.701461,0.356346][0.501898,0.710837,0][0.000001,-1.145172,1.178145][0.000000,-0.701454,0.712715][0.567306,0.747927,0][0.000000,-1.289368,0.875215][0.000000,-0.967040,0.254624][0.596735,0.728410,0][0.437608,-1.289368,0.757958][0.127297,-0.967044,0.220504][0.612362,0.784032,0][1.178146,-1.145172,-0.000000][0.712715,-0.701454,0.000000][0.538087,0.851187,0][0.875216,-1.289368,-0.000000][0.254624,-0.967040,0.000000][0.557297,0.881177,0][0.757959,-1.289368,-0.437608][0.220504,-0.967044,-0.127297][0.501415,0.896436,0][-0.757959,-1.289368,-0.437607][-0.220504,-0.967044,-0.127297][0.406602,0.731758,0][-0.875215,-1.289368,0.000000][-0.254624,-0.967040,0.000000][0.445695,0.691354,0][-1.178145,-1.145172,0.000000][-0.712715,-0.701454,0.000000][0.464666,0.720240,0][-0.437607,-1.289368,0.757958][-0.127297,-0.967044,0.220504][0.554656,0.689072,0][0.000000,-1.289368,0.875215][0.000000,-0.967040,0.254624][0.596735,0.728410,0][0.000001,-1.145172,1.178145][0.000000,-0.701454,0.712715][0.567306,0.747927,0][0.757959,-1.289368,0.437607][0.220504,-0.967044,0.127297][0.598139,0.840263,0][0.875216,-1.289368,-0.000000][0.254624,-0.967040,0.000000][0.557297,0.881177,0][1.178146,-1.145172,-0.000000][0.712715,-0.701454,0.000000][0.538087,0.851187,0][-0.437608,-1.289368,-0.757959][-0.127297,-0.967044,-0.220504][0.392150,0.785914,0][-0.757959,-1.289368,-0.437607][-0.220504,-0.967044,-0.127297][0.406602,0.731758,0][-1.020304,-1.145172,-0.589072][-0.617246,-0.701448,-0.356340][0.437444,0.747484,0][0.437608,-1.289368,-0.757959][0.127297,-0.967044,-0.220504][0.446149,0.880755,0][0.000000,-1.289368,-0.875216][0.000000,-0.967040,-0.254624][0.406895,0.840234,0][0.000000,-1.145172,-1.178146][0.000000,-0.701454,-0.712715][0.436325,0.821636,0][-0.757958,-1.289368,0.437608][-0.220504,-0.967044,0.127297][0.499680,0.676139,0][-0.437607,-1.289368,0.757958][-0.127297,-0.967044,0.220504][0.554656,0.689072,0][-0.589072,-1.145172,1.020303][-0.356340,-0.701448,0.617246][0.539253,0.720461,0][0.482213,-0.049585,-0.835217][-0.043520,0.998855,0.019868][0.490410,0.804338,0][0.000000,-0.056797,-0.964425][0.015443,0.999460,-0.029023][0.482229,0.796346,0][0.000000,-0.056603,-0.673893][0.009614,0.999935,-0.006195][0.488082,0.793015,0][1.276257,-0.070076,-0.000000][0.789717,0.613438,0.006440][0.515926,0.811396,0][0.964425,-0.019806,-0.000000][0.024019,0.999686,-0.007141][0.512266,0.804672,0][0.835217,-0.022400,0.482212][0.018647,0.999603,0.021119][0.520338,0.796603,0][-1.120648,-0.074753,-0.646746][-0.670968,0.626990,-0.395836][0.475639,0.770116,0][-0.835217,-0.063591,-0.482212][-0.036562,0.998186,-0.047823][0.482453,0.774150,0][-0.482213,-0.034679,-0.835217][0.002869,0.999995,0.001526][0.479550,0.785227,0][0.000000,-0.073353,-1.299899][0.003937,0.629024,-0.777376][0.475212,0.800338,0][0.000000,-0.056797,-0.964425][0.015443,0.999460,-0.029023][0.482229,0.796346,0][0.482213,-0.049585,-0.835217][-0.043520,0.998855,0.019868][0.490410,0.804338,0][-1.109899,-0.065464,0.640801][-0.642976,0.653628,0.399190][0.501804,0.755490,0][-0.647746,-0.053482,1.121929][-0.387012,0.673800,0.629456][0.516881,0.760108,0][-0.482212,-0.074940,0.835216][-0.012086,0.999657,0.023256][0.512742,0.766435,0][0.637649,-0.070904,1.104438][0.371359,0.650855,0.662178][0.531159,0.785550,0][1.131428,-0.065275,0.647632][0.690738,0.604583,0.396687][0.526932,0.800614,0][0.835217,-0.022400,0.482212][0.018647,0.999603,0.021119][0.520338,0.796603,0][0.000000,-0.073353,-1.299899][0.003937,0.629024,-0.777376][0.475212,0.800338,0][-0.651344,-0.047276,-1.128160][-0.384389,0.647372,-0.658145][0.471915,0.785155,0][-0.482213,-0.034679,-0.835217][0.002869,0.999995,0.001526][0.479550,0.785227,0][0.651998,-0.046146,-1.129294][0.355272,0.654907,-0.666992][0.486764,0.811294,0][0.482213,-0.049585,-0.835217][-0.043520,0.998855,0.019868][0.490410,0.804338,0][0.835217,-0.033384,-0.482213][-0.018403,0.999821,0.004456][0.501227,0.807120,0][-1.109899,-0.065464,0.640801][-0.642976,0.653628,0.399190][0.501804,0.755490,0][-0.835216,-0.069145,0.482212][-0.020295,0.996003,0.086981][0.501753,0.763126,0][-0.964425,-0.012179,0.000000][0.005310,0.999968,-0.005951][0.490765,0.766256,0][0.637649,-0.070904,1.104438][0.371359,0.650855,0.662178][0.531159,0.785550,0][0.482213,-0.067078,0.835216][-0.021546,0.997273,0.070591][0.523574,0.785561,0][0.000000,-0.070705,0.964424][0.002319,0.999665,-0.025758][0.520373,0.774668,0][1.276257,-0.070076,-0.000000][0.789717,0.613438,0.006440][0.515926,0.811396,0][1.142969,-0.032522,-0.659893][0.672561,0.646436,-0.360254][0.501068,0.814884,0][0.835217,-0.033384,-0.482213][-0.018403,0.999821,0.004456][0.501227,0.807120,0][-1.120648,-0.074753,-0.646746][-0.670968,0.626990,-0.395836][0.475639,0.770116,0][-1.303764,-0.046345,0.000000][-0.782568,0.622557,0.003266][0.486971,0.759635,0][-0.964425,-0.012179,0.000000][0.005310,0.999968,-0.005951][0.490765,0.766256,0][-0.336947,-0.065207,-0.583609][0.066227,0.997008,0.039858][0.486112,0.785279,0][-0.583608,-0.038471,-0.336946][-0.007721,0.999966,0.002930][0.488251,0.777630,0][-0.385184,-0.027948,-0.222386][-0.014985,0.999800,0.013245][0.492697,0.780283,0][-0.835216,-0.069145,0.482212][-0.020295,0.996003,0.086981][0.501753,0.763126,0][-0.482212,-0.074940,0.835216][-0.012086,0.999657,0.023256][0.512742,0.766435,0][-0.336946,-0.026970,0.583608][-0.003998,0.999403,0.034303][0.509200,0.772174,0][0.835217,-0.022400,0.482212][0.018647,0.999603,0.021119][0.520338,0.796603,0][0.583608,-0.061912,0.336946][-0.078648,0.989885,-0.118078][0.514665,0.793198,0][0.336947,-0.033134,0.583608][-0.019013,0.999575,0.022095][0.516788,0.785520,0][-0.482213,-0.034679,-0.835217][0.002869,0.999995,0.001526][0.479550,0.785227,0][-0.336947,-0.065207,-0.583609][0.066227,0.997008,0.039858][0.486112,0.785279,0][0.000000,-0.056603,-0.673893][0.009614,0.999935,-0.006195][0.488082,0.793015,0][0.482213,-0.049585,-0.835217][-0.043520,0.998855,0.019868][0.490410,0.804338,0][0.336947,-0.089993,-0.583609][-0.003510,0.999987,-0.003845][0.493693,0.798628,0][0.583608,-0.053163,-0.336947][-0.031037,0.999517,-0.001587][0.501298,0.800665,0][-0.964425,-0.012179,0.000000][0.005310,0.999968,-0.005951][0.490765,0.766256,0][-0.835216,-0.069145,0.482212][-0.020295,0.996003,0.086981][0.501753,0.763126,0][-0.583608,-0.020739,0.336946][0.048251,0.998140,-0.037264][0.501581,0.769886,0][0.482213,-0.067078,0.835216][-0.021546,0.997273,0.070591][0.523574,0.785561,0][0.336947,-0.033134,0.583608][-0.019013,0.999575,0.022095][0.516788,0.785520,0][0.000000,-0.051758,0.673892][0.016511,0.994778,0.100714][0.514745,0.777866,0][0.964425,-0.019806,-0.000000][0.024019,0.999686,-0.007141][0.512266,0.804672,0][0.835217,-0.033384,-0.482213][-0.018403,0.999821,0.004456][0.501227,0.807120,0][0.583608,-0.053163,-0.336947][-0.031037,0.999517,-0.001587][0.501298,0.800665,0][-0.964425,-0.012179,0.000000][0.005310,0.999968,-0.005951][0.490765,0.766256,0][-0.673892,-0.081581,-0.000000][0.139043,0.990268,-0.005951][0.493914,0.772105,0][-0.583608,-0.038471,-0.336946][-0.007721,0.999966,0.002930][0.488251,0.777630,0][-0.482212,-0.074940,0.835216][-0.012086,0.999657,0.023256][0.512742,0.766435,0][0.000000,-0.070705,0.964424][0.002319,0.999665,-0.025758][0.520373,0.774668,0][0.000000,-0.051758,0.673892][0.016511,0.994778,0.100714][0.514745,0.777866,0][0.964425,-0.019806,-0.000000][0.024019,0.999686,-0.007141][0.512266,0.804672,0][0.673893,-0.082031,-0.000000][-0.088413,0.995614,0.030580][0.508958,0.798691,0][0.583608,-0.061912,0.336946][-0.078648,0.989885,-0.118078][0.514665,0.793198,0][-0.482213,-0.034679,-0.835217][0.002869,0.999995,0.001526][0.479550,0.785227,0][-0.835217,-0.063591,-0.482212][-0.036562,0.998186,-0.047823][0.482453,0.774150,0][-0.583608,-0.038471,-0.336946][-0.007721,0.999966,0.002930][0.488251,0.777630,0][0.000000,-0.056603,-0.673893][0.009614,0.999935,-0.006195][0.488082,0.793015,0][0.000000,-0.028572,-0.444773][-0.069674,0.994999,-0.071566][0.492685,0.790432,0][0.222386,-0.044426,-0.385185][0.061770,0.993049,-0.100193][0.496316,0.794125,0][-0.336946,-0.026970,0.583608][-0.003998,0.999403,0.034303][0.509200,0.772174,0][-0.222386,-0.082165,0.385184][-0.081303,0.986349,-0.143196][0.506353,0.776673,0][-0.385184,-0.083736,0.222386][0.044162,0.997678,-0.051852][0.501437,0.775243,0][0.583608,-0.061912,0.336946][-0.078648,0.989885,-0.118078][0.514665,0.793198,0][0.385185,-0.088203,0.222386][0.048282,0.998288,-0.033022][0.510141,0.790588,0][0.222387,-0.050018,0.385184][0.079411,0.995600,-0.049746][0.511564,0.785495,0][0.000000,-0.056603,-0.673893][0.009614,0.999935,-0.006195][0.488082,0.793015,0][-0.336947,-0.065207,-0.583609][0.066227,0.997008,0.039858][0.486112,0.785279,0][-0.222386,-0.076622,-0.385185][0.015046,0.997971,-0.061862][0.491275,0.785370,0][0.583608,-0.053163,-0.336947][-0.031037,0.999517,-0.001587][0.501298,0.800665,0][0.336947,-0.089993,-0.583609][-0.003510,0.999987,-0.003845][0.493693,0.798628,0][0.222386,-0.044426,-0.385185][0.061770,0.993049,-0.100193][0.496316,0.794125,0][-0.673892,-0.081581,-0.000000][0.139043,0.990268,-0.005951][0.493914,0.772105,0][-0.583608,-0.020739,0.336946][0.048251,0.998140,-0.037264][0.501581,0.769886,0][-0.385184,-0.083736,0.222386][0.044162,0.997678,-0.051852][0.501437,0.775243,0][0.000000,-0.051758,0.673892][0.016511,0.994778,0.100714][0.514745,0.777866,0][0.336947,-0.033134,0.583608][-0.019013,0.999575,0.022095][0.516788,0.785520,0][0.222387,-0.050018,0.385184][0.079411,0.995600,-0.049746][0.511564,0.785495,0][0.583608,-0.053163,-0.336947][-0.031037,0.999517,-0.001587][0.501298,0.800665,0][0.385185,-0.033279,-0.222387][0.055544,0.998328,-0.016022][0.501320,0.795477,0][0.444773,-0.050663,-0.000000][0.099127,0.987482,0.122688][0.506342,0.794190,0][-0.583608,-0.038471,-0.336946][-0.007721,0.999966,0.002930][0.488251,0.777630,0][-0.673892,-0.081581,-0.000000][0.139043,0.990268,-0.005951][0.493914,0.772105,0][-0.444772,-0.071095,-0.000000][-0.077061,0.991055,0.108954][0.496434,0.776569,0][-0.336946,-0.026970,0.583608][-0.003998,0.999403,0.034303][0.509200,0.772174,0][0.000000,-0.051758,0.673892][0.016511,0.994778,0.100714][0.514745,0.777866,0][0.000000,-0.016521,0.444772][0.012360,0.999653,0.023256][0.510180,0.780395,0][0.673893,-0.082031,-0.000000][-0.088413,0.995614,0.030580][0.508958,0.798691,0][0.444773,-0.050663,-0.000000][0.099127,0.987482,0.122688][0.506342,0.794190,0][0.385185,-0.088203,0.222386][0.048282,0.998288,-0.033022][0.510141,0.790588,0]